transaction_id,transactional_date,product_id,customer_id,payment,credit_card,loyalty_card,cost,quantity,price,total_amount,total_cost,net_profit
1,2021-05-04 02:00:00,P0494,4,Visa,4041593010498829,F,17.33,2,18.29,36.58,34.66,1.9200000000000017
2,2021-05-04 03:04:00,P0221,5,Visa,4041596151234556,F,0.59,1,1.49,1.49,0.59,0.9
3,2021-05-04 03:56:00,P0625,5,Visa,4041594885335898,F,5.15,3,5.89,17.669999999999998,15.450000000000001,2.219999999999997
4,2021-05-04 05:20:00,P0431,8,Mastercard,5108753677552345,F,10.67,2,11.59,23.18,21.34,1.8399999999999999
5,2021-05-04 05:45:00,P0058,5,Mastercard,5108752372298261,T,11.38,2,12.39,24.78,22.76,2.0199999999999996
6,2021-05-04 06:58:00,P0385,6,Americanexpress,374288563442549,F,13.22,1,14.69,14.69,13.22,1.4699999999999989
7,2021-05-04 07:03:00,P0575,4,Visa,4041598869758,F,2.81,1,3.99,3.99,2.81,1.1800000000000002
8,2021-05-04 07:45:00,P0187,5,Americanexpress,374283491107967,F,4.17,1,4.89,4.89,4.17,0.7199999999999998
9,2021-05-04 09:58:00,P0074,7,Mastercard,5108753211196286,F,18.11,1,19.79,19.79,18.11,1.6799999999999997
10,2021-05-04 15:51:00,P0456,5,Mastercard,5048370523083285,T,18.35,2,20.19,40.38,36.7,3.6799999999999997
11,2021-05-04 16:13:00,P0519,5,Mastercard,5048379752512880,F,12.45,3,14.09,42.269999999999996,37.349999999999994,4.920000000000002
12,2021-05-04 17:07:00,P0071,12,Visa,4041594984149257,F,13.09,5,14.69,73.45,65.45,8.0
13,2021-05-04 19:57:00,P0550,5,Americanexpress,374288299677079,F,15.35,1,17.09,17.09,15.35,1.7400000000000002
14,2021-05-04 23:06:00,P0507,4,Mastercard,5048376045855902,F,8.17,3,8.89,26.67,24.509999999999998,2.1600000000000037
15,2021-05-05 05:22:00,P0684,6,Visa,4041595178401834,F,6.15,1,7.49,7.49,6.15,1.3399999999999999
16,2021-05-05 05:58:00,P0321,7,Americanexpress,374288461042953,T,17.35,2,18.29,36.58,34.7,1.8799999999999955
17,2021-05-05 07:40:00,P0450,9,Visa,4041590043782,F,3.76,2,4.79,9.58,7.52,2.0600000000000005
18,2021-05-05 07:58:00,P0457,10,Americanexpress,374283070152186,F,2.02,1,2.59,2.59,2.02,0.5699999999999998
19,2021-05-05 09:57:00,P0389,5,Mastercard,5048376876298974,F,5.95,1,7.19,7.19,5.95,1.2400000000000002
20,2021-05-05 10:11:00,P0152,7,Americanexpress,374288062180277,F,16.33,1,17.99,17.99,16.33,1.6600000000000001
21,2021-05-05 14:01:00,P0282,7,Visa,4041594051333727,F,10.86,1,11.59,11.59,10.86,0.7300000000000004
22,2021-05-05 14:31:00,P0480,5,Visa,4041599842820,F,12.02,2,13.49,26.98,24.04,2.9400000000000013
23,2021-05-05 15:00:00,P0634,6,Mastercard,5108752673600884,F,16.47,1,18.09,18.09,16.47,1.620000000000001
24,2021-05-05 19:15:00,P0347,6,Visa,4041598170819,F,5.37,1,6.29,6.29,5.37,0.9199999999999999
25,2021-05-05 19:37:00,P0161,6,Visa,4041596038533642,F,19.42,1,21.29,21.29,19.42,1.8699999999999974
26,2021-05-05 19:58:00,P0455,6,Mastercard,5108757235239089,F,1.63,2,1.79,3.58,3.26,0.3200000000000003
27,2021-05-05 20:09:00,P0622,5,Visa,4041596972700199,F,13.87,1,14.89,14.89,13.87,1.0200000000000014
28,2021-05-06 05:08:00,P0190,3,Mastercard,5048374002788455,F,18.93,2,20.89,41.78,37.86,3.9200000000000017
29,2021-05-06 05:16:00,P0432,7,Mastercard,5108756241400339,F,17.36,1,18.39,18.39,17.36,1.0300000000000011
30,2021-05-06 05:58:00,P0524,4,Americanexpress,374283854417458,T,10.66,2,11.59,23.18,21.32,1.8599999999999994
31,2021-05-06 14:58:00,P0042,5,Visa,4041599935977144,T,19.59,1,21.39,21.39,19.59,1.8000000000000007
32,2021-05-06 16:16:00,P0474,4,Visa,4041594587730164,F,15.66,2,17.49,34.98,31.32,3.6599999999999966
33,2021-05-06 16:43:00,P0500,4,Mastercard,5048371164242156,F,7.53,1,8.29,8.29,7.53,0.7599999999999989
34,2021-05-06 18:41:00,P0517,4,Mastercard,5048377748169427,F,5.11,1,5.79,5.79,5.11,0.6799999999999997
35,2021-05-07 02:32:00,P0413,7,Unknown,6334501394605296134,F,7.35,2,8.19,16.38,14.7,1.6799999999999997
36,2021-05-07 02:59:00,P0497,6,Mastercard,5108759436996020,F,19.75,1,21.39,21.39,19.75,1.6400000000000006
37,2021-05-07 04:36:00,P0560,4,Visa,4041590202339,F,1.4,2,1.69,3.38,2.8,0.5800000000000001
38,2021-05-07 09:44:00,P0249,5,Mastercard,5048373408030116,F,4.12,3,4.89,14.669999999999998,12.36,2.3099999999999987
39,2021-05-07 13:51:00,P0599,2,Visa,4041596275107,T,13.54,2,14.79,29.58,27.08,2.5
40,2021-05-07 14:50:00,P0396,9,Mastercard,5108754745678799,F,4.18,1,4.89,4.89,4.18,0.71
41,2021-05-07 21:36:00,P0337,6,Mastercard,5108751127851572,F,19.24,6,21.19,127.14000000000001,115.44,11.700000000000017
42,2021-05-07 22:59:00,P0445,4,Americanexpress,374283543850705,F,0.15,1,1.19,1.19,0.15,1.04
43,2021-05-08 00:23:00,P0097,6,Americanexpress,374288165189936,F,9.91,7,11.29,79.03,69.37,9.659999999999997
44,2021-05-08 01:20:00,P0384,4,Mastercard,5108750131849994,F,4.83,3,5.19,15.57,14.49,1.08
45,2021-05-08 01:48:00,P0431,4,Americanexpress,374283964832018,F,10.67,4,11.59,46.36,42.68,3.6799999999999997
46,2021-05-08 03:04:00,P0170,10,Americanexpress,374288240835982,F,8.13,4,8.89,35.56,32.52,3.039999999999999
47,2021-05-08 11:56:00,P0451,6,Mastercard,5048379772765294,F,2.41,2,3.29,6.58,4.82,1.7599999999999998
48,2021-05-08 13:06:00,P0694,7,Americanexpress,374283513164061,F,0.23,3,1.29,3.87,0.6900000000000001,3.18
49,2021-05-08 13:43:00,P0661,3,Visa,4041593023791707,F,8.21,4,8.99,35.96,32.84,3.1199999999999974
50,2021-05-08 14:01:00,P0541,13,Americanexpress,374288359993838,F,2.8,5,3.89,19.45,14.0,5.449999999999999
51,2021-05-08 14:58:00,P0736,4,Visa,4041593367493,F,2.87,1,3.99,3.99,2.87,1.12
52,2021-05-08 16:42:00,P0346,6,Mastercard,5108750415993088,F,12.21,2,13.79,27.58,24.42,3.1599999999999966
53,2021-05-08 17:09:00,P0335,4,Mastercard,5048379720157370,F,17.17,1,18.19,18.19,17.17,1.0199999999999996
54,2021-05-08 17:35:00,P0322,5,Americanexpress,374288132485151,T,13.65,2,14.89,29.78,27.3,2.4800000000000004
55,2021-05-08 21:40:00,P0484,4,Mastercard,5108754483790335,F,10.9,1,11.59,11.59,10.9,0.6899999999999995
56,2021-05-08 22:40:00,P0035,6,Visa,4041598082914470,F,11.76,3,13.09,39.269999999999996,35.28,3.989999999999995
57,2021-05-08 23:32:00,P0268,7,Americanexpress,374288707197975,T,11.93,1,13.39,13.39,11.93,1.4600000000000009
58,2021-05-09 01:25:00,P0741,5,Americanexpress,374283963067350,F,8.06,2,8.69,17.38,16.12,1.259999999999998
59,2021-05-09 01:54:00,P0454,5,Visa,4041592983986489,F,5.79,2,6.99,13.98,11.58,2.4000000000000004
60,2021-05-09 03:19:00,P0474,5,Visa,4041599964251,F,15.66,3,17.49,52.47,46.980000000000004,5.489999999999995
61,2021-05-09 06:30:00,P0582,6,Visa,4041593477620477,F,5.55,4,6.59,26.36,22.2,4.16
62,2021-05-09 06:58:00,P0096,6,Mastercard,5048371366204103,F,15.64,2,17.49,34.98,31.28,3.6999999999999957
63,2021-05-09 10:13:00,P0580,8,Americanexpress,374283780229209,F,3.39,5,4.59,22.95,16.95,6.0
64,2021-05-09 11:56:00,P0455,7,Americanexpress,374288168586070,F,1.63,1,1.79,1.79,1.63,0.16000000000000014
65,2021-05-09 15:47:00,P0531,6,Americanexpress,374288491063268,F,3.2,2,4.39,8.78,6.4,2.379999999999999
66,2021-05-09 17:07:00,P0546,5,Americanexpress,374283593685175,F,3.2,2,4.39,8.78,6.4,2.379999999999999
67,2021-05-09 18:01:00,P0676,9,Mastercard,5048375321591959,F,4.72,3,4.99,14.97,14.16,0.8100000000000005
68,2021-05-09 18:28:00,P0511,6,Visa,4041599716520584,F,7.06,1,8.19,8.19,7.06,1.13
69,2021-05-09 23:49:00,P0468,5,Americanexpress,374288567196331,F,13.48,5,14.79,73.94999999999999,67.4,6.549999999999983
70,2021-05-10 01:14:00,P0100,5,Mastercard,5108756748746465,F,12.05,1,13.59,13.59,12.05,1.5399999999999991
71,2021-05-10 03:11:00,P0357,5,Mastercard,5108758275045121,F,3.34,1,4.49,4.49,3.34,1.1500000000000004
72,2021-05-10 03:32:00,P0225,5,Mastercard,5108757043026314,T,7.79,4,8.29,33.16,31.16,1.9999999999999964
73,2021-05-10 06:25:00,P0410,8,Mastercard,5108751003991963,F,2.95,5,4.09,20.45,14.75,5.699999999999999
74,2021-05-10 07:50:00,P0560,5,Visa,4041599799749,F,1.4,3,1.69,5.07,4.199999999999999,0.870000000000001
75,2021-05-10 08:28:00,P0353,5,Visa,4041590972519,T,15.1,3,16.69,50.07000000000001,45.3,4.77000000000001
76,2021-05-10 15:11:00,P0411,10,Mastercard,5048370011791670,F,13.46,1,14.79,14.79,13.46,1.3299999999999983
77,2021-05-10 15:59:00,P0485,6,Visa,4041597721372,F,19.85,2,21.39,42.78,39.7,3.0799999999999983
78,2021-05-10 19:28:00,P0622,4,Mastercard,5108751065239707,F,13.87,1,14.89,14.89,13.87,1.0200000000000014
79,2021-05-10 23:56:00,P0527,5,Americanexpress,374283920722238,F,16.63,3,18.09,54.269999999999996,49.89,4.3799999999999955
80,2021-05-11 00:48:00,P0482,10,Americanexpress,374283230369324,F,2.75,1,3.89,3.89,2.75,1.1400000000000001
81,2021-05-11 03:15:00,P0291,7,Americanexpress,374283225936665,F,14.13,1,14.89,14.89,14.13,0.7599999999999998
82,2021-05-11 04:09:00,P0697,3,Mastercard,5108757114786531,F,19.48,1,21.29,21.29,19.48,1.8099999999999987
83,2021-05-11 04:15:00,P0535,6,Visa,4041596926533704,F,12.16,1,13.69,13.69,12.16,1.5299999999999994
84,2021-05-11 04:35:00,P0021,6,Visa,4041596591619804,F,14.13,2,14.89,29.78,28.26,1.5199999999999996
85,2021-05-11 06:56:00,P0516,9,Mastercard,5108750142064690,F,6.12,3,7.49,22.47,18.36,4.109999999999999
86,2021-05-11 07:20:00,P0628,8,Mastercard,5048377950961156,T,16.23,1,17.99,17.99,16.23,1.759999999999998
87,2021-05-11 15:06:00,P0461,10,Mastercard,5048377512335493,T,15.83,3,17.69,53.07000000000001,47.49,5.580000000000005
88,2021-05-11 15:41:00,P0278,6,Americanexpress,374283664476645,F,13.24,2,14.69,29.38,26.48,2.8999999999999986
89,2021-05-11 17:38:00,P0628,5,Mastercard,5048372178297590,F,16.23,3,17.99,53.97,48.69,5.280000000000001
90,2021-05-11 18:34:00,P0460,6,Americanexpress,374288984376292,F,4.37,1,4.99,4.99,4.37,0.6200000000000001
91,2021-05-11 19:51:00,P0258,6,Mastercard,5048370342014719,F,16.65,1,18.09,18.09,16.65,1.4400000000000013
92,2021-05-12 01:01:00,P0748,5,Mastercard,5108754264951676,F,10.22,2,11.49,22.98,20.44,2.539999999999999
93,2021-05-12 03:15:00,P0214,5,Mastercard,5048373304757978,F,3.27,3,4.49,13.47,9.81,3.66
94,2021-05-12 03:19:00,P0471,6,Mastercard,5048378490862110,F,14.12,1,14.89,14.89,14.12,0.7700000000000014
95,2021-05-12 04:20:00,P0258,7,Visa,4041592754261,F,16.65,1,18.09,18.09,16.65,1.4400000000000013
96,2021-05-12 05:16:00,P0635,9,Unknown,3553657910290024,F,7.98,1,8.59,8.59,7.98,0.6099999999999994
97,2021-05-12 09:56:00,P0389,5,Americanexpress,374283634553945,T,5.95,1,7.19,7.19,5.95,1.2400000000000002
98,2021-05-12 10:12:00,P0291,4,Visa,4041597573081906,F,14.13,1,14.89,14.89,14.13,0.7599999999999998
99,2021-05-12 11:24:00,P0423,9,Americanexpress,374283552274334,F,14.04,1,14.89,14.89,14.04,0.8500000000000014
100,2021-05-12 11:36:00,P0340,5,Visa,4041597002081139,F,19.56,1,21.29,21.29,19.56,1.7300000000000004
101,2021-05-12 15:11:00,P0489,3,Americanexpress,374288002362589,T,8.46,3,9.49,28.47,25.380000000000003,3.0899999999999963
102,2021-05-12 18:32:00,P0545,8,Mastercard,5108757985493662,T,6.62,1,7.89,7.89,6.62,1.2699999999999996
103,2021-05-12 19:00:00,P0671,8,Mastercard,5108752028002448,F,19.14,1,21.09,21.09,19.14,1.9499999999999993
104,2021-05-12 21:50:00,P0512,7,Mastercard,5048377558214743,F,15.55,3,17.39,52.17,46.650000000000006,5.519999999999996
105,2021-05-12 23:43:00,P0032,5,Visa,4041598701409688,F,5.52,1,6.59,6.59,5.52,1.0700000000000003
106,2021-05-13 01:00:00,P0437,4,Visa,4041591377387,F,0.1,3,1.19,3.57,0.30000000000000004,3.2699999999999996
107,2021-05-13 03:26:00,P0429,9,Americanexpress,374283299852251,F,0.78,2,1.59,3.18,1.56,1.62
108,2021-05-13 07:08:00,P0505,8,Americanexpress,374283427528658,F,3.97,3,4.89,14.669999999999998,11.91,2.759999999999998
109,2021-05-13 07:17:00,P0423,8,Mastercard,5108754133243636,F,14.04,3,14.89,44.67,42.12,2.5500000000000043
110,2021-05-13 15:07:00,P0391,8,Visa,4041591729167271,F,1.6,4,1.79,7.16,6.4,0.7599999999999998
111,2021-05-13 18:01:00,P0430,6,Americanexpress,374283942751819,F,17.67,2,18.99,37.98,35.34,2.6399999999999935
112,2021-05-13 18:45:00,P0584,8,Mastercard,5048371336719511,T,12.95,1,14.59,14.59,12.95,1.6400000000000006
113,2021-05-14 02:52:00,P0131,5,Visa,4041597595442920,F,11.71,1,12.99,12.99,11.71,1.2799999999999994
114,2021-05-14 12:09:00,P0297,6,Mastercard,5048370123934028,F,17.82,1,19.29,19.29,17.82,1.4699999999999989
115,2021-05-14 17:24:00,P0294,6,Americanexpress,374288906868806,F,12.38,1,13.99,13.99,12.38,1.6099999999999994
116,2021-05-14 17:42:00,P0417,5,Mastercard,5108755026729276,F,16.73,2,18.09,36.18,33.46,2.719999999999999
117,2021-05-14 18:30:00,P0690,9,Mastercard,5108753300774142,F,11.93,4,13.39,53.56,47.72,5.840000000000003
118,2021-05-14 18:57:00,P0376,5,Visa,4041591291299,F,10.3,1,11.49,11.49,10.3,1.1899999999999995
119,2021-05-14 19:50:00,P0086,8,Mastercard,5108753483795062,F,1.77,2,2.09,4.18,3.54,0.6399999999999997
120,2021-05-14 22:03:00,P0364,4,Mastercard,5108757745263728,F,15.78,1,17.59,17.59,15.78,1.8100000000000005
121,2021-05-14 22:57:00,P0074,9,Visa,4041597122511668,F,18.11,2,19.79,39.58,36.22,3.3599999999999994
122,2021-05-15 01:03:00,P0305,6,Americanexpress,374283437595721,F,8.74,3,9.99,29.97,26.22,3.75
123,2021-05-15 01:31:00,P0497,8,Americanexpress,374288367344545,T,19.75,5,21.39,106.95,98.75,8.200000000000003
124,2021-05-15 04:17:00,P0527,5,Unknown,3580112966082427,F,16.63,1,18.09,18.09,16.63,1.4600000000000009
125,2021-05-15 11:50:00,P0205,8,Visa,4041590505962,F,16.68,1,18.09,18.09,16.68,1.4100000000000001
126,2021-05-15 12:00:00,P0423,6,Americanexpress,374288179872592,F,14.04,1,14.89,14.89,14.04,0.8500000000000014
127,2021-05-15 14:28:00,P0526,4,Visa,4041597104421,F,3.83,1,4.79,4.79,3.83,0.96
128,2021-05-15 14:41:00,P0368,3,Mastercard,5108758012745355,F,9.52,3,10.99,32.97,28.56,4.41
129,2021-05-15 18:09:00,P0592,12,Americanexpress,374288786300110,F,7.44,1,8.29,8.29,7.44,0.8499999999999988
130,2021-05-15 18:28:00,P0547,8,Visa,4041597987969712,F,20.0,2,21.49,42.98,40.0,2.979999999999997
131,2021-05-15 21:16:00,P0348,3,Mastercard,5048370226314672,F,6.83,1,8.09,8.09,6.83,1.2599999999999998
132,2021-05-15 22:08:00,P0368,6,Mastercard,5108759193067502,F,9.52,1,10.99,10.99,9.52,1.4700000000000006
133,2021-05-15 22:12:00,P0566,4,Americanexpress,374283432883510,F,1.77,1,2.09,2.09,1.77,0.31999999999999984
134,2021-05-15 23:44:00,P0329,6,Mastercard,5048373789263252,F,3.45,4,4.59,18.36,13.8,4.559999999999999
135,2021-05-16 00:40:00,P0328,7,Americanexpress,374288708285894,F,3.18,3,4.39,13.169999999999998,9.540000000000001,3.6299999999999972
136,2021-05-16 04:48:00,P0585,6,Visa,4041591390959386,F,3.81,3,4.79,14.370000000000001,11.43,2.9400000000000013
137,2021-05-16 06:27:00,P0746,3,Visa,4041590529418,F,6.57,1,7.89,7.89,6.57,1.3199999999999994
138,2021-05-16 09:28:00,P0399,6,Mastercard,5048370550999429,F,9.83,3,11.29,33.87,29.490000000000002,4.3799999999999955
139,2021-05-16 11:12:00,P0215,5,Mastercard,5108754366998161,F,0.81,1,1.59,1.59,0.81,0.78
140,2021-05-16 16:37:00,P0456,2,Americanexpress,374288879125242,F,18.35,1,20.19,20.19,18.35,1.8399999999999999
141,2021-05-16 18:32:00,P0372,7,Visa,4041595972249934,F,5.75,1,6.89,6.89,5.75,1.1399999999999997
142,2021-05-16 20:50:00,P0683,5,Americanexpress,374283251743746,T,11.0,1,11.59,11.59,11.0,0.5899999999999999
143,2021-05-16 20:58:00,P0190,9,Americanexpress,374283735062168,F,18.93,3,20.89,62.67,56.79,5.880000000000003
144,2021-05-16 22:24:00,P0509,6,Unknown,3584477636769109,F,11.66,6,12.89,77.34,69.96000000000001,7.3799999999999955
145,2021-05-16 23:13:00,P0484,6,Mastercard,5108754691716627,F,10.9,1,11.59,11.59,10.9,0.6899999999999995
146,2021-05-17 00:36:00,P0703,6,Americanexpress,374288490498556,F,17.42,1,18.49,18.49,17.42,1.0699999999999967
147,2021-05-17 02:22:00,P0493,5,Mastercard,5048373690845007,F,18.02,2,19.69,39.38,36.04,3.3400000000000034
148,2021-05-17 02:30:00,P0299,5,Visa,4041598330504,T,13.5,2,14.79,29.58,27.0,2.5799999999999983
149,2021-05-17 03:09:00,P0386,7,Visa,4041590695901275,F,19.79,1,21.39,21.39,19.79,1.6000000000000014
150,2021-05-17 03:32:00,P0111,8,Visa,4041598230811,T,11.74,1,13.09,13.09,11.74,1.3499999999999996
151,2021-05-17 05:01:00,P0720,8,Mastercard,5108757250320038,F,1.16,1,1.69,1.69,1.16,0.53
152,2021-05-17 05:53:00,P0575,7,Mastercard,5048375426189857,F,2.81,4,3.99,15.96,11.24,4.720000000000001
153,2021-05-17 06:21:00,P0175,9,Americanexpress,374283587670001,F,10.26,2,11.49,22.98,20.52,2.460000000000001
154,2021-05-17 08:14:00,P0160,8,Visa,4041596348193,F,18.16,1,19.89,19.89,18.16,1.7300000000000004
155,2021-05-17 09:11:00,P0549,5,Mastercard,5048374469877023,F,16.85,1,18.19,18.19,16.85,1.3399999999999999
156,2021-05-17 09:40:00,P0325,10,Americanexpress,374283938821378,F,5.35,1,6.29,6.29,5.35,0.9400000000000004
157,2021-05-17 10:38:00,P0683,8,Visa,4041592604409,F,11.0,1,11.59,11.59,11.0,0.5899999999999999
158,2021-05-17 16:45:00,P0475,4,Visa,4041593530181,F,8.08,1,8.79,8.79,8.08,0.7099999999999991
159,2021-05-17 18:02:00,P0397,3,Visa,4041591311236310,T,13.67,1,14.89,14.89,13.67,1.2200000000000006
160,2021-05-17 20:57:00,P0318,6,Visa,4041593642028,F,6.76,1,7.99,7.99,6.76,1.2300000000000004
161,2021-05-18 01:00:00,P0708,4,Mastercard,5108750916517097,F,17.79,5,19.19,95.95,88.94999999999999,7.000000000000014
162,2021-05-18 01:40:00,P0747,6,Americanexpress,374288697097185,F,14.79,1,16.19,16.19,14.79,1.4000000000000021
163,2021-05-18 03:34:00,P0187,2,Mastercard,5048370867534620,F,4.17,1,4.89,4.89,4.17,0.7199999999999998
164,2021-05-18 04:27:00,P0319,5,Visa,4041591635461,F,3.51,1,4.69,4.69,3.51,1.1800000000000006
165,2021-05-18 04:40:00,P0038,4,Mastercard,5108750865399265,F,4.71,2,4.99,9.98,9.42,0.5600000000000005
166,2021-05-18 06:04:00,P0056,5,Mastercard,5048377372987383,F,5.95,1,7.19,7.19,5.95,1.2400000000000002
167,2021-05-18 09:03:00,P0284,6,Mastercard,5108759519483284,F,1.03,1,1.59,1.59,1.03,0.56
168,2021-05-18 09:48:00,P0637,5,Mastercard,5048371011862420,F,15.32,2,17.09,34.18,30.64,3.539999999999999
169,2021-05-18 12:04:00,P0693,5,Unknown,372301380468902,F,15.07,1,16.69,16.69,15.07,1.620000000000001
170,2021-05-18 14:02:00,P0247,2,Visa,4041598690402,F,13.58,2,14.79,29.58,27.16,2.419999999999998
171,2021-05-18 19:07:00,P0351,6,Mastercard,5048376745152238,F,10.04,3,11.39,34.17,30.119999999999997,4.050000000000004
172,2021-05-18 21:42:00,P0156,7,Americanexpress,374288576914211,F,11.37,4,12.39,49.56,45.48,4.080000000000005
173,2021-05-19 00:14:00,P0474,7,Visa,4041591883038,F,15.66,3,17.49,52.47,46.980000000000004,5.489999999999995
174,2021-05-19 01:35:00,P0343,9,Americanexpress,374288628037987,F,3.66,4,4.79,19.16,14.64,4.52
175,2021-05-19 03:03:00,P0522,9,Americanexpress,374283935942185,F,4.9,3,5.39,16.169999999999998,14.700000000000001,1.469999999999997
176,2021-05-19 03:39:00,P0692,8,Americanexpress,374288055891443,F,11.98,1,13.49,13.49,11.98,1.5099999999999998
177,2021-05-19 04:44:00,P0402,7,Visa,4041594109415682,F,11.61,3,12.79,38.37,34.83,3.539999999999999
178,2021-05-19 06:06:00,P0258,8,Americanexpress,374283974630204,T,16.65,4,18.09,72.36,66.6,5.760000000000005
179,2021-05-19 07:10:00,P0442,5,Mastercard,5048370297382202,F,14.89,1,16.39,16.39,14.89,1.5
180,2021-05-19 13:13:00,P0364,6,Mastercard,5048370502629553,F,15.78,1,17.59,17.59,15.78,1.8100000000000005
181,2021-05-19 13:46:00,P0483,4,Visa,4041590069014762,T,17.52,2,18.69,37.38,35.04,2.3400000000000034
182,2021-05-19 14:18:00,P0590,4,Visa,4041596555693092,F,8.1,2,8.79,17.58,16.2,1.379999999999999
183,2021-05-19 16:12:00,P0010,7,Mastercard,5108758776552930,F,3.3,3,4.49,13.47,9.899999999999999,3.570000000000002
184,2021-05-19 17:46:00,P0314,7,Americanexpress,374288774756141,T,14.84,3,16.29,48.87,44.519999999999996,4.350000000000001
185,2021-05-19 17:59:00,P0664,4,Americanexpress,374288180304742,F,3.42,2,4.59,9.18,6.84,2.34
186,2021-05-19 19:38:00,P0600,2,Mastercard,5048378241940702,F,7.38,2,8.29,16.58,14.76,1.8199999999999985
187,2021-05-19 20:15:00,P0388,3,Visa,4041596179024781,F,17.9,2,19.39,38.78,35.8,2.980000000000004
188,2021-05-19 21:38:00,P0235,3,Visa,4041593066792752,F,11.99,2,13.49,26.98,23.98,3.0
189,2021-05-19 22:15:00,P0316,6,Visa,4041596928788,F,1.81,2,2.19,4.38,3.62,0.7599999999999998
190,2021-05-19 22:29:00,P0048,4,Mastercard,5048371000867802,F,17.85,4,19.29,77.16,71.4,5.759999999999991
191,2021-05-20 00:59:00,P0220,4,Mastercard,5048370037466703,F,16.0,1,17.79,17.79,16.0,1.7899999999999991
192,2021-05-20 03:18:00,P0204,4,Americanexpress,374283809130339,T,9.72,1,11.19,11.19,9.72,1.4699999999999989
193,2021-05-20 03:26:00,P0304,4,Americanexpress,374283646650093,F,9.19,2,10.69,21.38,18.38,3.0
194,2021-05-20 05:10:00,P0498,5,Visa,4041599545126,F,11.6,1,12.79,12.79,11.6,1.1899999999999995
195,2021-05-20 08:07:00,P0230,6,Americanexpress,374288951592772,F,4.3,1,4.99,4.99,4.3,0.6900000000000004
196,2021-05-20 09:05:00,P0355,6,Visa,4041594277949,F,6.54,1,7.89,7.89,6.54,1.3499999999999996
197,2021-05-20 09:47:00,P0641,6,Visa,4041597117258,F,13.58,6,14.79,88.74,81.48,7.259999999999991
198,2021-05-20 10:37:00,P0475,5,Americanexpress,374283601023922,F,8.08,5,8.79,43.949999999999996,40.4,3.549999999999997
199,2021-05-20 11:33:00,P0283,5,Visa,4041594078756769,F,1.68,1,1.89,1.89,1.68,0.20999999999999996
200,2021-05-20 13:25:00,P0201,6,Americanexpress,374283700926975,F,9.9,3,11.29,33.87,29.700000000000003,4.169999999999995
201,2021-05-20 13:42:00,P0066,4,Visa,4041599708856,F,9.89,2,11.29,22.58,19.78,2.799999999999997
202,2021-05-20 17:11:00,P0727,10,Visa,4041593038136,T,15.63,2,17.49,34.98,31.26,3.7199999999999953
203,2021-05-20 19:46:00,P0165,6,Americanexpress,374288242992310,F,0.94,1,1.59,1.59,0.94,0.6500000000000001
204,2021-05-20 20:01:00,P0319,6,Visa,4041592524847,F,3.51,5,4.69,23.450000000000003,17.549999999999997,5.900000000000006
205,2021-05-20 23:24:00,P0245,7,Mastercard,5108750321288060,F,4.19,3,4.89,14.669999999999998,12.57,2.099999999999998
206,2021-05-21 01:56:00,P0477,3,Americanexpress,374283004939252,F,2.19,5,2.89,14.450000000000001,10.95,3.5000000000000018
207,2021-05-21 03:56:00,P0371,4,Americanexpress,374283030377063,T,5.38,2,6.29,12.58,10.76,1.8200000000000003
208,2021-05-21 04:01:00,P0420,2,Americanexpress,374283999640170,F,18.06,1,19.69,19.69,18.06,1.6300000000000026
209,2021-05-21 05:29:00,P0655,4,Mastercard,5108759522255745,F,12.45,3,14.09,42.269999999999996,37.349999999999994,4.920000000000002
210,2021-05-21 06:42:00,P0213,6,Americanexpress,374288525756903,F,11.19,1,11.99,11.99,11.19,0.8000000000000007
211,2021-05-21 08:14:00,P0019,3,Visa,4041591895390343,F,8.58,1,9.69,9.69,8.58,1.1099999999999994
212,2021-05-21 12:43:00,P0251,3,Visa,4041599666501931,F,2.11,1,2.79,2.79,2.11,0.6800000000000002
213,2021-05-21 19:56:00,P0348,7,Visa,4041598294213,F,6.83,1,8.09,8.09,6.83,1.2599999999999998
214,2021-05-21 22:20:00,P0450,6,Mastercard,5048378874963815,F,3.76,3,4.79,14.370000000000001,11.28,3.0900000000000016
215,2021-05-22 02:28:00,P0370,5,Visa,4041593492644940,F,19.51,1,21.29,21.29,19.51,1.7799999999999976
216,2021-05-22 04:33:00,P0299,4,Unknown,3588932531862991,F,13.5,2,14.79,29.58,27.0,2.5799999999999983
217,2021-05-22 07:02:00,P0462,4,Mastercard,5048373794369169,F,14.63,1,15.89,15.89,14.63,1.2599999999999998
218,2021-05-22 13:04:00,P0448,5,Mastercard,5048372837039649,T,7.11,4,8.19,32.76,28.44,4.319999999999997
219,2021-05-22 13:12:00,P0381,9,Americanexpress,374283750213514,F,5.05,1,5.69,5.69,5.05,0.6400000000000006
220,2021-05-22 13:45:00,P0745,8,Visa,4041590619573,F,9.85,1,11.29,11.29,9.85,1.4399999999999995
221,2021-05-22 14:43:00,P0487,5,Mastercard,5108752040997559,F,11.44,4,12.49,49.96,45.76,4.200000000000003
222,2021-05-22 15:23:00,P0314,9,Americanexpress,374288407436137,F,14.84,2,16.29,32.58,29.68,2.8999999999999986
223,2021-05-22 16:40:00,P0002,9,Mastercard,5048373181666946,F,3.31,1,4.49,4.49,3.31,1.1800000000000002
224,2021-05-22 22:38:00,P0456,4,Americanexpress,374283136554185,F,18.35,3,20.19,60.57000000000001,55.050000000000004,5.520000000000003
225,2021-05-23 06:23:00,P0528,9,Americanexpress,374283094746757,F,0.62,1,1.49,1.49,0.62,0.87
226,2021-05-23 09:17:00,P0048,6,Visa,4041595016041479,F,17.85,2,19.29,38.58,35.7,2.8799999999999955
227,2021-05-23 09:53:00,P0532,3,Unknown,3548887380820913,F,8.96,4,10.29,41.16,35.84,5.319999999999993
228,2021-05-23 10:57:00,P0265,6,Mastercard,5048372213981216,F,19.23,2,21.19,42.38,38.46,3.9200000000000017
229,2021-05-23 16:49:00,P0384,7,Visa,4041598027241,T,4.83,2,5.19,10.38,9.66,0.7200000000000006
230,2021-05-23 17:24:00,P0344,8,Americanexpress,374288156309295,F,9.86,1,11.29,11.29,9.86,1.4299999999999997
231,2021-05-23 17:52:00,P0407,7,Visa,4041592780753,F,12.35,3,13.99,41.97,37.05,4.920000000000002
232,2021-05-23 19:10:00,P0512,7,Visa,4041599497765,F,15.55,1,17.39,17.39,15.55,1.8399999999999999
233,2021-05-23 21:40:00,P0247,9,Mastercard,5108755704440196,F,13.58,1,14.79,14.79,13.58,1.209999999999999
234,2021-05-23 22:21:00,P0675,5,Visa,4041592184956273,F,12.34,5,13.99,69.95,61.7,8.25
235,2021-05-23 23:21:00,P0418,5,Mastercard,5108755723250980,F,13.24,1,14.69,14.69,13.24,1.4499999999999993
236,2021-05-24 04:03:00,P0517,8,Mastercard,5108758793031850,F,5.11,2,5.79,11.58,10.22,1.3599999999999994
237,2021-05-24 06:04:00,P0465,6,Americanexpress,374283913732558,F,9.61,2,11.09,22.18,19.22,2.960000000000001
238,2021-05-24 06:11:00,P0409,7,Mastercard,5048370206192098,F,18.03,3,19.69,59.07000000000001,54.09,4.980000000000004
239,2021-05-24 09:04:00,P0304,4,Americanexpress,374288727217845,F,9.19,2,10.69,21.38,18.38,3.0
240,2021-05-24 10:27:00,P0494,5,Mastercard,5048379707910353,F,17.33,1,18.29,18.29,17.33,0.9600000000000009
241,2021-05-24 15:29:00,P0155,6,Americanexpress,374283656353711,F,7.92,2,8.39,16.78,15.84,0.9400000000000013
242,2021-05-24 20:50:00,P0420,9,Visa,4041591413141,F,18.06,4,19.69,78.76,72.24,6.52000000000001
243,2021-05-24 20:53:00,P0512,9,Visa,4041595535865,F,15.55,1,17.39,17.39,15.55,1.8399999999999999
244,2021-05-24 21:01:00,P0482,4,Visa,4041599552072,F,2.75,1,3.89,3.89,2.75,1.1400000000000001
245,2021-05-24 21:37:00,P0425,8,Visa,4041598592814,F,10.49,4,11.49,45.96,41.96,4.0
246,2021-05-25 06:12:00,P0392,8,Americanexpress,374288538134270,T,13.78,3,14.89,44.67,41.339999999999996,3.3300000000000054
247,2021-05-25 06:15:00,P0212,3,Visa,4041595978870667,F,1.86,2,2.29,4.58,3.72,0.8599999999999999
248,2021-05-25 10:01:00,P0559,5,Visa,4041591049152490,F,6.29,2,7.69,15.38,12.58,2.8000000000000007
249,2021-05-25 11:43:00,P0506,4,Visa,4041597507863866,F,10.54,3,11.59,34.769999999999996,31.619999999999997,3.1499999999999986
250,2021-05-25 15:39:00,P0640,8,Mastercard,5048374194031490,F,9.92,1,11.29,11.29,9.92,1.3699999999999992
251,2021-05-25 23:43:00,P0741,5,Mastercard,5048372558315491,T,8.06,4,8.69,34.76,32.24,2.519999999999996
252,2021-05-26 03:16:00,P0618,6,Visa,4041599808763,F,10.03,2,11.39,22.78,20.06,2.7200000000000024
253,2021-05-26 03:34:00,P0140,6,Mastercard,5048370505540807,F,1.11,3,1.69,5.07,3.33,1.7400000000000002
254,2021-05-26 04:13:00,P0083,3,Americanexpress,374288713011673,F,3.42,1,4.59,4.59,3.42,1.17
255,2021-05-26 05:41:00,P0524,8,Visa,4041598629305802,T,10.66,4,11.59,46.36,42.64,3.719999999999999
256,2021-05-26 13:32:00,P0053,5,Visa,4041591453873,F,0.33,1,1.29,1.29,0.33,0.96
257,2021-05-26 15:22:00,P0584,5,Americanexpress,374288383795886,F,12.95,2,14.59,29.18,25.9,3.280000000000001
258,2021-05-26 16:51:00,P0550,6,Visa,4041591238704,F,15.35,1,17.09,17.09,15.35,1.7400000000000002
259,2021-05-26 20:01:00,P0411,5,Visa,4041594041147,F,13.46,3,14.79,44.37,40.38,3.989999999999995
260,2021-05-26 21:10:00,P0491,8,Visa,4041598581940,F,18.0,1,19.59,19.59,18.0,1.5899999999999999
261,2021-05-27 01:04:00,P0517,7,Americanexpress,374288610743725,F,5.11,1,5.79,5.79,5.11,0.6799999999999997
262,2021-05-27 04:59:00,P0215,5,Visa,4041598413272580,F,0.81,2,1.59,3.18,1.62,1.56
263,2021-05-27 06:49:00,P0463,6,Mastercard,5108755088116529,F,12.96,1,14.59,14.59,12.96,1.629999999999999
264,2021-05-27 07:22:00,P0068,7,Americanexpress,374288695755750,F,7.46,5,8.29,41.449999999999996,37.3,4.149999999999999
265,2021-05-27 08:32:00,P0654,5,Americanexpress,374283410601413,F,8.85,2,10.19,20.38,17.7,2.6799999999999997
266,2021-05-27 09:50:00,P0462,7,Mastercard,5048376902735726,F,14.63,1,15.89,15.89,14.63,1.2599999999999998
267,2021-05-27 12:23:00,P0560,7,Americanexpress,374283987719465,F,1.4,1,1.69,1.69,1.4,0.29000000000000004
268,2021-05-27 12:25:00,P0640,7,Mastercard,5048377771166837,F,9.92,1,11.29,11.29,9.92,1.3699999999999992
269,2021-05-27 14:12:00,P0519,2,Visa,4041590535310042,T,12.45,1,14.09,14.09,12.45,1.6400000000000006
270,2021-05-27 14:29:00,P0606,6,Visa,4041591028944172,F,14.31,1,15.19,15.19,14.31,0.879999999999999
271,2021-05-27 16:02:00,P0461,4,Mastercard,5108756887815303,F,15.83,4,17.69,70.76,63.32,7.440000000000005
272,2021-05-27 19:11:00,P0420,5,Visa,4041592763304,T,18.06,2,19.69,39.38,36.12,3.260000000000005
273,2021-05-27 20:12:00,P0463,7,Visa,4041593791213,F,12.96,3,14.59,43.769999999999996,38.88,4.8899999999999935
274,2021-05-27 21:02:00,P0511,8,Americanexpress,374283217167634,F,7.06,2,8.19,16.38,14.12,2.26
275,2021-05-27 23:14:00,P0227,7,Unknown,5602220649888333057,F,7.59,4,8.29,33.16,30.36,2.799999999999997
276,2021-05-28 00:03:00,P0228,4,Visa,4041599292513565,F,0.09,3,1.09,3.2700000000000005,0.27,3.0000000000000004
277,2021-05-28 01:10:00,P0499,6,Americanexpress,374288061191481,F,16.3,1,17.99,17.99,16.3,1.6899999999999977
278,2021-05-28 04:58:00,P0393,5,Mastercard,5048377334443921,F,10.94,2,11.59,23.18,21.88,1.3000000000000007
279,2021-05-28 05:07:00,P0667,6,Visa,4041596403753783,F,12.7,2,14.39,28.78,25.4,3.3800000000000026
280,2021-05-28 06:32:00,P0544,6,Mastercard,5048370134716117,F,19.72,4,21.39,85.56,78.88,6.680000000000007
281,2021-05-28 06:47:00,P0158,7,Mastercard,5108757268793515,F,3.02,3,4.19,12.57,9.06,3.51
282,2021-05-28 12:53:00,P0254,8,Mastercard,5108758399269318,F,11.44,1,12.49,12.49,11.44,1.0500000000000007
283,2021-05-28 13:17:00,P0729,7,Unknown,5440993547542822,F,9.34,2,10.89,21.78,18.68,3.1000000000000014
284,2021-05-28 16:01:00,P0216,8,Americanexpress,374283478490410,F,13.96,2,14.89,29.78,27.92,1.8599999999999994
285,2021-05-28 17:24:00,P0352,7,Americanexpress,374283078479268,F,2.04,2,2.59,5.18,4.08,1.0999999999999996
286,2021-05-28 23:41:00,P0418,5,Mastercard,5108757514514129,F,13.24,3,14.69,44.07,39.72,4.350000000000001
287,2021-05-29 03:26:00,P0637,11,Visa,4041592840110,F,15.32,2,17.09,34.18,30.64,3.539999999999999
288,2021-05-29 04:12:00,P0494,6,Mastercard,5048372882232347,F,17.33,3,18.29,54.87,51.989999999999995,2.8800000000000026
289,2021-05-29 05:53:00,P0503,5,Americanexpress,374288920471389,F,12.07,1,13.59,13.59,12.07,1.5199999999999996
290,2021-05-29 06:39:00,P0498,7,Visa,4041594740706,T,11.6,1,12.79,12.79,11.6,1.1899999999999995
291,2021-05-29 11:29:00,P0599,7,Americanexpress,374288606308053,F,13.54,2,14.79,29.58,27.08,2.5
292,2021-05-29 11:30:00,P0223,8,Mastercard,5108754788181271,F,6.71,1,7.99,7.99,6.71,1.2800000000000002
293,2021-05-29 15:07:00,P0124,5,Americanexpress,374288654735363,F,0.87,1,1.59,1.59,0.87,0.7200000000000001
294,2021-05-29 16:42:00,P0010,6,Mastercard,5048375115615071,F,3.3,1,4.49,4.49,3.3,1.1900000000000004
295,2021-05-29 16:50:00,P0455,6,Visa,4041598992071,F,1.63,1,1.79,1.79,1.63,0.16000000000000014
296,2021-05-29 17:26:00,P0422,5,Visa,4041595222399,F,4.3,3,4.99,14.97,12.899999999999999,2.070000000000002
297,2021-05-29 20:39:00,P0491,5,Visa,4041590527668001,T,18.0,1,19.59,19.59,18.0,1.5899999999999999
298,2021-05-29 23:37:00,P0478,9,Unknown,3579180526346213,F,18.67,3,20.59,61.769999999999996,56.010000000000005,5.759999999999991
299,2021-05-30 03:26:00,P0299,5,Visa,4041590203204,F,13.5,1,14.79,14.79,13.5,1.2899999999999991
300,2021-05-30 05:05:00,P0570,6,Visa,4041599414893,T,2.32,3,3.19,9.57,6.959999999999999,2.610000000000001
301,2021-05-30 06:33:00,P0380,6,Visa,4041595685967,F,10.56,4,11.59,46.36,42.24,4.119999999999997
302,2021-05-30 09:03:00,P0348,7,Americanexpress,374283172927451,F,6.83,2,8.09,16.18,13.66,2.5199999999999996
303,2021-05-30 10:40:00,P0598,3,Mastercard,5108752288886571,F,11.99,1,13.49,13.49,11.99,1.5
304,2021-05-30 10:44:00,P0493,7,Visa,4041590914006229,F,18.02,1,19.69,19.69,18.02,1.6700000000000017
305,2021-05-30 10:52:00,P0431,6,Mastercard,5048376100331492,F,10.67,2,11.59,23.18,21.34,1.8399999999999999
306,2021-05-30 11:31:00,P0055,8,Americanexpress,374283442838579,F,4.06,3,4.89,14.669999999999998,12.18,2.4899999999999984
307,2021-05-30 14:45:00,P0608,5,Visa,4041598731172,T,11.04,4,11.69,46.76,44.16,2.6000000000000014
308,2021-05-30 14:54:00,P0420,12,Americanexpress,374288288645814,F,18.06,3,19.69,59.07000000000001,54.17999999999999,4.890000000000015
309,2021-05-30 17:54:00,P0661,7,Mastercard,5108750980155675,F,8.21,2,8.99,17.98,16.42,1.5599999999999987
310,2021-05-30 18:11:00,P0606,9,Americanexpress,374288089919434,F,14.31,2,15.19,30.38,28.62,1.759999999999998
311,2021-05-30 22:09:00,P0131,3,Americanexpress,374288001518033,F,11.71,1,12.99,12.99,11.71,1.2799999999999994
312,2021-05-31 03:41:00,P0474,7,Visa,4041596219604139,F,15.66,2,17.49,34.98,31.32,3.6599999999999966
313,2021-05-31 04:55:00,P0599,6,Americanexpress,374288343172440,T,13.54,4,14.79,59.16,54.16,5.0
314,2021-05-31 05:13:00,P0581,5,Visa,4041597346745340,F,0.51,5,1.49,7.45,2.55,4.9
315,2021-05-31 06:13:00,P0339,8,Americanexpress,374283061197372,T,19.62,3,21.39,64.17,58.86,5.310000000000002
316,2021-05-31 06:31:00,P0503,5,Visa,4041590218661224,F,12.07,1,13.59,13.59,12.07,1.5199999999999996
317,2021-05-31 08:41:00,P0254,7,Americanexpress,374283259571974,T,11.44,2,12.49,24.98,22.88,2.1000000000000014
318,2021-05-31 09:11:00,P0240,6,Mastercard,5048376956963067,F,1.27,1,1.69,1.69,1.27,0.41999999999999993
319,2021-05-31 09:45:00,P0424,6,Mastercard,5108756464366761,F,6.61,1,7.89,7.89,6.61,1.2799999999999994
320,2021-05-31 13:02:00,P0406,2,Visa,4041598529844363,F,7.19,2,8.19,16.38,14.38,1.9999999999999982
321,2021-05-31 13:14:00,P0302,7,Americanexpress,374288461558693,F,5.98,1,7.29,7.29,5.98,1.3099999999999996
322,2021-05-31 14:01:00,P0457,6,Americanexpress,374288420393877,F,2.02,2,2.59,5.18,4.04,1.1399999999999997
323,2021-05-31 14:14:00,P0496,7,Americanexpress,374288817576951,F,13.53,1,14.79,14.79,13.53,1.2599999999999998
324,2021-05-31 19:22:00,P0170,4,Visa,4041590850487102,F,8.13,1,8.89,8.89,8.13,0.7599999999999998
325,2021-05-31 20:15:00,P0199,8,Mastercard,5108757929642994,F,6.42,3,7.79,23.37,19.259999999999998,4.110000000000003
326,2021-06-01 04:50:00,P0194,4,Mastercard,5048372169434509,F,10.82,2,11.59,23.18,21.64,1.5399999999999991
327,2021-06-01 05:15:00,P0013,6,Mastercard,5048379453855166,F,8.36,1,9.29,9.29,8.36,0.9299999999999997
328,2021-06-01 09:56:00,P0350,6,Americanexpress,374283829003334,T,17.21,1,18.19,18.19,17.21,0.9800000000000004
329,2021-06-01 11:30:00,P0551,5,Americanexpress,374283998722821,F,3.29,2,4.49,8.98,6.58,2.4000000000000004
330,2021-06-01 13:32:00,P0393,6,Americanexpress,374288577918161,F,10.94,2,11.59,23.18,21.88,1.3000000000000007
331,2021-06-01 15:03:00,P0457,5,Visa,4041599182357842,F,2.02,1,2.59,2.59,2.02,0.5699999999999998
332,2021-06-01 15:07:00,P0640,2,Visa,4041598309664,F,9.92,2,11.29,22.58,19.84,2.7399999999999984
333,2021-06-01 15:13:00,P0519,5,Visa,4041595139464590,F,12.45,4,14.09,56.36,49.8,6.560000000000002
334,2021-06-01 16:06:00,P0486,4,Mastercard,5048379964702709,F,6.52,1,7.89,7.89,6.52,1.37
335,2021-06-01 18:15:00,P0469,6,Visa,4041592133524040,T,0.92,3,1.59,4.7700000000000005,2.7600000000000002,2.0100000000000002
336,2021-06-01 18:34:00,P0672,5,Americanexpress,374288885231109,F,19.89,3,21.39,64.17,59.67,4.5
337,2021-06-01 23:02:00,P0211,4,Mastercard,5048379418800455,F,17.54,1,18.69,18.69,17.54,1.1500000000000021
338,2021-06-02 00:38:00,P0210,3,Visa,4041592528400,F,2.78,3,3.89,11.67,8.34,3.33
339,2021-06-02 02:38:00,P0535,4,Visa,4041593374432,T,12.16,1,13.69,13.69,12.16,1.5299999999999994
340,2021-06-02 05:28:00,P0455,8,Visa,4041597346485,F,1.63,3,1.79,5.37,4.89,0.4800000000000004
341,2021-06-02 12:33:00,P0490,1,Mastercard,5108751481248308,F,5.54,4,6.59,26.36,22.16,4.199999999999999
342,2021-06-02 13:51:00,P0566,8,Americanexpress,374283046184560,F,1.77,2,2.09,4.18,3.54,0.6399999999999997
343,2021-06-02 15:11:00,P0379,6,Americanexpress,374283910199256,T,6.12,3,7.49,22.47,18.36,4.109999999999999
344,2021-06-02 16:10:00,P0465,5,Visa,4041595815853,F,9.61,1,11.09,11.09,9.61,1.4800000000000004
345,2021-06-02 17:08:00,P0487,8,Americanexpress,374283086031457,F,11.44,2,12.49,24.98,22.88,2.1000000000000014
346,2021-06-02 18:56:00,P0478,8,Visa,4041595038962850,F,18.67,3,20.59,61.769999999999996,56.010000000000005,5.759999999999991
347,2021-06-02 20:35:00,P0462,9,Mastercard,5108754963628526,T,14.63,1,15.89,15.89,14.63,1.2599999999999998
348,2021-06-03 00:53:00,P0465,6,Visa,4041599235043035,F,9.61,3,11.09,33.269999999999996,28.83,4.439999999999998
349,2021-06-03 04:03:00,P0539,5,Visa,4041599865240067,F,8.13,2,8.89,17.78,16.26,1.5199999999999996
350,2021-06-03 05:17:00,P0217,6,Mastercard,5048379871389376,F,14.96,1,16.49,16.49,14.96,1.5299999999999976
351,2021-06-03 06:03:00,P0085,6,Mastercard,5048372332168695,F,14.86,3,16.29,48.87,44.58,4.289999999999999
352,2021-06-03 06:37:00,P0165,6,Visa,4041590498091761,F,0.94,2,1.59,3.18,1.88,1.3000000000000003
353,2021-06-03 14:15:00,P0256,7,Americanexpress,374288473756475,F,2.08,2,2.69,5.38,4.16,1.2199999999999998
354,2021-06-03 14:25:00,P0268,5,Visa,4041596511307787,F,11.93,2,13.39,26.78,23.86,2.9200000000000017
355,2021-06-03 15:01:00,P0296,5,Americanexpress,374283853556199,T,2.96,1,4.09,4.09,2.96,1.13
356,2021-06-03 17:29:00,P0057,5,Americanexpress,374288819660274,F,17.28,4,18.19,72.76,69.12,3.6400000000000006
357,2021-06-03 21:40:00,P0291,3,Mastercard,5108759315601667,F,14.13,1,14.89,14.89,14.13,0.7599999999999998
358,2021-06-03 23:19:00,P0123,5,Visa,4041597341213,F,7.7,1,8.29,8.29,7.7,0.589999999999999
359,2021-06-04 02:12:00,P0295,5,Americanexpress,374283507381200,F,1.43,2,1.69,3.38,2.86,0.52
360,2021-06-04 05:36:00,P0297,7,Visa,4041594251662,F,17.82,3,19.29,57.87,53.46,4.409999999999997
361,2021-06-04 07:50:00,P0690,6,Americanexpress,374283303703359,F,11.93,2,13.39,26.78,23.86,2.9200000000000017
362,2021-06-04 08:28:00,P0389,9,Americanexpress,374288653991140,T,5.95,1,7.19,7.19,5.95,1.2400000000000002
363,2021-06-04 09:45:00,P0408,7,Mastercard,5108759904891059,F,8.24,3,9.09,27.27,24.72,2.5500000000000007
364,2021-06-04 09:52:00,P0219,6,Americanexpress,374288063530892,F,13.98,1,14.89,14.89,13.98,0.9100000000000001
365,2021-06-04 12:53:00,P0715,6,Mastercard,5048376509673114,F,7.6,1,8.29,8.29,7.6,0.6899999999999995
366,2021-06-04 14:39:00,P0337,7,Mastercard,5108757584613447,F,19.24,3,21.19,63.57000000000001,57.72,5.8500000000000085
367,2021-06-04 21:18:00,P0526,5,Mastercard,5048370495633851,F,3.83,1,4.79,4.79,3.83,0.96
368,2021-06-04 22:43:00,P0238,7,Americanexpress,374283870031051,F,6.0,2,7.29,14.58,12.0,2.58
369,2021-06-05 01:14:00,P0398,3,Americanexpress,374283549724318,T,1.75,2,2.09,4.18,3.5,0.6799999999999997
370,2021-06-05 02:21:00,P0387,8,Visa,4041598814093,F,4.99,5,5.59,27.95,24.950000000000003,2.9999999999999964
371,2021-06-05 03:13:00,P0552,5,Mastercard,5108759250568079,F,11.36,1,12.29,12.29,11.36,0.9299999999999997
372,2021-06-05 03:19:00,P0061,3,Americanexpress,374283905697090,T,16.74,1,18.09,18.09,16.74,1.3500000000000014
373,2021-06-05 04:58:00,P0705,7,Unknown,3535173756491265,F,16.57,3,18.09,54.269999999999996,49.71,4.559999999999995
374,2021-06-05 07:52:00,P0350,5,Mastercard,5108753558800425,F,17.21,3,18.19,54.57000000000001,51.63,2.940000000000005
375,2021-06-05 11:29:00,P0627,6,Visa,4041595481513481,T,13.53,1,14.79,14.79,13.53,1.2599999999999998
376,2021-06-05 16:22:00,P0376,4,Unknown,30228265656182,F,10.3,3,11.49,34.47,30.900000000000002,3.5699999999999967
377,2021-06-05 21:36:00,P0634,6,Americanexpress,374288174350024,F,16.47,2,18.09,36.18,32.94,3.240000000000002
378,2021-06-05 23:29:00,P0259,5,Americanexpress,374283958078743,F,5.21,1,5.99,5.99,5.21,0.7800000000000002
379,2021-06-06 00:18:00,P0342,5,Americanexpress,374288699438080,F,18.73,1,20.69,20.69,18.73,1.9600000000000009
380,2021-06-06 04:43:00,P0143,9,Americanexpress,374288234077310,F,1.68,2,1.89,3.78,3.36,0.41999999999999993
381,2021-06-06 04:47:00,P0250,6,Americanexpress,374288068948750,F,16.08,2,17.89,35.78,32.16,3.6200000000000045
382,2021-06-06 08:10:00,P0071,4,Americanexpress,374288641556716,T,13.09,2,14.69,29.38,26.18,3.1999999999999993
383,2021-06-06 09:48:00,P0394,6,Americanexpress,374288516470597,F,8.44,1,9.49,9.49,8.44,1.0500000000000007
384,2021-06-06 10:28:00,P0328,6,Mastercard,5048378988811850,T,3.18,3,4.39,13.169999999999998,9.540000000000001,3.6299999999999972
385,2021-06-06 10:59:00,P0357,7,Americanexpress,374283369362199,F,3.34,1,4.49,4.49,3.34,1.1500000000000004
386,2021-06-06 18:20:00,P0271,5,Americanexpress,374283018352955,F,15.16,1,16.79,16.79,15.16,1.629999999999999
387,2021-06-06 20:06:00,P0450,8,Mastercard,5048376102189179,F,3.76,1,4.79,4.79,3.76,1.0300000000000002
388,2021-06-06 22:22:00,P0235,8,Visa,4041594377769018,F,11.99,1,13.49,13.49,11.99,1.5
389,2021-06-07 00:29:00,P0361,6,Mastercard,5048377494355204,F,8.85,2,10.19,20.38,17.7,2.6799999999999997
390,2021-06-07 02:14:00,P0375,8,Mastercard,5048378510772547,F,15.75,1,17.59,17.59,15.75,1.8399999999999999
391,2021-06-07 06:48:00,P0345,4,Americanexpress,374283340808799,F,7.18,2,8.19,16.38,14.36,2.0199999999999996
392,2021-06-07 06:54:00,P0550,4,Mastercard,5108757904454738,F,15.35,4,17.09,68.36,61.4,6.960000000000001
393,2021-06-07 11:06:00,P0318,10,Visa,4041599336828367,F,6.76,1,7.99,7.99,6.76,1.2300000000000004
394,2021-06-07 12:25:00,P0369,7,Mastercard,5108751309657797,F,8.08,2,8.79,17.58,16.16,1.4199999999999982
395,2021-06-07 13:28:00,P0283,8,Mastercard,5108759003048361,F,1.68,1,1.89,1.89,1.68,0.20999999999999996
396,2021-06-07 13:50:00,P0085,8,Americanexpress,374288879289899,F,14.86,3,16.29,48.87,44.58,4.289999999999999
397,2021-06-07 15:01:00,P0275,7,Americanexpress,374283045804705,F,9.06,1,10.49,10.49,9.06,1.4299999999999997
398,2021-06-07 16:35:00,P0374,4,Mastercard,5048371804476347,F,6.65,3,7.99,23.97,19.950000000000003,4.019999999999996
399,2021-06-07 17:18:00,P0305,6,Mastercard,5108756453776772,F,8.74,1,9.99,9.99,8.74,1.25
400,2021-06-07 20:17:00,P0345,9,Mastercard,5048372915589283,F,7.18,2,8.19,16.38,14.36,2.0199999999999996
401,2021-06-07 21:25:00,P0381,7,Visa,4041599569191,F,5.05,1,5.69,5.69,5.05,0.6400000000000006
402,2021-06-07 22:18:00,P0255,7,Americanexpress,374283109614313,F,18.85,3,20.79,62.37,56.550000000000004,5.819999999999993
403,2021-06-07 22:28:00,P0427,4,Mastercard,5048370013491097,F,12.94,2,14.59,29.18,25.88,3.3000000000000007
404,2021-06-07 22:57:00,P0270,8,Visa,4041590914047033,F,6.97,1,8.09,8.09,6.97,1.12
405,2021-06-07 23:21:00,P0386,10,Americanexpress,374283336439351,F,19.79,2,21.39,42.78,39.58,3.200000000000003
406,2021-06-08 04:46:00,P0316,8,Visa,4041596181693,F,1.81,1,2.19,2.19,1.81,0.3799999999999999
407,2021-06-08 10:23:00,P0164,4,Americanexpress,374283275524171,F,18.98,2,20.99,41.98,37.96,4.019999999999996
408,2021-06-08 13:03:00,P0021,8,Visa,4041599781618297,T,14.13,2,14.89,29.78,28.26,1.5199999999999996
409,2021-06-08 14:16:00,P0024,5,Visa,4041595095472,F,6.97,1,8.09,8.09,6.97,1.12
410,2021-06-08 15:45:00,P0556,3,Americanexpress,374288050353068,F,5.5,3,6.49,19.47,16.5,2.969999999999999
411,2021-06-08 16:51:00,P0264,6,Americanexpress,374288075215631,F,4.11,2,4.89,9.78,8.22,1.5599999999999987
412,2021-06-08 19:19:00,P0556,5,Mastercard,5048371639717147,F,5.5,5,6.49,32.45,27.5,4.950000000000003
413,2021-06-08 19:25:00,P0243,10,Americanexpress,374283142532407,F,18.18,2,19.89,39.78,36.36,3.4200000000000017
414,2021-06-08 20:52:00,P0622,10,Mastercard,5108756296301408,F,13.87,1,14.89,14.89,13.87,1.0200000000000014
415,2021-06-08 20:58:00,P0430,7,Visa,4041597090331,F,17.67,1,18.99,18.99,17.67,1.3199999999999967
416,2021-06-09 00:07:00,P0637,5,Visa,4041593899554718,F,15.32,2,17.09,34.18,30.64,3.539999999999999
417,2021-06-09 03:32:00,P0456,7,Mastercard,5108754881106001,F,18.35,3,20.19,60.57000000000001,55.050000000000004,5.520000000000003
418,2021-06-09 03:40:00,P0022,4,Visa,4041592616775,F,1.16,2,1.69,3.38,2.32,1.06
419,2021-06-09 07:50:00,P0234,6,Mastercard,5048372714831597,F,3.13,2,4.29,8.58,6.26,2.3200000000000003
420,2021-06-09 08:46:00,P0691,6,Visa,4041597044744785,F,4.47,3,4.99,14.97,13.41,1.5600000000000005
421,2021-06-09 09:35:00,P0543,10,Americanexpress,374283781461181,F,17.45,1,18.49,18.49,17.45,1.0399999999999991
422,2021-06-09 10:32:00,P0347,8,Americanexpress,374288285961982,F,5.37,4,6.29,25.16,21.48,3.6799999999999997
423,2021-06-09 11:24:00,P0219,10,Americanexpress,374288708758866,F,13.98,1,14.89,14.89,13.98,0.9100000000000001
424,2021-06-09 12:35:00,P0270,5,Mastercard,5108757047118752,F,6.97,4,8.09,32.36,27.88,4.48
425,2021-06-09 13:20:00,P0732,7,Americanexpress,374283126706787,F,11.5,3,12.59,37.769999999999996,34.5,3.269999999999996
426,2021-06-09 18:22:00,P0250,5,Mastercard,5048375388817826,T,16.08,1,17.89,17.89,16.08,1.8100000000000023
427,2021-06-09 19:14:00,P0304,7,Americanexpress,374283988303731,F,9.19,2,10.69,21.38,18.38,3.0
428,2021-06-09 21:57:00,P0477,4,Americanexpress,374283475231072,F,2.19,3,2.89,8.67,6.57,2.0999999999999996
429,2021-06-09 22:01:00,P0270,7,Mastercard,5108757671318496,F,6.97,2,8.09,16.18,13.94,2.24
430,2021-06-09 23:34:00,P0334,2,Unknown,3531402384807939,F,5.53,2,6.59,13.18,11.06,2.119999999999999
431,2021-06-10 01:52:00,P0397,7,Americanexpress,374283679933085,F,13.67,3,14.89,44.67,41.01,3.6600000000000037
432,2021-06-10 03:26:00,P0361,7,Visa,4041591219864460,F,8.85,1,10.19,10.19,8.85,1.3399999999999999
433,2021-06-10 04:48:00,P0417,8,Mastercard,5108756413227387,F,16.73,1,18.09,18.09,16.73,1.3599999999999994
434,2021-06-10 07:28:00,P0692,7,Mastercard,5108757123828530,F,11.98,1,13.49,13.49,11.98,1.5099999999999998
435,2021-06-10 07:55:00,P0361,6,Mastercard,5108755260155311,T,8.85,1,10.19,10.19,8.85,1.3399999999999999
436,2021-06-10 10:38:00,P0111,9,Americanexpress,374283954436630,F,11.74,2,13.09,26.18,23.48,2.6999999999999993
437,2021-06-10 14:51:00,P0393,5,Visa,4041595018836934,F,10.94,1,11.59,11.59,10.94,0.6500000000000004
438,2021-06-10 16:12:00,P0373,9,Americanexpress,374283433812500,F,12.85,1,14.49,14.49,12.85,1.6400000000000006
439,2021-06-10 17:18:00,P0334,10,Mastercard,5108751188414955,F,5.53,1,6.59,6.59,5.53,1.0599999999999996
440,2021-06-10 21:03:00,P0232,5,Visa,4041594571713,F,1.66,1,1.89,1.89,1.66,0.22999999999999998
441,2021-06-10 21:51:00,P0253,5,Mastercard,5108759493671441,F,3.09,1,4.29,4.29,3.09,1.2000000000000002
442,2021-06-10 23:48:00,P0452,8,Visa,4041590579603,T,8.33,1,9.29,9.29,8.33,0.9599999999999991
443,2021-06-11 02:11:00,P0399,7,Americanexpress,374288654197630,F,9.83,2,11.29,22.58,19.66,2.919999999999998
444,2021-06-11 02:23:00,P0377,7,Visa,4041593558950,F,0.12,2,1.19,2.38,0.24,2.1399999999999997
445,2021-06-11 04:30:00,P0188,6,Americanexpress,374283421046053,F,6.75,3,7.99,23.97,20.25,3.719999999999999
446,2021-06-11 07:32:00,P0417,4,Americanexpress,374283974508855,F,16.73,1,18.09,18.09,16.73,1.3599999999999994
447,2021-06-11 08:36:00,P0267,3,Visa,4041598323766432,T,13.36,2,14.79,29.58,26.72,2.8599999999999994
448,2021-06-11 10:12:00,P0097,8,Visa,4041591765011,F,9.91,2,11.29,22.58,19.82,2.759999999999998
449,2021-06-11 10:51:00,P0402,7,Americanexpress,374288233413060,F,11.61,1,12.79,12.79,11.61,1.1799999999999997
450,2021-06-11 15:50:00,P0683,7,Visa,4041593669529692,F,11.0,4,11.59,46.36,44.0,2.3599999999999994
451,2021-06-11 19:25:00,P0527,8,Mastercard,5108758518820611,F,16.63,1,18.09,18.09,16.63,1.4600000000000009
452,2021-06-11 20:27:00,P0362,8,Americanexpress,374288728351973,F,3.73,2,4.79,9.58,7.46,2.12
453,2021-06-11 23:18:00,P0544,8,Visa,4041595874616552,F,19.72,1,21.39,21.39,19.72,1.6700000000000017
454,2021-06-11 23:58:00,P0408,6,Visa,4041592007387318,F,8.24,2,9.09,18.18,16.48,1.6999999999999993
455,2021-06-12 01:24:00,P0463,8,Mastercard,5048373118590615,F,12.96,3,14.59,43.769999999999996,38.88,4.8899999999999935
456,2021-06-12 02:04:00,P0190,4,Mastercard,5048371919502888,F,18.93,3,20.89,62.67,56.79,5.880000000000003
457,2021-06-12 04:47:00,P0659,9,Visa,4041590457261405,F,2.23,1,2.99,2.99,2.23,0.7600000000000002
458,2021-06-12 04:49:00,P0384,6,Americanexpress,374288084202109,F,4.83,1,5.19,5.19,4.83,0.3600000000000003
459,2021-06-12 06:40:00,P0659,5,Visa,4041590681618453,F,2.23,3,2.99,8.97,6.6899999999999995,2.280000000000001
460,2021-06-12 08:41:00,P0481,6,Americanexpress,374288991463802,F,17.2,1,18.19,18.19,17.2,0.990000000000002
461,2021-06-12 10:12:00,P0463,8,Visa,4041590955907491,F,12.96,3,14.59,43.769999999999996,38.88,4.8899999999999935
462,2021-06-12 12:19:00,P0115,7,Mastercard,5108753487664702,T,5.84,1,7.09,7.09,5.84,1.25
463,2021-06-12 18:39:00,P0366,7,Mastercard,5108755592751282,F,13.27,4,14.69,58.76,53.08,5.68
464,2021-06-12 20:29:00,P0337,5,Mastercard,5108755914690606,F,19.24,1,21.19,21.19,19.24,1.9500000000000028
465,2021-06-12 21:15:00,P0716,4,Unknown,3587766263125917,F,13.32,2,14.79,29.58,26.64,2.9399999999999977
466,2021-06-12 21:53:00,P0442,7,Americanexpress,374283338148513,F,14.89,1,16.39,16.39,14.89,1.5
467,2021-06-12 23:45:00,P0303,8,Americanexpress,374283390997286,F,19.07,2,21.09,42.18,38.14,4.039999999999999
468,2021-06-13 00:28:00,P0688,8,Americanexpress,374288907841281,F,0.81,1,1.59,1.59,0.81,0.78
469,2021-06-13 03:03:00,P0413,4,Mastercard,5108755899793540,F,7.35,1,8.19,8.19,7.35,0.8399999999999999
470,2021-06-13 08:39:00,P0377,3,Mastercard,5048370865606263,F,0.12,2,1.19,2.38,0.24,2.1399999999999997
471,2021-06-13 10:31:00,P0351,7,Mastercard,5108756540326763,F,10.04,1,11.39,11.39,10.04,1.3500000000000014
472,2021-06-13 11:26:00,P0285,7,Americanexpress,374288568483696,F,2.73,1,3.79,3.79,2.73,1.06
473,2021-06-13 15:33:00,P0139,8,Mastercard,5048375505526334,T,4.69,1,4.99,4.99,4.69,0.2999999999999998
474,2021-06-13 16:09:00,P0353,6,Visa,4041593699214596,F,15.1,2,16.69,33.38,30.2,3.1800000000000033
475,2021-06-13 21:27:00,P0260,6,Mastercard,5048377081542586,F,15.96,1,17.79,17.79,15.96,1.8299999999999983
476,2021-06-13 22:20:00,P0343,4,Mastercard,5108758541474949,F,3.66,2,4.79,9.58,7.32,2.26
477,2021-06-13 22:47:00,P0387,4,Visa,4041598875193,F,4.99,1,5.59,5.59,4.99,0.5999999999999996
478,2021-06-14 00:46:00,P0453,6,Mastercard,5108759075992199,F,12.82,3,14.49,43.47,38.46,5.009999999999998
479,2021-06-14 03:44:00,P0362,7,Mastercard,5048372046957086,F,3.73,4,4.79,19.16,14.92,4.24
480,2021-06-14 04:45:00,P0304,6,Mastercard,5108757517408212,T,9.19,2,10.69,21.38,18.38,3.0
481,2021-06-14 05:02:00,P0224,7,Visa,4041591259486,F,16.48,2,18.09,36.18,32.96,3.219999999999999
482,2021-06-14 05:34:00,P0667,6,Visa,4041592529783424,F,12.7,4,14.39,57.56,50.8,6.760000000000005
483,2021-06-14 07:06:00,P0327,5,Americanexpress,374283017625625,F,7.13,4,8.19,32.76,28.52,4.239999999999998
484,2021-06-14 07:46:00,P0437,7,Americanexpress,374288622793239,F,0.1,3,1.19,3.57,0.30000000000000004,3.2699999999999996
485,2021-06-14 08:46:00,P0564,8,Visa,4041596837576263,F,14.32,1,15.29,15.29,14.32,0.9699999999999989
486,2021-06-14 16:31:00,P0491,5,Mastercard,5048370762108033,F,18.0,2,19.59,39.18,36.0,3.1799999999999997
487,2021-06-14 17:25:00,P0553,3,Mastercard,5048377480828248,F,6.79,2,7.99,15.98,13.58,2.4000000000000004
488,2021-06-14 19:44:00,P0030,5,Visa,4041595192725952,F,2.05,2,2.69,5.38,4.1,1.2800000000000002
489,2021-06-14 20:17:00,P0524,5,Visa,4041595323647109,F,10.66,1,11.59,11.59,10.66,0.9299999999999997
490,2021-06-14 21:20:00,P0489,7,Americanexpress,374288125466036,F,8.46,1,9.49,9.49,8.46,1.0299999999999994
491,2021-06-14 21:28:00,P0595,7,Mastercard,5108757509884073,F,17.58,1,18.79,18.79,17.58,1.2100000000000009
492,2021-06-15 03:38:00,P0493,4,Americanexpress,374283166173625,T,18.02,2,19.69,39.38,36.04,3.3400000000000034
493,2021-06-15 03:52:00,P0350,5,Visa,4041591872692,F,17.21,4,18.19,72.76,68.84,3.9200000000000017
494,2021-06-15 07:35:00,P0325,5,Americanexpress,374288165396762,F,5.35,4,6.29,25.16,21.4,3.7600000000000016
495,2021-06-15 08:47:00,P0744,3,Visa,4041595868357,F,7.42,1,8.29,8.29,7.42,0.8699999999999992
496,2021-06-15 09:13:00,P0297,4,Americanexpress,374288143604584,F,17.82,2,19.29,38.58,35.64,2.9399999999999977
497,2021-06-15 09:53:00,P0334,6,Mastercard,5108758383056143,F,5.53,2,6.59,13.18,11.06,2.119999999999999
498,2021-06-15 11:05:00,P0134,8,Americanexpress,374288423790566,F,10.28,3,11.49,34.47,30.839999999999996,3.6300000000000026
499,2021-06-15 12:31:00,P0463,10,Americanexpress,374288278389555,F,12.96,1,14.59,14.59,12.96,1.629999999999999
500,2021-06-15 17:54:00,P0640,6,Visa,4041599111077867,F,9.92,1,11.29,11.29,9.92,1.3699999999999992
501,2021-06-15 17:56:00,P0506,9,Visa,4041592390034568,F,10.54,1,11.59,11.59,10.54,1.0500000000000007
502,2021-06-15 19:07:00,P0680,6,Mastercard,5048377033837753,F,19.16,2,21.09,42.18,38.32,3.8599999999999994
503,2021-06-15 22:12:00,P0210,6,Visa,4041592513485,T,2.78,5,3.89,19.45,13.899999999999999,5.550000000000001
504,2021-06-16 04:43:00,P0274,8,Visa,4041594230708,T,11.65,1,12.89,12.89,11.65,1.2400000000000002
505,2021-06-16 04:58:00,P0284,4,Americanexpress,374288642278229,F,1.03,3,1.59,4.7700000000000005,3.09,1.6800000000000006
506,2021-06-16 06:37:00,P0451,9,Mastercard,5048373852860562,T,2.41,1,3.29,3.29,2.41,0.8799999999999999
507,2021-06-16 06:42:00,P0314,6,Americanexpress,374288441744348,F,14.84,1,16.29,16.29,14.84,1.4499999999999993
508,2021-06-16 08:00:00,P0590,8,Visa,4041596811378926,F,8.1,2,8.79,17.58,16.2,1.379999999999999
509,2021-06-16 10:30:00,P0462,6,Visa,4041592472563369,F,14.63,1,15.89,15.89,14.63,1.2599999999999998
510,2021-06-16 17:13:00,P0453,6,Mastercard,5108758123548961,F,12.82,2,14.49,28.98,25.64,3.34
511,2021-06-16 21:06:00,P0271,6,Americanexpress,374283003838661,F,15.16,2,16.79,33.58,30.32,3.259999999999998
512,2021-06-17 10:23:00,P0255,7,Mastercard,5108754335097889,F,18.85,1,20.79,20.79,18.85,1.9399999999999977
513,2021-06-17 13:06:00,P0492,7,Mastercard,5048379987742054,F,16.12,2,17.89,35.78,32.24,3.539999999999999
514,2021-06-17 14:26:00,P0408,6,Visa,4041597306869,F,8.24,4,9.09,36.36,32.96,3.3999999999999986
515,2021-06-17 15:02:00,P0420,4,Americanexpress,374283845368455,F,18.06,2,19.69,39.38,36.12,3.260000000000005
516,2021-06-17 15:16:00,P0621,8,Americanexpress,374283409119633,F,17.47,1,18.59,18.59,17.47,1.120000000000001
517,2021-06-17 17:25:00,P0629,6,Visa,4041590460533204,F,6.4,1,7.79,7.79,6.4,1.3899999999999997
518,2021-06-17 17:48:00,P0103,5,Mastercard,5108755546891259,F,10.61,1,11.59,11.59,10.61,0.9800000000000004
519,2021-06-17 21:34:00,P0579,6,Unknown,676126883478208098,F,19.5,2,21.29,42.58,39.0,3.5799999999999983
520,2021-06-18 00:04:00,P0228,4,Visa,4041591458401,F,0.09,1,1.09,1.09,0.09,1.0
521,2021-06-18 03:43:00,P0297,8,Visa,4041593043127692,F,17.82,2,19.29,38.58,35.64,2.9399999999999977
522,2021-06-18 04:04:00,P0431,7,Mastercard,5048371325394136,F,10.67,2,11.59,23.18,21.34,1.8399999999999999
523,2021-06-18 04:57:00,P0387,8,Americanexpress,374283760089730,F,4.99,1,5.59,5.59,4.99,0.5999999999999996
524,2021-06-18 05:38:00,P0345,6,Visa,4041594486924595,F,7.18,1,8.19,8.19,7.18,1.0099999999999998
525,2021-06-18 05:43:00,P0738,8,Visa,4041594193302,F,15.42,2,17.19,34.38,30.84,3.5400000000000027
526,2021-06-18 09:51:00,P0228,7,Mastercard,5108758444573193,F,0.09,1,1.09,1.09,0.09,1.0
527,2021-06-18 11:23:00,P0176,8,Americanexpress,374288989929780,F,14.46,1,15.59,15.59,14.46,1.129999999999999
528,2021-06-18 12:25:00,P0672,5,Americanexpress,374288429215931,F,19.89,1,21.39,21.39,19.89,1.5
529,2021-06-18 15:48:00,P0638,5,Mastercard,5048375230821562,F,16.92,1,18.19,18.19,16.92,1.2699999999999996
530,2021-06-18 19:54:00,P0484,5,Mastercard,5048376949896341,T,10.9,2,11.59,23.18,21.8,1.379999999999999
531,2021-06-18 22:02:00,P0445,4,Visa,4041599891010880,T,0.15,1,1.19,1.19,0.15,1.04
532,2021-06-18 22:30:00,P0383,3,Visa,4041597501956,F,12.53,3,14.19,42.57,37.589999999999996,4.980000000000004
533,2021-06-18 22:41:00,P0228,6,Mastercard,5048374754900415,F,0.09,1,1.09,1.09,0.09,1.0
534,2021-06-19 00:15:00,P0312,5,Mastercard,5108750576554729,F,17.43,1,18.49,18.49,17.43,1.0599999999999987
535,2021-06-19 00:28:00,P0319,10,Mastercard,5108752439517174,F,3.51,2,4.69,9.38,7.02,2.360000000000001
536,2021-06-19 05:04:00,P0688,10,Americanexpress,374288401719629,T,0.81,1,1.59,1.59,0.81,0.78
537,2021-06-19 05:39:00,P0395,6,Mastercard,5048373810746432,F,2.55,1,3.59,3.59,2.55,1.04
538,2021-06-19 05:55:00,P0492,4,Visa,4041599568698,F,16.12,1,17.89,17.89,16.12,1.7699999999999996
539,2021-06-19 05:58:00,P0157,8,Americanexpress,374288879866936,T,2.95,2,4.09,8.18,5.9,2.2799999999999994
540,2021-06-19 06:25:00,P0211,9,Americanexpress,374283247376957,F,17.54,2,18.69,37.38,35.08,2.3000000000000043
541,2021-06-19 07:53:00,P0097,7,Mastercard,5108754159648494,F,9.91,1,11.29,11.29,9.91,1.379999999999999
542,2021-06-19 08:04:00,P0158,3,Mastercard,5048373796259814,F,3.02,2,4.19,8.38,6.04,2.3400000000000007
543,2021-06-19 08:20:00,P0358,6,Mastercard,5048378666058527,F,8.86,3,10.19,30.57,26.58,3.990000000000002
544,2021-06-19 10:12:00,P0237,3,Visa,4041595753489790,F,10.43,3,11.49,34.47,31.29,3.1799999999999997
545,2021-06-19 10:42:00,P0714,6,Visa,4041592382027638,F,0.66,2,1.49,2.98,1.32,1.66
546,2021-06-19 10:47:00,P0397,7,Visa,4041592328504,F,13.67,1,14.89,14.89,13.67,1.2200000000000006
547,2021-06-19 16:44:00,P0181,6,Visa,4041592834936055,F,1.62,1,1.79,1.79,1.62,0.16999999999999993
548,2021-06-19 17:07:00,P0557,6,Americanexpress,374283900033721,F,9.79,4,11.29,45.16,39.16,6.0
549,2021-06-19 17:13:00,P0402,5,Americanexpress,374288585558629,F,11.61,3,12.79,38.37,34.83,3.539999999999999
550,2021-06-19 19:20:00,P0263,6,Mastercard,5048370166697805,F,2.27,1,3.09,3.09,2.27,0.8199999999999998
551,2021-06-19 20:52:00,P0125,9,Visa,4041595389446,F,0.81,1,1.59,1.59,0.81,0.78
552,2021-06-19 21:07:00,P0060,9,Mastercard,5048375264958645,F,18.74,3,20.69,62.07000000000001,56.22,5.8500000000000085
553,2021-06-19 23:04:00,P0149,7,Americanexpress,374288210039532,F,2.06,2,2.69,5.38,4.12,1.2599999999999998
554,2021-06-20 00:04:00,P0387,6,Mastercard,5108759854540979,F,4.99,3,5.59,16.77,14.97,1.799999999999999
555,2021-06-20 01:01:00,P0603,2,Mastercard,5108752644812428,T,19.88,3,21.39,64.17,59.64,4.530000000000001
556,2021-06-20 01:48:00,P0395,10,Americanexpress,374283273782458,F,2.55,2,3.59,7.18,5.1,2.08
557,2021-06-20 02:41:00,P0435,7,Visa,4041593185994,F,7.88,1,8.39,8.39,7.88,0.5100000000000007
558,2021-06-20 04:45:00,P0060,3,Unknown,4138534515468499,T,18.74,2,20.69,41.38,37.48,3.9000000000000057
559,2021-06-20 05:52:00,P0291,8,Americanexpress,374288504198473,F,14.13,2,14.89,29.78,28.26,1.5199999999999996
560,2021-06-20 06:20:00,P0031,7,Visa,4041593567311490,F,3.05,3,4.29,12.870000000000001,9.149999999999999,3.7200000000000024
561,2021-06-20 07:14:00,P0389,9,Visa,4041598473775,T,5.95,1,7.19,7.19,5.95,1.2400000000000002
562,2021-06-20 08:16:00,P0503,3,Americanexpress,374283898872452,F,12.07,1,13.59,13.59,12.07,1.5199999999999996
563,2021-06-20 08:24:00,P0317,7,Visa,4041599156635,F,16.83,3,18.19,54.57000000000001,50.489999999999995,4.0800000000000125
564,2021-06-20 15:37:00,P0155,9,Visa,4041597247512872,F,7.92,1,8.39,8.39,7.92,0.47000000000000064
565,2021-06-20 15:58:00,P0445,7,Unknown,3550118425379185,F,0.15,1,1.19,1.19,0.15,1.04
566,2021-06-20 16:25:00,P0115,10,Americanexpress,374283512608068,F,5.84,1,7.09,7.09,5.84,1.25
567,2021-06-20 16:32:00,P0354,4,Mastercard,5108757569860559,F,15.35,1,17.09,17.09,15.35,1.7400000000000002
568,2021-06-20 22:42:00,P0164,7,Mastercard,5048374527933503,F,18.98,1,20.99,20.99,18.98,2.009999999999998
569,2021-06-20 22:45:00,P0460,4,Americanexpress,374288977050888,F,4.37,1,4.99,4.99,4.37,0.6200000000000001
570,2021-06-21 02:25:00,P0621,8,Visa,4041596765293899,F,17.47,2,18.59,37.18,34.94,2.240000000000002
571,2021-06-21 02:55:00,P0446,8,Mastercard,5108755735476722,F,16.57,2,18.09,36.18,33.14,3.039999999999999
572,2021-06-21 04:36:00,P0560,4,Americanexpress,374283229623863,F,1.4,2,1.69,3.38,2.8,0.5800000000000001
573,2021-06-21 06:36:00,P0138,11,Visa,4041596273060,F,10.34,2,11.49,22.98,20.68,2.3000000000000007
574,2021-06-21 08:38:00,P0432,7,Mastercard,5048373206909487,F,17.36,1,18.39,18.39,17.36,1.0300000000000011
575,2021-06-21 08:40:00,P0409,4,Visa,4041597093368,F,18.03,2,19.69,39.38,36.06,3.3200000000000003
576,2021-06-21 09:05:00,P0528,4,Visa,4041598830727,F,0.62,3,1.49,4.47,1.8599999999999999,2.61
577,2021-06-21 11:20:00,P0421,10,Americanexpress,374288078804514,F,13.89,1,14.89,14.89,13.89,1.0
578,2021-06-21 11:42:00,P0040,4,Unknown,201932915854518,F,15.75,1,17.59,17.59,15.75,1.8399999999999999
579,2021-06-21 18:54:00,P0258,4,Visa,4041592647242,F,16.65,2,18.09,36.18,33.3,2.8800000000000026
580,2021-06-21 21:54:00,P0575,7,Visa,4041594463937,F,2.81,3,3.99,11.97,8.43,3.540000000000001
581,2021-06-21 23:18:00,P0373,3,Visa,4041597595192764,F,12.85,3,14.49,43.47,38.55,4.920000000000002
582,2021-06-22 00:47:00,P0157,9,Americanexpress,374288602165085,F,2.95,4,4.09,16.36,11.8,4.559999999999999
583,2021-06-22 09:16:00,P0115,3,Americanexpress,374288561307736,F,5.84,1,7.09,7.09,5.84,1.25
584,2021-06-22 10:13:00,P0204,8,Mastercard,5048372372691614,F,9.72,1,11.19,11.19,9.72,1.4699999999999989
585,2021-06-22 10:50:00,P0486,2,Visa,4041590145736,F,6.52,1,7.89,7.89,6.52,1.37
586,2021-06-22 13:03:00,P0188,6,Visa,4041594585622,F,6.75,1,7.99,7.99,6.75,1.2400000000000002
587,2021-06-22 14:27:00,P0392,10,Mastercard,5108753950619423,F,13.78,1,14.89,14.89,13.78,1.1100000000000012
588,2021-06-22 14:31:00,P0416,7,Visa,4041598087418113,F,9.88,2,11.29,22.58,19.76,2.8199999999999967
589,2021-06-22 14:53:00,P0379,8,Mastercard,5048374000205890,F,6.12,2,7.49,14.98,12.24,2.74
590,2021-06-22 18:13:00,P0037,6,Americanexpress,374288149368978,F,18.48,3,20.39,61.17,55.44,5.730000000000004
591,2021-06-22 19:38:00,P0141,10,Visa,4041596154542609,F,14.75,2,16.09,32.18,29.5,2.6799999999999997
592,2021-06-22 19:45:00,P0522,5,Visa,4041598334720394,F,4.9,1,5.39,5.39,4.9,0.4899999999999993
593,2021-06-22 21:49:00,P0718,7,Visa,4041598328851015,F,9.82,2,11.29,22.58,19.64,2.9399999999999977
594,2021-06-23 00:47:00,P0172,6,Americanexpress,374288713458031,F,19.67,1,21.39,21.39,19.67,1.7199999999999989
595,2021-06-23 03:48:00,P0126,8,Mastercard,5108750499359461,F,12.18,1,13.79,13.79,12.18,1.6099999999999994
596,2021-06-23 04:25:00,P0662,5,Visa,4041591486033740,F,7.58,3,8.29,24.869999999999997,22.740000000000002,2.1299999999999955
597,2021-06-23 08:12:00,P0344,10,Visa,4041590414710,F,9.86,1,11.29,11.29,9.86,1.4299999999999997
598,2021-06-23 08:32:00,P0343,8,Americanexpress,374288837996049,F,3.66,1,4.79,4.79,3.66,1.13
599,2021-06-23 09:03:00,P0040,5,Americanexpress,374283593820293,T,15.75,4,17.59,70.36,63.0,7.359999999999999
600,2021-06-23 14:44:00,P0400,5,Mastercard,5108759460185524,F,6.39,1,7.69,7.69,6.39,1.3000000000000007
601,2021-06-23 16:26:00,P0258,6,Mastercard,5048378372351448,F,16.65,2,18.09,36.18,33.3,2.8800000000000026
602,2021-06-23 22:04:00,P0399,4,Mastercard,5048377910407548,F,9.83,1,11.29,11.29,9.83,1.459999999999999
603,2021-06-24 03:16:00,P0525,10,Americanexpress,374283511546855,F,13.86,4,14.89,59.56,55.44,4.1200000000000045
604,2021-06-24 07:04:00,P0418,4,Americanexpress,374288947219886,F,13.24,3,14.69,44.07,39.72,4.350000000000001
605,2021-06-24 07:45:00,P0533,7,Visa,4041595231614,T,1.5,5,1.69,8.45,7.5,0.9499999999999993
606,2021-06-24 08:57:00,P0603,7,Americanexpress,374288952651841,T,19.88,3,21.39,64.17,59.64,4.530000000000001
607,2021-06-24 11:45:00,P0410,7,Mastercard,5108755100267003,F,2.95,2,4.09,8.18,5.9,2.2799999999999994
608,2021-06-24 12:40:00,P0458,7,Unknown,5229908142660073,F,9.0,3,10.39,31.17,27.0,4.170000000000002
609,2021-06-24 21:20:00,P0079,4,Visa,4041590287529369,F,0.09,2,1.09,2.18,0.18,2.0
610,2021-06-25 02:45:00,P0483,5,Mastercard,5048378740246015,T,17.52,2,18.69,37.38,35.04,2.3400000000000034
611,2021-06-25 05:16:00,P0190,7,Americanexpress,374288743492596,F,18.93,2,20.89,41.78,37.86,3.9200000000000017
612,2021-06-25 06:01:00,P0475,5,Visa,4041598987360,F,8.08,3,8.79,26.369999999999997,24.240000000000002,2.1299999999999955
613,2021-06-25 06:39:00,P0522,4,Visa,4041597123488,F,4.9,2,5.39,10.78,9.8,0.9799999999999986
614,2021-06-25 12:06:00,P0402,8,Americanexpress,374283753039031,F,11.61,2,12.79,25.58,23.22,2.3599999999999994
615,2021-06-25 14:21:00,P0381,9,Visa,4041597911346,F,5.05,1,5.69,5.69,5.05,0.6400000000000006
616,2021-06-25 14:25:00,P0456,3,Americanexpress,374283875564114,F,18.35,3,20.19,60.57000000000001,55.050000000000004,5.520000000000003
617,2021-06-25 17:06:00,P0321,4,Americanexpress,374283122731102,T,17.35,1,18.29,18.29,17.35,0.9399999999999977
618,2021-06-25 18:02:00,P0531,6,Mastercard,5048373189974805,F,3.2,4,4.39,17.56,12.8,4.759999999999998
619,2021-06-25 20:28:00,P0498,5,Mastercard,5048372432960074,T,11.6,1,12.79,12.79,11.6,1.1899999999999995
620,2021-06-25 21:49:00,P0690,10,Visa,4041592239222,F,11.93,3,13.39,40.17,35.79,4.380000000000003
621,2021-06-25 22:16:00,P0036,7,Visa,4041598098775188,F,3.59,1,4.69,4.69,3.59,1.1000000000000005
622,2021-06-25 22:50:00,P0700,5,Visa,4041591903141,T,3.0,1,4.19,4.19,3.0,1.1900000000000004
623,2021-06-25 23:50:00,P0376,4,Mastercard,5108753400318378,F,10.3,3,11.49,34.47,30.900000000000002,3.5699999999999967
624,2021-06-26 00:04:00,P0702,4,Americanexpress,374288394959257,F,6.51,1,7.89,7.89,6.51,1.38
625,2021-06-26 02:35:00,P0556,7,Mastercard,5048371501499352,F,5.5,2,6.49,12.98,11.0,1.9800000000000004
626,2021-06-26 09:09:00,P0394,7,Visa,4041594037459489,F,8.44,3,9.49,28.47,25.32,3.1499999999999986
627,2021-06-26 09:43:00,P0517,6,Americanexpress,374288833023483,F,5.11,2,5.79,11.58,10.22,1.3599999999999994
628,2021-06-26 10:15:00,P0018,6,Americanexpress,374283114300619,F,17.1,3,18.19,54.57000000000001,51.300000000000004,3.270000000000003
629,2021-06-26 10:16:00,P0327,6,Mastercard,5108759347936826,F,7.13,1,8.19,8.19,7.13,1.0599999999999996
630,2021-06-26 14:00:00,P0450,7,Visa,4041594272783,F,3.76,2,4.79,9.58,7.52,2.0600000000000005
631,2021-06-26 17:42:00,P0314,4,Visa,4041590408910,F,14.84,2,16.29,32.58,29.68,2.8999999999999986
632,2021-06-26 18:45:00,P0482,6,Mastercard,5108756515460845,F,2.75,2,3.89,7.78,5.5,2.2800000000000002
633,2021-06-26 20:56:00,P0621,5,Unknown,3528086063304709,T,17.47,2,18.59,37.18,34.94,2.240000000000002
634,2021-06-27 00:35:00,P0185,4,Visa,4041590029724,T,12.05,2,13.59,27.18,24.1,3.0799999999999983
635,2021-06-27 01:04:00,P0706,3,Visa,4041593795081,F,17.68,3,18.99,56.97,53.04,3.9299999999999997
636,2021-06-27 02:14:00,P0505,3,Mastercard,5048375592235815,F,3.97,4,4.89,19.56,15.88,3.679999999999998
637,2021-06-27 02:35:00,P0649,4,Mastercard,5108753975466370,F,18.36,5,20.19,100.95,91.8,9.150000000000006
638,2021-06-27 02:38:00,P0294,6,Visa,4041597615087,F,12.38,2,13.99,27.98,24.76,3.219999999999999
639,2021-06-27 05:04:00,P0744,6,Americanexpress,374283263939373,F,7.42,2,8.29,16.58,14.84,1.7399999999999984
640,2021-06-27 06:48:00,P0500,6,Visa,4041591724037099,F,7.53,4,8.29,33.16,30.12,3.0399999999999956
641,2021-06-27 08:37:00,P0538,3,Mastercard,5108750400564746,F,5.83,2,7.09,14.18,11.66,2.5199999999999996
642,2021-06-27 08:56:00,P0460,6,Mastercard,5048370037981636,F,4.37,1,4.99,4.99,4.37,0.6200000000000001
643,2021-06-27 09:28:00,P0521,8,Mastercard,5048377061838236,F,16.37,1,17.99,17.99,16.37,1.6199999999999974
644,2021-06-27 10:52:00,P0459,6,Americanexpress,374283145256640,F,8.82,2,10.09,20.18,17.64,2.539999999999999
645,2021-06-27 12:52:00,P0263,7,Unknown,3577042946034153,F,2.27,1,3.09,3.09,2.27,0.8199999999999998
646,2021-06-27 12:56:00,P0353,6,Americanexpress,374288773651236,F,15.1,1,16.69,16.69,15.1,1.5900000000000016
647,2021-06-27 14:17:00,P0400,1,Americanexpress,374288538344358,F,6.39,1,7.69,7.69,6.39,1.3000000000000007
648,2021-06-27 14:31:00,P0412,7,Mastercard,5048377432705932,F,16.11,2,17.89,35.78,32.22,3.5600000000000023
649,2021-06-27 15:07:00,P0035,9,Mastercard,5108755307186931,F,11.76,2,13.09,26.18,23.52,2.66
650,2021-06-27 17:34:00,P0323,4,Visa,4041599343704,F,0.34,2,1.29,2.58,0.68,1.9
651,2021-06-27 19:02:00,P0429,4,Mastercard,5048375194674957,F,0.78,5,1.59,7.95,3.9000000000000004,4.05
652,2021-06-27 20:40:00,P0470,7,Americanexpress,374288515463163,F,18.14,1,19.89,19.89,18.14,1.75
653,2021-06-27 20:45:00,P0486,4,Americanexpress,374283624295713,F,6.52,1,7.89,7.89,6.52,1.37
654,2021-06-28 04:44:00,P0418,6,Mastercard,5108756683725243,F,13.24,3,14.69,44.07,39.72,4.350000000000001
655,2021-06-28 09:03:00,P0296,8,Mastercard,5108756459741010,F,2.96,2,4.09,8.18,5.92,2.26
656,2021-06-28 09:47:00,P0300,7,Mastercard,5048372970087157,F,7.58,2,8.29,16.58,15.16,1.4199999999999982
657,2021-06-28 13:40:00,P0006,9,Mastercard,5108751306426394,F,13.55,4,14.79,59.16,54.2,4.959999999999994
658,2021-06-28 15:00:00,P0579,6,Americanexpress,374288726668816,F,19.5,4,21.29,85.16,78.0,7.159999999999997
659,2021-06-28 16:43:00,P0524,9,Mastercard,5108755473938602,F,10.66,1,11.59,11.59,10.66,0.9299999999999997
660,2021-06-28 19:25:00,P0296,6,Visa,4041590041393334,F,2.96,4,4.09,16.36,11.84,4.52
661,2021-06-28 19:37:00,P0590,6,Mastercard,5048377904600678,F,8.1,4,8.79,35.16,32.4,2.759999999999998
662,2021-06-28 22:05:00,P0416,6,Mastercard,5048375057617853,T,9.88,1,11.29,11.29,9.88,1.4099999999999984
663,2021-06-29 00:41:00,P0305,7,Visa,4041597906114,F,8.74,2,9.99,19.98,17.48,2.5
664,2021-06-29 01:51:00,P0628,3,Mastercard,5108752154690313,F,16.23,3,17.99,53.97,48.69,5.280000000000001
665,2021-06-29 03:40:00,P0357,5,Visa,4041594547416,F,3.34,2,4.49,8.98,6.68,2.3000000000000007
666,2021-06-29 08:10:00,P0078,4,Visa,4041594895716,F,17.81,2,19.29,38.58,35.62,2.960000000000001
667,2021-06-29 11:58:00,P0475,4,Visa,4041594437247484,F,8.08,3,8.79,26.369999999999997,24.240000000000002,2.1299999999999955
668,2021-06-29 11:59:00,P0510,8,Visa,4041591233549,F,9.35,1,10.89,10.89,9.35,1.540000000000001
669,2021-06-29 12:42:00,P0366,5,Visa,4041598437161579,T,13.27,4,14.69,58.76,53.08,5.68
670,2021-06-29 15:54:00,P0272,4,Americanexpress,374288808222466,F,5.35,5,6.29,31.45,26.75,4.699999999999999
671,2021-06-29 16:15:00,P0463,7,Americanexpress,374283792855165,F,12.96,1,14.59,14.59,12.96,1.629999999999999
672,2021-06-29 16:43:00,P0240,5,Americanexpress,374288195830426,F,1.27,1,1.69,1.69,1.27,0.41999999999999993
673,2021-06-29 18:21:00,P0319,1,Americanexpress,374288259024320,F,3.51,1,4.69,4.69,3.51,1.1800000000000006
674,2021-06-29 20:19:00,P0211,6,Visa,4041594833242261,F,17.54,1,18.69,18.69,17.54,1.1500000000000021
675,2021-06-30 04:04:00,P0708,5,Visa,4041590910576,T,17.79,3,19.19,57.57000000000001,53.37,4.20000000000001
676,2021-06-30 07:52:00,P0413,5,Visa,4041596500280,F,7.35,2,8.19,16.38,14.7,1.6799999999999997
677,2021-06-30 11:02:00,P0396,8,Americanexpress,374288090256214,F,4.18,2,4.89,9.78,8.36,1.42
678,2021-06-30 11:37:00,P0559,7,Visa,4041591135070390,F,6.29,3,7.69,23.07,18.87,4.199999999999999
679,2021-06-30 14:40:00,P0641,3,Mastercard,5048374395386628,F,13.58,2,14.79,29.58,27.16,2.419999999999998
680,2021-06-30 15:08:00,P0410,4,Americanexpress,374288809637118,F,2.95,1,4.09,4.09,2.95,1.1399999999999997
681,2021-06-30 16:07:00,P0134,6,Americanexpress,374288052303988,F,10.28,1,11.49,11.49,10.28,1.2100000000000009
682,2021-06-30 16:47:00,P0214,7,Visa,4041592420376,F,3.27,1,4.49,4.49,3.27,1.2200000000000002
683,2021-06-30 17:12:00,P0232,9,Mastercard,5048373152696971,F,1.66,2,1.89,3.78,3.32,0.45999999999999996
684,2021-06-30 20:14:00,P0364,4,Mastercard,5108753605508468,F,15.78,3,17.59,52.769999999999996,47.339999999999996,5.43
685,2021-06-30 22:32:00,P0331,7,Americanexpress,374283209268572,F,15.79,1,17.59,17.59,15.79,1.8000000000000007
686,2021-07-01 00:41:00,P0102,5,Americanexpress,374283584935498,F,16.26,4,17.99,71.96,65.04,6.9199999999999875
687,2021-07-01 03:18:00,P0104,5,Americanexpress,374283906136429,F,14.48,4,15.59,62.36,57.92,4.439999999999998
688,2021-07-01 06:38:00,P0300,2,Visa,4041597969872,F,7.58,1,8.29,8.29,7.58,0.7099999999999991
689,2021-07-01 07:19:00,P0305,12,Mastercard,5108759622143007,T,8.74,1,9.99,9.99,8.74,1.25
690,2021-07-01 07:48:00,P0551,5,Americanexpress,374288693632951,F,3.29,2,4.49,8.98,6.58,2.4000000000000004
691,2021-07-01 08:09:00,P0430,10,Americanexpress,374283208814251,F,17.67,1,18.99,18.99,17.67,1.3199999999999967
692,2021-07-01 09:42:00,P0205,6,Visa,4041590912683334,T,16.68,1,18.09,18.09,16.68,1.4100000000000001
693,2021-07-01 11:01:00,P0487,3,Mastercard,5108758217663643,F,11.44,1,12.49,12.49,11.44,1.0500000000000007
694,2021-07-01 12:22:00,P0161,6,Mastercard,5108750128926466,T,19.42,2,21.29,42.58,38.84,3.739999999999995
695,2021-07-01 18:09:00,P0641,8,Americanexpress,374283652467424,F,13.58,2,14.79,29.58,27.16,2.419999999999998
696,2021-07-01 18:31:00,P0203,8,Mastercard,5048376290062071,F,4.78,2,5.09,10.18,9.56,0.6199999999999992
697,2021-07-01 18:42:00,P0417,7,Visa,4041595361098,F,16.73,4,18.09,72.36,66.92,5.439999999999998
698,2021-07-01 21:41:00,P0549,3,Americanexpress,374288548858322,T,16.85,2,18.19,36.38,33.7,2.6799999999999997
699,2021-07-01 22:49:00,P0101,7,Visa,4041590843080451,F,16.11,2,17.89,35.78,32.22,3.5600000000000023
700,2021-07-01 23:31:00,P0313,3,Mastercard,5048377141094198,F,8.53,4,9.59,38.36,34.12,4.240000000000002
701,2021-07-02 04:38:00,P0418,11,Mastercard,5108753118104045,F,13.24,1,14.69,14.69,13.24,1.4499999999999993
702,2021-07-02 07:17:00,P0570,8,Visa,4041593926187227,F,2.32,3,3.19,9.57,6.959999999999999,2.610000000000001
703,2021-07-02 09:42:00,P0277,8,Visa,4041592132083246,T,3.87,3,4.89,14.669999999999998,11.61,3.0599999999999987
704,2021-07-02 10:52:00,P0072,8,Mastercard,5048376187849192,F,13.26,2,14.69,29.38,26.52,2.8599999999999994
705,2021-07-02 12:33:00,P0556,5,Mastercard,5048373816098366,F,5.5,1,6.49,6.49,5.5,0.9900000000000002
706,2021-07-02 14:16:00,P0174,5,Visa,4041595602855,F,2.25,1,2.99,2.99,2.25,0.7400000000000002
707,2021-07-02 15:02:00,P0329,8,Mastercard,5108752360260398,T,3.45,2,4.59,9.18,6.9,2.2799999999999994
708,2021-07-02 20:26:00,P0255,3,Mastercard,5108751852981032,F,18.85,1,20.79,20.79,18.85,1.9399999999999977
709,2021-07-03 04:40:00,P0318,9,Mastercard,5108751395209701,F,6.76,4,7.99,31.96,27.04,4.920000000000002
710,2021-07-03 07:16:00,P0056,3,Americanexpress,374288179611594,F,5.95,1,7.19,7.19,5.95,1.2400000000000002
711,2021-07-03 09:33:00,P0658,9,Mastercard,5108750365444959,F,2.92,1,4.09,4.09,2.92,1.17
712,2021-07-03 12:35:00,P0232,10,Visa,4041598075380,F,1.66,1,1.89,1.89,1.66,0.22999999999999998
713,2021-07-03 12:48:00,P0391,6,Americanexpress,374283657673729,F,1.6,1,1.79,1.79,1.6,0.18999999999999995
714,2021-07-03 14:09:00,P0461,4,Americanexpress,374288913903984,F,15.83,2,17.69,35.38,31.66,3.7200000000000024
715,2021-07-03 17:38:00,P0253,6,Mastercard,5108759896909224,F,3.09,4,4.29,17.16,12.36,4.800000000000001
716,2021-07-03 20:46:00,P0282,7,Americanexpress,374283619259914,T,10.86,1,11.59,11.59,10.86,0.7300000000000004
717,2021-07-03 23:34:00,P0394,4,Americanexpress,374283181334020,F,8.44,3,9.49,28.47,25.32,3.1499999999999986
718,2021-07-04 04:08:00,P0503,5,Mastercard,5048377654637250,F,12.07,1,13.59,13.59,12.07,1.5199999999999996
719,2021-07-04 04:34:00,P0395,6,Americanexpress,374288833397101,F,2.55,1,3.59,3.59,2.55,1.04
720,2021-07-04 05:23:00,P0445,7,Visa,4041594160293,F,0.15,2,1.19,2.38,0.3,2.08
721,2021-07-04 05:26:00,P0398,5,Mastercard,5108756038622491,F,1.75,1,2.09,2.09,1.75,0.33999999999999986
722,2021-07-04 08:43:00,P0250,4,Unknown,676168297723394307,F,16.08,1,17.89,17.89,16.08,1.8100000000000023
723,2021-07-04 09:00:00,P0364,8,Mastercard,5048372622993521,F,15.78,4,17.59,70.36,63.12,7.240000000000002
724,2021-07-04 09:07:00,P0111,6,Americanexpress,374288614592821,F,11.74,3,13.09,39.269999999999996,35.22,4.049999999999997
725,2021-07-04 12:41:00,P0511,9,Americanexpress,374283512052986,F,7.06,3,8.19,24.57,21.18,3.3900000000000006
726,2021-07-04 16:42:00,P0551,3,Visa,4041592546154,F,3.29,1,4.49,4.49,3.29,1.2000000000000002
727,2021-07-04 22:04:00,P0296,7,Mastercard,5048377489370804,F,2.96,3,4.09,12.27,8.879999999999999,3.3900000000000006
728,2021-07-04 22:40:00,P0748,9,Mastercard,5048374719597256,F,10.22,3,11.49,34.47,30.660000000000004,3.809999999999995
729,2021-07-04 23:28:00,P0331,5,Visa,4041590775107355,F,15.79,1,17.59,17.59,15.79,1.8000000000000007
730,2021-07-05 00:20:00,P0569,7,Mastercard,5108752643056167,F,6.84,2,8.09,16.18,13.68,2.5
731,2021-07-05 01:37:00,P0649,10,Visa,4041596587964,F,18.36,1,20.19,20.19,18.36,1.8300000000000018
732,2021-07-05 02:04:00,P0676,6,Americanexpress,374283612128629,T,4.72,2,4.99,9.98,9.44,0.5400000000000009
733,2021-07-05 02:15:00,P0551,9,Mastercard,5048373969185457,F,3.29,1,4.49,4.49,3.29,1.2000000000000002
734,2021-07-05 02:39:00,P0204,4,Mastercard,5048373072938818,F,9.72,2,11.19,22.38,19.44,2.9399999999999977
735,2021-07-05 07:04:00,P0571,6,Americanexpress,374283298314519,F,4.35,5,4.99,24.950000000000003,21.75,3.200000000000003
736,2021-07-05 07:52:00,P0176,6,Visa,4041594049290567,F,14.46,1,15.59,15.59,14.46,1.129999999999999
737,2021-07-05 08:03:00,P0475,3,Mastercard,5108754276442755,F,8.08,1,8.79,8.79,8.08,0.7099999999999991
738,2021-07-05 16:54:00,P0232,8,Americanexpress,374288438721507,F,1.66,1,1.89,1.89,1.66,0.22999999999999998
739,2021-07-05 17:04:00,P0294,6,Visa,4041593594375138,F,12.38,1,13.99,13.99,12.38,1.6099999999999994
740,2021-07-05 21:08:00,P0665,2,Mastercard,5048373915010635,F,5.54,5,6.59,32.95,27.7,5.2500000000000036
741,2021-07-05 21:16:00,P0685,5,Visa,4041593401755,F,16.26,3,17.99,53.97,48.78,5.189999999999998
742,2021-07-05 21:34:00,P0314,0,Visa,4041595118311838,F,14.84,4,16.29,65.16,59.36,5.799999999999997
743,2021-07-05 21:48:00,P0333,8,Americanexpress,374288761001485,F,16.61,3,18.09,54.269999999999996,49.83,4.439999999999998
744,2021-07-05 22:31:00,P0507,5,Visa,4041592083027952,F,8.17,3,8.89,26.67,24.509999999999998,2.1600000000000037
745,2021-07-05 23:12:00,P0739,3,Mastercard,5108754680096759,F,10.65,1,11.59,11.59,10.65,0.9399999999999995
746,2021-07-06 06:18:00,P0170,3,Visa,4041595025024,F,8.13,1,8.89,8.89,8.13,0.7599999999999998
747,2021-07-06 08:46:00,P0539,4,Americanexpress,374288013995005,F,8.13,1,8.89,8.89,8.13,0.7599999999999998
748,2021-07-06 12:54:00,P0008,7,Visa,4041597898055,F,13.59,1,14.79,14.79,13.59,1.1999999999999993
749,2021-07-06 14:44:00,P0538,6,Americanexpress,374283033871369,F,5.83,4,7.09,28.36,23.32,5.039999999999999
750,2021-07-06 16:25:00,P0175,4,Americanexpress,374288011080925,F,10.26,2,11.49,22.98,20.52,2.460000000000001
751,2021-07-06 18:42:00,P0429,4,Visa,4041597213982,F,0.78,1,1.59,1.59,0.78,0.81
752,2021-07-06 22:11:00,P0588,8,Mastercard,5108751552839753,F,12.31,1,13.89,13.89,12.31,1.58
753,2021-07-06 23:51:00,P0238,11,Mastercard,5048373009756523,F,6.0,2,7.29,14.58,12.0,2.58
754,2021-07-07 00:26:00,P0139,2,Americanexpress,374283008606121,F,4.69,2,4.99,9.98,9.38,0.5999999999999996
755,2021-07-07 03:08:00,P0406,7,Mastercard,5108756327847239,F,7.19,3,8.19,24.57,21.57,3.0
756,2021-07-07 04:08:00,P0518,9,Visa,4041592151369,F,16.41,4,17.99,71.96,65.64,6.319999999999993
757,2021-07-07 08:18:00,P0466,5,Visa,4041597628129635,F,14.01,2,14.89,29.78,28.02,1.7600000000000016
758,2021-07-07 10:11:00,P0571,6,Mastercard,5048373787733710,F,4.35,3,4.99,14.97,13.049999999999999,1.9200000000000017
759,2021-07-07 12:37:00,P0280,7,Mastercard,5048374479676654,F,6.26,3,7.59,22.77,18.78,3.9899999999999984
760,2021-07-07 15:46:00,P0251,5,Mastercard,5048373806436931,T,2.11,1,2.79,2.79,2.11,0.6800000000000002
761,2021-07-07 19:20:00,P0440,7,Mastercard,5048379005565982,F,8.88,3,10.19,30.57,26.64,3.9299999999999997
762,2021-07-07 22:46:00,P0446,5,Visa,4041599957847944,T,16.57,3,18.09,54.269999999999996,49.71,4.559999999999995
763,2021-07-07 23:14:00,P0043,5,Mastercard,5048371729598001,T,18.52,1,20.39,20.39,18.52,1.870000000000001
764,2021-07-08 02:39:00,P0522,8,Visa,4041597511761072,F,4.9,1,5.39,5.39,4.9,0.4899999999999993
765,2021-07-08 03:42:00,P0597,4,Americanexpress,374288383073995,F,12.19,2,13.79,27.58,24.38,3.1999999999999993
766,2021-07-08 07:14:00,P0470,8,Visa,4041592952121,F,18.14,1,19.89,19.89,18.14,1.75
767,2021-07-08 07:16:00,P0126,5,Visa,4041597038033,F,12.18,3,13.79,41.37,36.54,4.829999999999998
768,2021-07-08 09:11:00,P0242,8,Mastercard,5048379402965793,T,1.6,2,1.79,3.58,3.2,0.3799999999999999
769,2021-07-08 09:51:00,P0547,4,Unknown,3533422084130513,T,20.0,1,21.49,21.49,20.0,1.4899999999999984
770,2021-07-08 09:58:00,P0199,4,Visa,4041594809561116,F,6.42,3,7.79,23.37,19.259999999999998,4.110000000000003
771,2021-07-08 14:41:00,P0265,5,Americanexpress,374283747387918,F,19.23,1,21.19,21.19,19.23,1.9600000000000009
772,2021-07-08 15:47:00,P0611,11,Visa,4041596658770516,F,17.9,4,19.39,77.56,71.6,5.960000000000008
773,2021-07-08 22:28:00,P0401,6,Visa,4041594115718798,T,16.69,2,18.09,36.18,33.38,2.799999999999997
774,2021-07-09 01:43:00,P0286,9,Americanexpress,374283966704108,F,10.87,6,11.59,69.53999999999999,65.22,4.319999999999993
775,2021-07-09 03:10:00,P0130,6,Visa,4041599722679085,F,15.79,3,17.59,52.769999999999996,47.37,5.399999999999999
776,2021-07-09 10:22:00,P0551,10,Americanexpress,374283008781387,F,3.29,1,4.49,4.49,3.29,1.2000000000000002
777,2021-07-09 11:25:00,P0499,5,Visa,4041599501467,F,16.3,1,17.99,17.99,16.3,1.6899999999999977
778,2021-07-09 11:27:00,P0486,9,Mastercard,5048377267161615,F,6.52,3,7.89,23.669999999999998,19.56,4.109999999999999
779,2021-07-09 11:28:00,P0442,6,Americanexpress,374283300082930,F,14.89,2,16.39,32.78,29.78,3.0
780,2021-07-09 13:59:00,P0278,5,Americanexpress,374283304760168,F,13.24,1,14.69,14.69,13.24,1.4499999999999993
781,2021-07-09 18:46:00,P0554,9,Americanexpress,374283228329355,F,1.62,2,1.79,3.58,3.24,0.33999999999999986
782,2021-07-09 23:27:00,P0184,4,Americanexpress,374288756500533,F,1.21,2,1.69,3.38,2.42,0.96
783,2021-07-10 05:21:00,P0204,5,Unknown,30043897876631,F,9.72,3,11.19,33.57,29.160000000000004,4.409999999999997
784,2021-07-10 07:09:00,P0294,5,Mastercard,5108755204393432,F,12.38,1,13.99,13.99,12.38,1.6099999999999994
785,2021-07-10 09:07:00,P0296,7,Mastercard,5108753009810908,F,2.96,1,4.09,4.09,2.96,1.13
786,2021-07-10 09:42:00,P0110,9,Mastercard,5048376076246906,T,14.28,3,15.19,45.57,42.839999999999996,2.730000000000004
787,2021-07-10 10:23:00,P0676,6,Visa,4041593351556086,F,4.72,3,4.99,14.97,14.16,0.8100000000000005
788,2021-07-10 13:33:00,P0608,8,Americanexpress,374288336834428,F,11.04,1,11.69,11.69,11.04,0.6500000000000004
789,2021-07-10 16:36:00,P0350,6,Visa,4041598315070611,F,17.21,2,18.19,36.38,34.42,1.9600000000000009
790,2021-07-10 19:11:00,P0672,3,Visa,4041598143137632,F,19.89,5,21.39,106.95,99.45,7.5
791,2021-07-10 19:46:00,P0574,8,Visa,4041591320666044,F,9.21,1,10.69,10.69,9.21,1.4799999999999986
792,2021-07-10 22:09:00,P0179,1,Visa,4041591275086487,F,5.8,1,6.99,6.99,5.8,1.1900000000000004
793,2021-07-10 22:35:00,P0200,4,Mastercard,5108751170987612,F,19.29,1,21.19,21.19,19.29,1.9000000000000021
794,2021-07-11 02:00:00,P0495,6,Visa,4041593844004,F,4.23,1,4.99,4.99,4.23,0.7599999999999998
795,2021-07-11 03:03:00,P0397,7,Visa,4041599817750734,F,13.67,2,14.89,29.78,27.34,2.4400000000000013
796,2021-07-11 03:26:00,P0117,9,Visa,4041594950933,F,8.82,3,10.09,30.27,26.46,3.8099999999999987
797,2021-07-11 04:27:00,P0198,3,Mastercard,5048378708802403,F,17.0,3,18.19,54.57000000000001,51.0,3.5700000000000074
798,2021-07-11 06:25:00,P0446,4,Visa,4041594433085334,F,16.57,3,18.09,54.269999999999996,49.71,4.559999999999995
799,2021-07-11 09:35:00,P0201,7,Americanexpress,374288021956700,F,9.9,2,11.29,22.58,19.8,2.7799999999999976
800,2021-07-11 09:43:00,P0274,9,Americanexpress,374283275037380,F,11.65,2,12.89,25.78,23.3,2.4800000000000004
801,2021-07-11 11:26:00,P0459,5,Visa,4041596777227695,F,8.82,3,10.09,30.27,26.46,3.8099999999999987
802,2021-07-11 13:58:00,P0299,4,Americanexpress,374288472853349,F,13.5,2,14.79,29.58,27.0,2.5799999999999983
803,2021-07-11 20:06:00,P0735,7,Visa,4041596093278,F,6.74,3,7.99,23.97,20.22,3.75
804,2021-07-11 21:35:00,P0471,4,Mastercard,5108750718886302,F,14.12,2,14.89,29.78,28.24,1.5400000000000027
805,2021-07-11 22:16:00,P0636,6,Americanexpress,374288873477318,T,5.02,2,5.59,11.18,10.04,1.1400000000000006
806,2021-07-12 01:19:00,P0529,7,Mastercard,5048374360513149,F,17.59,3,18.79,56.37,52.769999999999996,3.6000000000000014
807,2021-07-12 02:38:00,P0025,5,Mastercard,5048377221590685,F,14.18,3,14.99,44.97,42.54,2.4299999999999997
808,2021-07-12 09:52:00,P0324,3,Visa,4041596504399,F,4.58,2,4.99,9.98,9.16,0.8200000000000003
809,2021-07-12 11:44:00,P0286,4,Americanexpress,374283343752630,F,10.87,5,11.59,57.95,54.349999999999994,3.6000000000000085
810,2021-07-12 13:33:00,P0658,7,Mastercard,5048378193730051,F,2.92,1,4.09,4.09,2.92,1.17
811,2021-07-12 17:45:00,P0524,5,Mastercard,5108750812834018,F,10.66,5,11.59,57.95,53.3,4.650000000000006
812,2021-07-12 18:49:00,P0033,4,Unknown,6763324902766706,F,14.84,3,16.29,48.87,44.519999999999996,4.350000000000001
813,2021-07-12 18:52:00,P0392,6,Visa,4041595266728601,T,13.78,1,14.89,14.89,13.78,1.1100000000000012
814,2021-07-12 20:27:00,P0493,3,Visa,4041592828982,F,18.02,2,19.69,39.38,36.04,3.3400000000000034
815,2021-07-12 20:35:00,P0237,6,Unknown,604486588158890,F,10.43,2,11.49,22.98,20.86,2.120000000000001
816,2021-07-12 23:06:00,P0597,3,Visa,4041594089490218,F,12.19,2,13.79,27.58,24.38,3.1999999999999993
817,2021-07-13 02:00:00,P0363,6,Mastercard,5048377734553469,F,14.85,2,16.29,32.58,29.7,2.879999999999999
818,2021-07-13 04:38:00,P0201,6,Americanexpress,374288210091434,F,9.9,3,11.29,33.87,29.700000000000003,4.169999999999995
819,2021-07-13 05:59:00,P0319,4,Visa,4041591338475313,F,3.51,3,4.69,14.07,10.53,3.540000000000001
820,2021-07-13 08:42:00,P0334,6,Americanexpress,374283534760210,F,5.53,1,6.59,6.59,5.53,1.0599999999999996
821,2021-07-13 09:03:00,P0574,6,Americanexpress,374288670659118,F,9.21,1,10.69,10.69,9.21,1.4799999999999986
822,2021-07-13 09:15:00,P0380,4,Visa,4041593124373,T,10.56,3,11.59,34.769999999999996,31.68,3.0899999999999963
823,2021-07-13 09:21:00,P0357,7,Mastercard,5108753556669954,F,3.34,2,4.49,8.98,6.68,2.3000000000000007
824,2021-07-13 13:28:00,P0513,7,Visa,4041591673397,F,0.97,3,1.59,4.7700000000000005,2.91,1.8600000000000003
825,2021-07-13 14:01:00,P0463,8,Americanexpress,374288829474427,F,12.96,3,14.59,43.769999999999996,38.88,4.8899999999999935
826,2021-07-13 15:10:00,P0412,6,Visa,4041596255992,F,16.11,1,17.89,17.89,16.11,1.7800000000000011
827,2021-07-13 18:15:00,P0238,4,Mastercard,5108754002343384,T,6.0,2,7.29,14.58,12.0,2.58
828,2021-07-13 20:11:00,P0544,7,Mastercard,5048375335712682,F,19.72,2,21.39,42.78,39.44,3.3400000000000034
829,2021-07-13 21:25:00,P0534,7,Americanexpress,374288689891702,F,7.63,5,8.29,41.449999999999996,38.15,3.299999999999997
830,2021-07-13 21:56:00,P0269,10,Mastercard,5048374013862414,F,13.6,4,14.79,59.16,54.4,4.759999999999998
831,2021-07-13 23:44:00,P0156,6,Americanexpress,374288805649885,F,11.37,1,12.39,12.39,11.37,1.0200000000000014
832,2021-07-14 04:23:00,P0497,5,Visa,4041593770049945,F,19.75,4,21.39,85.56,79.0,6.560000000000002
833,2021-07-14 06:39:00,P0141,8,Visa,4041592364483,F,14.75,2,16.09,32.18,29.5,2.6799999999999997
834,2021-07-14 07:48:00,P0453,6,Mastercard,5108751809874793,F,12.82,3,14.49,43.47,38.46,5.009999999999998
835,2021-07-14 10:38:00,P0189,8,Americanexpress,374283647903897,F,13.1,1,14.69,14.69,13.1,1.5899999999999999
836,2021-07-14 14:19:00,P0455,7,Mastercard,5048379229350153,F,1.63,1,1.79,1.79,1.63,0.16000000000000014
837,2021-07-14 14:43:00,P0665,4,Americanexpress,374288455364645,F,5.54,5,6.59,32.95,27.7,5.2500000000000036
838,2021-07-14 16:12:00,P0495,7,Americanexpress,374283191031012,F,4.23,1,4.99,4.99,4.23,0.7599999999999998
839,2021-07-14 17:53:00,P0473,7,Visa,4041599219925595,F,4.79,5,5.19,25.950000000000003,23.95,2.0000000000000036
840,2021-07-14 19:33:00,P0489,6,Americanexpress,374288795893030,F,8.46,1,9.49,9.49,8.46,1.0299999999999994
841,2021-07-14 19:58:00,P0358,7,Mastercard,5048377533526559,F,8.86,3,10.19,30.57,26.58,3.990000000000002
842,2021-07-14 20:21:00,P0387,6,Americanexpress,374283508451986,F,4.99,2,5.59,11.18,9.98,1.1999999999999993
843,2021-07-14 22:09:00,P0322,4,Visa,4041599517646,F,13.65,1,14.89,14.89,13.65,1.2400000000000002
844,2021-07-14 23:17:00,P0004,9,Americanexpress,374283692389349,F,1.39,1,1.69,1.69,1.39,0.30000000000000004
845,2021-07-15 00:38:00,P0339,2,Visa,4041592168660,F,19.62,4,21.39,85.56,78.48,7.079999999999998
846,2021-07-15 03:45:00,P0425,6,Americanexpress,374288371720276,F,10.49,1,11.49,11.49,10.49,1.0
847,2021-07-15 10:44:00,P0252,5,Visa,4041595089160,F,3.86,1,4.89,4.89,3.86,1.0299999999999998
848,2021-07-15 12:34:00,P0381,5,Americanexpress,374283317019883,T,5.05,3,5.69,17.07,15.149999999999999,1.9200000000000017
849,2021-07-15 13:16:00,P0409,4,Americanexpress,374283648435899,T,18.03,1,19.69,19.69,18.03,1.6600000000000001
850,2021-07-15 14:06:00,P0531,3,Americanexpress,374283433418175,F,3.2,1,4.39,4.39,3.2,1.1899999999999995
851,2021-07-15 15:01:00,P0475,12,Mastercard,5108752811960877,F,8.08,1,8.79,8.79,8.08,0.7099999999999991
852,2021-07-15 16:20:00,P0632,9,Mastercard,5108751655260105,F,7.68,1,8.29,8.29,7.68,0.6099999999999994
853,2021-07-15 19:10:00,P0487,7,Visa,4041595915490710,F,11.44,2,12.49,24.98,22.88,2.1000000000000014
854,2021-07-16 02:58:00,P0295,4,Visa,4041595327230969,F,1.43,1,1.69,1.69,1.43,0.26
855,2021-07-16 06:42:00,P0673,7,Americanexpress,374288242646494,F,1.5,2,1.69,3.38,3.0,0.3799999999999999
856,2021-07-16 06:48:00,P0343,6,Mastercard,5048374039101573,T,3.66,2,4.79,9.58,7.32,2.26
857,2021-07-16 06:51:00,P0200,5,Mastercard,5108750356063818,F,19.29,2,21.19,42.38,38.58,3.8000000000000043
858,2021-07-16 10:54:00,P0162,5,Americanexpress,374283564080646,T,18.21,1,19.99,19.99,18.21,1.7799999999999976
859,2021-07-16 12:27:00,P0463,4,Mastercard,5048372144909096,F,12.96,2,14.59,29.18,25.92,3.259999999999998
860,2021-07-16 13:22:00,P0613,6,Visa,4041598879393,T,9.94,1,11.39,11.39,9.94,1.450000000000001
861,2021-07-16 14:27:00,P0304,4,Visa,4041596689786,F,9.19,1,10.69,10.69,9.19,1.5
862,2021-07-16 14:46:00,P0202,5,Mastercard,5048371828056356,F,7.25,5,8.19,40.949999999999996,36.25,4.699999999999996
863,2021-07-16 15:43:00,P0154,3,Visa,4041593785231,F,6.06,2,7.39,14.78,12.12,2.66
864,2021-07-16 16:35:00,P0216,5,Americanexpress,374288927775618,F,13.96,1,14.89,14.89,13.96,0.9299999999999997
865,2021-07-16 17:05:00,P0158,8,Americanexpress,374288904051918,T,3.02,2,4.19,8.38,6.04,2.3400000000000007
866,2021-07-16 19:54:00,P0550,4,Americanexpress,374288833429417,F,15.35,3,17.09,51.269999999999996,46.05,5.219999999999999
867,2021-07-17 01:14:00,P0014,6,Americanexpress,374288316526416,F,1.61,2,1.79,3.58,3.22,0.3599999999999999
868,2021-07-17 02:36:00,P0135,7,Mastercard,5048372315702544,F,2.03,1,2.59,2.59,2.03,0.56
869,2021-07-17 02:53:00,P0747,5,Americanexpress,374288198931429,F,14.79,2,16.19,32.38,29.58,2.8000000000000043
870,2021-07-17 04:43:00,P0514,5,Visa,4041591935605205,F,18.98,1,20.99,20.99,18.98,2.009999999999998
871,2021-07-17 04:52:00,P0300,7,Americanexpress,374288423905529,F,7.58,1,8.29,8.29,7.58,0.7099999999999991
872,2021-07-17 05:55:00,P0170,9,Mastercard,5048372412373876,F,8.13,1,8.89,8.89,8.13,0.7599999999999998
873,2021-07-17 07:24:00,P0432,8,Mastercard,5108756926409183,F,17.36,3,18.39,55.17,52.08,3.0900000000000034
874,2021-07-17 11:12:00,P0620,3,Mastercard,5108750987063385,F,18.49,3,20.39,61.17,55.47,5.700000000000003
875,2021-07-17 14:00:00,P0310,7,Mastercard,5108755624177183,F,14.48,2,15.59,31.18,28.96,2.219999999999999
876,2021-07-17 14:12:00,P0469,6,Americanexpress,374288080406233,F,0.92,1,1.59,1.59,0.92,0.67
877,2021-07-17 15:44:00,P0301,6,Americanexpress,374283939185906,F,15.18,3,16.79,50.37,45.54,4.829999999999998
878,2021-07-17 16:34:00,P0638,4,Visa,4041591843346702,F,16.92,4,18.19,72.76,67.68,5.079999999999998
879,2021-07-17 20:41:00,P0038,7,Mastercard,5048377481317852,F,4.71,2,4.99,9.98,9.42,0.5600000000000005
880,2021-07-17 23:56:00,P0282,7,Mastercard,5048378044847591,F,10.86,1,11.59,11.59,10.86,0.7300000000000004
881,2021-07-18 02:08:00,P0151,4,Mastercard,5108757836894589,F,16.15,1,17.89,17.89,16.15,1.740000000000002
882,2021-07-18 09:00:00,P0134,5,Visa,4041596562496,F,10.28,4,11.49,45.96,41.12,4.840000000000003
883,2021-07-18 10:27:00,P0549,5,Americanexpress,374288909290073,F,16.85,4,18.19,72.76,67.4,5.359999999999999
884,2021-07-18 12:08:00,P0475,5,Americanexpress,374288483381439,F,8.08,1,8.79,8.79,8.08,0.7099999999999991
885,2021-07-18 14:46:00,P0246,7,Americanexpress,374283520567587,F,18.7,1,20.69,20.69,18.7,1.990000000000002
886,2021-07-18 21:39:00,P0432,3,Mastercard,5048374563939141,F,17.36,3,18.39,55.17,52.08,3.0900000000000034
887,2021-07-19 00:19:00,P0125,2,Visa,4041591254586721,F,0.81,1,1.59,1.59,0.81,0.78
888,2021-07-19 03:31:00,P0210,1,Mastercard,5048373600074953,F,2.78,1,3.89,3.89,2.78,1.1100000000000003
889,2021-07-19 04:27:00,P0363,6,Americanexpress,374283151019247,F,14.85,2,16.29,32.58,29.7,2.879999999999999
890,2021-07-19 05:12:00,P0205,7,Visa,4041592609499,F,16.68,2,18.09,36.18,33.36,2.8200000000000003
891,2021-07-19 07:14:00,P0428,3,Visa,4041596735027,F,12.91,3,14.49,43.47,38.730000000000004,4.739999999999995
892,2021-07-19 08:01:00,P0226,8,Mastercard,5048378998172244,T,8.06,1,8.69,8.69,8.06,0.629999999999999
893,2021-07-19 08:50:00,P0260,4,Americanexpress,374288271900861,F,15.96,3,17.79,53.37,47.88,5.489999999999995
894,2021-07-19 11:33:00,P0509,8,Visa,4041595457864488,F,11.66,1,12.89,12.89,11.66,1.2300000000000004
895,2021-07-19 11:49:00,P0210,3,Visa,4041599938335258,F,2.78,2,3.89,7.78,5.56,2.2200000000000006
896,2021-07-19 12:07:00,P0745,5,Americanexpress,374288416193943,F,9.85,3,11.29,33.87,29.549999999999997,4.32
897,2021-07-19 15:03:00,P0465,3,Mastercard,5048379721718329,F,9.61,3,11.09,33.269999999999996,28.83,4.439999999999998
898,2021-07-19 16:40:00,P0183,7,Mastercard,5108756317237714,F,4.77,1,5.09,5.09,4.77,0.3200000000000003
899,2021-07-19 21:41:00,P0251,6,Visa,4041592296980922,F,2.11,1,2.79,2.79,2.11,0.6800000000000002
900,2021-07-19 22:50:00,P0156,7,Americanexpress,374288665075320,F,11.37,2,12.39,24.78,22.74,2.0400000000000027
901,2021-07-19 23:35:00,P0548,2,Americanexpress,374288517664230,F,12.25,3,13.89,41.67,36.75,4.920000000000002
902,2021-07-20 00:47:00,P0629,12,Mastercard,5108755932661795,F,6.4,1,7.79,7.79,6.4,1.3899999999999997
903,2021-07-20 01:09:00,P0303,8,Americanexpress,374283292077278,F,19.07,2,21.09,42.18,38.14,4.039999999999999
904,2021-07-20 02:59:00,P0366,9,Mastercard,5048371596445575,F,13.27,2,14.69,29.38,26.54,2.84
905,2021-07-20 05:10:00,P0631,3,Mastercard,5048376198608322,F,17.35,2,18.29,36.58,34.7,1.8799999999999955
906,2021-07-20 10:48:00,P0222,3,Visa,4041599029238,F,16.56,2,18.09,36.18,33.12,3.0600000000000023
907,2021-07-20 12:03:00,P0393,7,Americanexpress,374283301495248,F,10.94,2,11.59,23.18,21.88,1.3000000000000007
908,2021-07-20 12:44:00,P0516,6,Visa,4041591183686063,F,6.12,2,7.49,14.98,12.24,2.74
909,2021-07-20 14:28:00,P0391,3,Mastercard,5048374642657631,F,1.6,1,1.79,1.79,1.6,0.18999999999999995
910,2021-07-20 14:49:00,P0453,9,Americanexpress,374288055820475,T,12.82,1,14.49,14.49,12.82,1.67
911,2021-07-20 20:46:00,P0395,9,Americanexpress,374283805599495,F,2.55,1,3.59,3.59,2.55,1.04
912,2021-07-20 21:20:00,P0305,4,Americanexpress,374283147056980,F,8.74,6,9.99,59.94,52.44,7.5
913,2021-07-20 22:22:00,P0564,7,Americanexpress,374288458602116,F,14.32,1,15.29,15.29,14.32,0.9699999999999989
914,2021-07-21 11:28:00,P0495,5,Visa,4041599704046,F,4.23,3,4.99,14.97,12.690000000000001,2.2799999999999994
916,2021-07-21 14:47:00,P0556,5,Americanexpress,374283986836617,F,5.5,2,6.49,12.98,11.0,1.9800000000000004
917,2021-07-21 15:42:00,P0391,6,Mastercard,5048371649668850,F,1.6,1,1.79,1.79,1.6,0.18999999999999995
918,2021-07-21 16:17:00,P0195,3,Visa,4041594079066911,F,17.91,2,19.39,38.78,35.82,2.960000000000001
919,2021-07-21 20:18:00,P0560,5,Visa,4041593650939710,F,1.4,2,1.69,3.38,2.8,0.5800000000000001
920,2021-07-21 20:59:00,P0598,6,Mastercard,5048372483933947,F,11.99,2,13.49,26.98,23.98,3.0
921,2021-07-21 21:45:00,P0272,6,Americanexpress,374288429006025,F,5.35,6,6.29,37.74,32.099999999999994,5.640000000000008
922,2021-07-22 02:28:00,P0401,5,Mastercard,5048370415476241,F,16.69,1,18.09,18.09,16.69,1.3999999999999986
923,2021-07-22 03:32:00,P0678,5,Mastercard,5108754312536537,F,7.6,3,8.29,24.869999999999997,22.799999999999997,2.0700000000000003
924,2021-07-22 06:34:00,P0721,4,Americanexpress,374283154090831,F,4.19,2,4.89,9.78,8.38,1.3999999999999986
925,2021-07-22 06:55:00,P0676,6,Mastercard,5048372340435821,F,4.72,1,4.99,4.99,4.72,0.27000000000000046
926,2021-07-22 07:02:00,P0227,5,Mastercard,5048371282849148,F,7.59,2,8.29,16.58,15.18,1.3999999999999986
927,2021-07-22 07:29:00,P0341,8,Visa,4041598134754064,F,10.79,2,11.59,23.18,21.58,1.6000000000000014
928,2021-07-22 08:59:00,P0660,7,Visa,4041594267015,F,5.83,2,7.09,14.18,11.66,2.5199999999999996
929,2021-07-22 09:43:00,P0395,5,Visa,4041592376859,F,2.55,4,3.59,14.36,10.2,4.16
930,2021-07-22 10:14:00,P0063,3,Mastercard,5108751045442215,T,3.09,3,4.29,12.870000000000001,9.27,3.6000000000000014
931,2021-07-22 12:50:00,P0342,5,Mastercard,5048375631929675,F,18.73,2,20.69,41.38,37.46,3.9200000000000017
932,2021-07-22 16:10:00,P0080,6,Mastercard,5108755414285584,F,11.33,3,12.29,36.87,33.99,2.8799999999999955
933,2021-07-23 04:40:00,P0080,5,Visa,4041593594604198,F,11.33,4,12.29,49.16,45.32,3.8399999999999963
934,2021-07-23 07:01:00,P0351,5,Visa,4041595085804,F,10.04,1,11.39,11.39,10.04,1.3500000000000014
935,2021-07-23 15:53:00,P0513,4,Visa,4041598594885,F,0.97,1,1.59,1.59,0.97,0.6200000000000001
936,2021-07-23 16:06:00,P0493,7,Visa,4041595689060137,F,18.02,1,19.69,19.69,18.02,1.6700000000000017
937,2021-07-23 16:56:00,P0640,5,Mastercard,5048375307801935,F,9.92,1,11.29,11.29,9.92,1.3699999999999992
938,2021-07-23 19:09:00,P0088,3,Visa,4041592309751013,F,15.63,3,17.49,52.47,46.89,5.579999999999998
939,2021-07-23 19:36:00,P0169,7,Americanexpress,374288365381408,F,6.79,2,7.99,15.98,13.58,2.4000000000000004
940,2021-07-23 20:52:00,P0333,7,Visa,4041593840690512,F,16.61,2,18.09,36.18,33.22,2.960000000000001
941,2021-07-23 22:10:00,P0232,6,Visa,4041592840094,F,1.66,2,1.89,3.78,3.32,0.45999999999999996
942,2021-07-24 10:39:00,P0025,2,Visa,4041592252662,F,14.18,5,14.99,74.95,70.9,4.049999999999997
943,2021-07-24 12:19:00,P0545,5,Visa,4041596642310957,F,6.62,2,7.89,15.78,13.24,2.539999999999999
944,2021-07-24 14:10:00,P0266,8,Mastercard,5108755827597427,F,7.49,3,8.29,24.869999999999997,22.47,2.3999999999999986
945,2021-07-24 16:25:00,P0312,7,Americanexpress,374288937026838,F,17.43,5,18.49,92.44999999999999,87.15,5.299999999999983
946,2021-07-24 17:47:00,P0255,7,Americanexpress,374283929334472,F,18.85,1,20.79,20.79,18.85,1.9399999999999977
947,2021-07-24 23:33:00,P0547,5,Americanexpress,374288977686947,F,20.0,1,21.49,21.49,20.0,1.4899999999999984
948,2021-07-24 23:46:00,P0419,3,Mastercard,5048374397577844,F,16.66,1,18.09,18.09,16.66,1.4299999999999997
949,2021-07-25 04:50:00,P0531,8,Americanexpress,374283082461724,F,3.2,2,4.39,8.78,6.4,2.379999999999999
950,2021-07-25 07:01:00,P0356,4,Visa,4041593512908,T,2.39,1,3.29,3.29,2.39,0.8999999999999999
951,2021-07-25 07:39:00,P0473,7,Americanexpress,374288104494199,F,4.79,1,5.19,5.19,4.79,0.40000000000000036
952,2021-07-25 10:36:00,P0456,9,Americanexpress,374288434078787,F,18.35,3,20.19,60.57000000000001,55.050000000000004,5.520000000000003
953,2021-07-25 11:28:00,P0343,7,Americanexpress,374288389980839,F,3.66,2,4.79,9.58,7.32,2.26
954,2021-07-25 12:39:00,P0006,6,Americanexpress,374283602624355,F,13.55,1,14.79,14.79,13.55,1.2399999999999984
955,2021-07-25 16:49:00,P0278,8,Mastercard,5048378099266432,F,13.24,1,14.69,14.69,13.24,1.4499999999999993
956,2021-07-26 00:43:00,P0208,5,Americanexpress,374283708311600,F,4.0,1,4.89,4.89,4.0,0.8899999999999997
957,2021-07-26 11:25:00,P0302,8,Americanexpress,374288411174286,F,5.98,2,7.29,14.58,11.96,2.619999999999999
958,2021-07-26 14:17:00,P0067,3,Americanexpress,374288435218226,F,17.72,1,19.09,19.09,17.72,1.370000000000001
959,2021-07-26 16:05:00,P0642,4,Americanexpress,374283054253406,F,5.45,1,6.39,6.39,5.45,0.9399999999999995
960,2021-07-26 16:41:00,P0379,8,Visa,4041595690439,F,6.12,2,7.49,14.98,12.24,2.74
961,2021-07-26 19:26:00,P0287,7,Mastercard,5108751823180169,T,13.95,2,14.89,29.78,27.9,1.8800000000000026
962,2021-07-26 21:20:00,P0452,11,Mastercard,5108758471970270,T,8.33,5,9.29,46.449999999999996,41.65,4.799999999999997
963,2021-07-27 03:46:00,P0704,6,Visa,4041596010892,F,13.67,1,14.89,14.89,13.67,1.2200000000000006
964,2021-07-27 09:33:00,P0399,6,Visa,4041593207351120,T,9.83,1,11.29,11.29,9.83,1.459999999999999
965,2021-07-27 13:36:00,P0232,5,Mastercard,5048373883872131,F,1.66,1,1.89,1.89,1.66,0.22999999999999998
966,2021-07-27 16:35:00,P0240,3,Mastercard,5108753945463234,F,1.27,1,1.69,1.69,1.27,0.41999999999999993
967,2021-07-27 16:58:00,P0443,9,Americanexpress,374283909229080,F,11.72,3,12.99,38.97,35.160000000000004,3.809999999999995
968,2021-07-27 17:15:00,P0190,3,Americanexpress,374288167136810,F,18.93,3,20.89,62.67,56.79,5.880000000000003
969,2021-07-27 23:33:00,P0342,6,Mastercard,5108759548971622,F,18.73,4,20.69,82.76,74.92,7.840000000000003
970,2021-07-28 05:25:00,P0580,5,Americanexpress,374283015871890,T,3.39,1,4.59,4.59,3.39,1.1999999999999997
971,2021-07-28 09:25:00,P0311,8,Visa,4041599233657,T,9.99,3,11.39,34.17,29.97,4.200000000000003
972,2021-07-28 11:23:00,P0364,9,Mastercard,5048379464194266,F,15.78,2,17.59,35.18,31.56,3.620000000000001
973,2021-07-28 13:12:00,P0442,3,Visa,4041594731556,F,14.89,1,16.39,16.39,14.89,1.5
974,2021-07-28 18:16:00,P0334,5,Americanexpress,374283091167007,F,5.53,1,6.59,6.59,5.53,1.0599999999999996
975,2021-07-28 19:17:00,P0368,6,Americanexpress,374283251471546,F,9.52,1,10.99,10.99,9.52,1.4700000000000006
976,2021-07-28 21:47:00,P0179,5,Mastercard,5108757014780808,F,5.8,3,6.99,20.97,17.4,3.5700000000000003
977,2021-07-28 21:56:00,P0321,7,Americanexpress,374283411655152,F,17.35,3,18.29,54.87,52.050000000000004,2.819999999999993
978,2021-07-28 22:26:00,P0418,5,Visa,4041598587134384,F,13.24,4,14.69,58.76,52.96,5.799999999999997
979,2021-07-29 02:04:00,P0440,3,Visa,4041598828630,F,8.88,1,10.19,10.19,8.88,1.3099999999999987
980,2021-07-29 02:16:00,P0368,5,Unknown,3544715180774580,F,9.52,5,10.99,54.95,47.599999999999994,7.3500000000000085
981,2021-07-29 06:13:00,P0540,6,Visa,4041595599788,F,18.72,1,20.69,20.69,18.72,1.9700000000000024
982,2021-07-29 07:06:00,P0533,6,Americanexpress,374283808063846,F,1.5,1,1.69,1.69,1.5,0.18999999999999995
983,2021-07-29 07:56:00,P0194,5,Visa,4041593850998490,F,10.82,4,11.59,46.36,43.28,3.0799999999999983
984,2021-07-29 09:14:00,P0392,5,Mastercard,5048372249186525,F,13.78,2,14.89,29.78,27.56,2.2200000000000024
985,2021-07-29 14:02:00,P0353,4,Mastercard,5048379451591342,F,15.1,3,16.69,50.07000000000001,45.3,4.77000000000001
986,2021-07-29 16:22:00,P0391,4,Mastercard,5048371668815085,T,1.6,2,1.79,3.58,3.2,0.3799999999999999
987,2021-07-29 17:47:00,P0429,8,Americanexpress,374288589725752,F,0.78,1,1.59,1.59,0.78,0.81
988,2021-07-30 02:31:00,P0410,6,Americanexpress,374283347496002,F,2.95,2,4.09,8.18,5.9,2.2799999999999994
989,2021-07-30 04:05:00,P0167,6,Mastercard,5108750776059131,F,13.32,1,14.79,14.79,13.32,1.4699999999999989
990,2021-07-30 07:22:00,P0442,5,Visa,4041598269352981,T,14.89,1,16.39,16.39,14.89,1.5
991,2021-07-30 08:54:00,P0056,5,Americanexpress,374288795060622,F,5.95,1,7.19,7.19,5.95,1.2400000000000002
992,2021-07-30 11:14:00,P0545,6,Mastercard,5108753844387252,F,6.62,1,7.89,7.89,6.62,1.2699999999999996
993,2021-07-30 11:35:00,P0030,4,Americanexpress,374288103212584,T,2.05,3,2.69,8.07,6.1499999999999995,1.9200000000000008
994,2021-07-30 14:57:00,P0601,4,Visa,4041598155521,F,4.54,2,4.99,9.98,9.08,0.9000000000000004
995,2021-07-30 17:27:00,P0233,7,Visa,4041591480736,F,5.72,3,6.89,20.669999999999998,17.16,3.509999999999998
996,2021-07-30 20:44:00,P0589,9,Americanexpress,374283668428246,F,12.01,4,13.49,53.96,48.04,5.920000000000002
997,2021-07-30 21:38:00,P0371,8,Americanexpress,374283645515685,F,5.38,2,6.29,12.58,10.76,1.8200000000000003
998,2021-07-30 22:14:00,P0465,8,Americanexpress,374283546205683,F,9.61,1,11.09,11.09,9.61,1.4800000000000004
999,2021-07-31 01:27:00,P0523,5,Visa,4041593389938025,F,11.74,1,13.09,13.09,11.74,1.3499999999999996
1000,2021-07-31 02:34:00,P0715,2,Americanexpress,374288854869699,F,7.6,3,8.29,24.869999999999997,22.799999999999997,2.0700000000000003
1001,2021-07-31 03:19:00,P0193,6,Visa,4041592232036383,F,18.76,2,20.69,41.38,37.52,3.8599999999999994
1002,2021-07-31 04:06:00,P0529,6,Visa,4041596599027,T,17.59,1,18.79,18.79,17.59,1.1999999999999993
1003,2021-07-31 04:22:00,P0605,9,Americanexpress,374283008890469,F,4.77,2,5.09,10.18,9.54,0.6400000000000006
1004,2021-07-31 07:30:00,P0111,6,Americanexpress,374283627057276,F,11.74,3,13.09,39.269999999999996,35.22,4.049999999999997
1005,2021-07-31 08:36:00,P0269,3,Mastercard,5048375735355090,T,13.6,2,14.79,29.58,27.2,2.379999999999999
1006,2021-07-31 14:47:00,P0094,8,Unknown,5246234784813097,F,13.35,4,14.79,59.16,53.4,5.759999999999998
1007,2021-07-31 16:00:00,P0361,7,Mastercard,5108759892071136,F,8.85,2,10.19,20.38,17.7,2.6799999999999997
1008,2021-07-31 19:20:00,P0309,7,Americanexpress,374283248061434,F,18.17,1,19.89,19.89,18.17,1.7199999999999989
1009,2021-07-31 19:33:00,P0385,6,Mastercard,5108756078034706,T,13.22,5,14.69,73.45,66.10000000000001,7.349999999999994
1010,2021-07-31 20:15:00,P0578,11,Americanexpress,374288880957070,F,19.78,2,21.39,42.78,39.56,3.219999999999999
1011,2021-07-31 20:37:00,P0291,8,Mastercard,5048374010842443,F,14.13,1,14.89,14.89,14.13,0.7599999999999998
1012,2021-07-31 21:59:00,P0297,4,Visa,4041593139177684,F,17.82,2,19.29,38.58,35.64,2.9399999999999977
1013,2021-07-31 22:56:00,P0377,5,Mastercard,5108753498920184,F,0.12,2,1.19,2.38,0.24,2.1399999999999997
1014,2021-08-01 00:07:00,P0559,8,Mastercard,5108757299169271,F,6.29,1,7.69,7.69,6.29,1.4000000000000004
1015,2021-08-01 00:25:00,P0444,3,Mastercard,5048378152711779,F,13.93,1,14.89,14.89,13.93,0.9600000000000009
1016,2021-08-01 01:09:00,P0385,6,Mastercard,5048374335910487,F,13.22,1,14.69,14.69,13.22,1.4699999999999989
1017,2021-08-01 01:35:00,P0417,5,Americanexpress,374283409962404,F,16.73,2,18.09,36.18,33.46,2.719999999999999
1018,2021-08-01 03:38:00,P0164,4,Americanexpress,374288747285178,F,18.98,3,20.99,62.97,56.94,6.030000000000001
1019,2021-08-01 10:59:00,P0538,12,Americanexpress,374283685322000,F,5.83,1,7.09,7.09,5.83,1.2599999999999998
1020,2021-08-01 14:05:00,P0347,9,Americanexpress,374283537471195,F,5.37,1,6.29,6.29,5.37,0.9199999999999999
1021,2021-08-01 16:32:00,P0180,6,Americanexpress,374283375551769,F,19.25,1,21.19,21.19,19.25,1.9400000000000013
1022,2021-08-01 16:42:00,P0692,6,Americanexpress,374283147938294,F,11.98,4,13.49,53.96,47.92,6.039999999999999
1023,2021-08-01 17:04:00,P0268,7,Visa,4041596708937784,F,11.93,2,13.39,26.78,23.86,2.9200000000000017
1024,2021-08-01 17:06:00,P0084,3,Mastercard,5108750664264884,F,9.69,2,11.19,22.38,19.38,3.0
1025,2021-08-01 17:43:00,P0065,9,Americanexpress,374283949543102,F,15.39,1,17.19,17.19,15.39,1.8000000000000007
1026,2021-08-01 21:06:00,P0525,8,Visa,4041594981032027,F,13.86,1,14.89,14.89,13.86,1.0300000000000011
1027,2021-08-01 22:51:00,P0203,7,Mastercard,5048379660083149,F,4.78,1,5.09,5.09,4.78,0.3099999999999996
1028,2021-08-01 23:00:00,P0543,9,Visa,4041595216612475,F,17.45,1,18.49,18.49,17.45,1.0399999999999991
1029,2021-08-02 01:51:00,P0342,6,Visa,4041596568576,F,18.73,2,20.69,41.38,37.46,3.9200000000000017
1030,2021-08-02 02:01:00,P0112,6,Mastercard,5108752179433418,F,17.89,2,19.39,38.78,35.78,3.0
1031,2021-08-02 04:44:00,P0274,5,Americanexpress,374288212358617,F,11.65,1,12.89,12.89,11.65,1.2400000000000002
1032,2021-08-02 05:24:00,P0553,3,Mastercard,5108756917827294,T,6.79,4,7.99,31.96,27.16,4.800000000000001
1033,2021-08-02 08:43:00,P0249,6,Mastercard,5108756802797008,T,4.12,1,4.89,4.89,4.12,0.7699999999999996
1034,2021-08-02 09:46:00,P0711,7,Visa,4041594440539,F,9.87,1,11.29,11.29,9.87,1.42
1035,2021-08-02 10:37:00,P0224,10,Mastercard,5048374416406926,F,16.48,1,18.09,18.09,16.48,1.6099999999999994
1036,2021-08-02 10:51:00,P0124,5,Americanexpress,374283885799122,F,0.87,1,1.59,1.59,0.87,0.7200000000000001
1037,2021-08-02 13:11:00,P0089,4,Americanexpress,374283850052176,T,12.63,1,14.29,14.29,12.63,1.6599999999999984
1038,2021-08-02 14:07:00,P0494,5,Mastercard,5108750702895095,F,17.33,1,18.29,18.29,17.33,0.9600000000000009
1039,2021-08-02 17:05:00,P0546,8,Americanexpress,374288068606895,F,3.2,1,4.39,4.39,3.2,1.1899999999999995
1040,2021-08-02 17:35:00,P0483,4,Visa,4041592409535803,F,17.52,1,18.69,18.69,17.52,1.1700000000000017
1041,2021-08-02 18:36:00,P0500,10,Unknown,3552250930021487,F,7.53,1,8.29,8.29,7.53,0.7599999999999989
1042,2021-08-03 00:15:00,P0451,5,Mastercard,5108754004073377,F,2.41,2,3.29,6.58,4.82,1.7599999999999998
1043,2021-08-03 00:56:00,P0077,8,Americanexpress,374288575521694,T,6.54,1,7.89,7.89,6.54,1.3499999999999996
1044,2021-08-03 01:14:00,P0629,4,Mastercard,5048373102000720,F,6.4,2,7.79,15.58,12.8,2.7799999999999994
1045,2021-08-03 01:53:00,P0130,4,Americanexpress,374288954223227,F,15.79,2,17.59,35.18,31.58,3.6000000000000014
1046,2021-08-03 06:46:00,P0597,8,Americanexpress,374283062704101,T,12.19,2,13.79,27.58,24.38,3.1999999999999993
1047,2021-08-03 11:09:00,P0554,5,Americanexpress,374288840929987,F,1.62,3,1.79,5.37,4.86,0.5099999999999998
1048,2021-08-03 13:01:00,P0656,5,Visa,4041595472648,F,12.94,1,14.59,14.59,12.94,1.6500000000000004
1049,2021-08-03 13:05:00,P0453,7,Unknown,5602253681025082,F,12.82,1,14.49,14.49,12.82,1.67
1050,2021-08-03 16:50:00,P0011,3,Mastercard,5108755640918370,F,9.15,2,10.59,21.18,18.3,2.879999999999999
1051,2021-08-03 16:54:00,P0223,5,Americanexpress,374283992184994,F,6.71,2,7.99,15.98,13.42,2.5600000000000005
1052,2021-08-03 18:00:00,P0499,2,Visa,4041593496730,F,16.3,1,17.99,17.99,16.3,1.6899999999999977
1053,2021-08-03 19:24:00,P0235,4,Mastercard,5048379945922780,F,11.99,5,13.49,67.45,59.95,7.5
1054,2021-08-03 21:02:00,P0526,4,Visa,4041594710529962,F,3.83,1,4.79,4.79,3.83,0.96
1055,2021-08-03 21:46:00,P0543,5,Americanexpress,374288096875967,F,17.45,1,18.49,18.49,17.45,1.0399999999999991
1056,2021-08-04 02:48:00,P0536,4,Visa,4041595039929981,T,16.97,1,18.19,18.19,16.97,1.2200000000000024
1057,2021-08-04 04:06:00,P0167,6,Americanexpress,374283603006198,F,13.32,1,14.79,14.79,13.32,1.4699999999999989
1058,2021-08-04 04:08:00,P0442,8,Americanexpress,374288034291707,F,14.89,2,16.39,32.78,29.78,3.0
1059,2021-08-04 05:58:00,P0386,2,Americanexpress,374288869034529,F,19.79,3,21.39,64.17,59.37,4.800000000000004
1060,2021-08-04 09:45:00,P0742,6,Mastercard,5108751684786799,F,2.11,4,2.79,11.16,8.44,2.7200000000000006
1061,2021-08-04 12:23:00,P0130,6,Unknown,3570033010403959,F,15.79,3,17.59,52.769999999999996,47.37,5.399999999999999
1062,2021-08-04 15:50:00,P0291,11,Americanexpress,374283932576382,T,14.13,1,14.89,14.89,14.13,0.7599999999999998
1063,2021-08-04 16:19:00,P0058,6,Visa,4041592446132,T,11.38,3,12.39,37.17,34.14,3.030000000000001
1064,2021-08-04 17:52:00,P0690,4,Mastercard,5108756588197761,F,11.93,1,13.39,13.39,11.93,1.4600000000000009
1065,2021-08-04 22:29:00,P0331,6,Mastercard,5048376863226541,F,15.79,2,17.59,35.18,31.58,3.6000000000000014
1066,2021-08-04 23:28:00,P0461,6,Americanexpress,374288573052213,F,15.83,4,17.69,70.76,63.32,7.440000000000005
1067,2021-08-05 02:29:00,P0418,4,Mastercard,5048379974842966,F,13.24,1,14.69,14.69,13.24,1.4499999999999993
1068,2021-08-05 03:47:00,P0311,4,Americanexpress,374288010382165,F,9.99,2,11.39,22.78,19.98,2.8000000000000007
1069,2021-08-05 05:48:00,P0577,5,Visa,4041597525872,F,7.24,3,8.19,24.57,21.72,2.8500000000000014
1070,2021-08-05 07:29:00,P0431,5,Americanexpress,374288380259050,F,10.67,1,11.59,11.59,10.67,0.9199999999999999
1071,2021-08-05 08:58:00,P0122,7,Mastercard,5048378288342069,F,11.9,1,13.29,13.29,11.9,1.3899999999999988
1072,2021-08-05 10:17:00,P0375,6,Americanexpress,374283677528564,F,15.75,1,17.59,17.59,15.75,1.8399999999999999
1073,2021-08-05 11:11:00,P0200,6,Mastercard,5048372719933950,F,19.29,1,21.19,21.19,19.29,1.9000000000000021
1074,2021-08-05 12:31:00,P0466,7,Americanexpress,374283207824921,F,14.01,3,14.89,44.67,42.03,2.6400000000000006
1075,2021-08-05 14:00:00,P0518,9,Americanexpress,374288708463731,T,16.41,3,17.99,53.97,49.230000000000004,4.739999999999995
1076,2021-08-05 19:42:00,P0369,6,Visa,4041593289546183,T,8.08,2,8.79,17.58,16.16,1.4199999999999982
1077,2021-08-05 20:05:00,P0522,6,Visa,4041595260218096,T,4.9,1,5.39,5.39,4.9,0.4899999999999993
1078,2021-08-06 03:06:00,P0661,4,Americanexpress,374283043687532,F,8.21,1,8.99,8.99,8.21,0.7799999999999994
1079,2021-08-06 03:53:00,P0050,5,Americanexpress,374283635809916,F,16.93,2,18.19,36.38,33.86,2.520000000000003
1080,2021-08-06 04:51:00,P0731,5,Visa,4041593651714,F,13.22,1,14.69,14.69,13.22,1.4699999999999989
1081,2021-08-06 05:36:00,P0540,7,Visa,4041599741113,F,18.72,2,20.69,41.38,37.44,3.940000000000005
1082,2021-08-06 05:40:00,P0440,2,Unknown,30544243580017,F,8.88,2,10.19,20.38,17.76,2.6199999999999974
1083,2021-08-06 07:55:00,P0668,6,Mastercard,5048375520709444,F,0.46,2,1.39,2.78,0.92,1.8599999999999999
1084,2021-08-06 10:50:00,P0484,4,Mastercard,5048376268813737,F,10.9,3,11.59,34.769999999999996,32.7,2.069999999999993
1085,2021-08-06 11:04:00,P0478,7,Visa,4041598459865,F,18.67,1,20.59,20.59,18.67,1.9199999999999982
1086,2021-08-06 12:40:00,P0511,6,Mastercard,5048373005434620,F,7.06,2,8.19,16.38,14.12,2.26
1087,2021-08-06 14:17:00,P0495,3,Visa,4041590923702,F,4.23,1,4.99,4.99,4.23,0.7599999999999998
1088,2021-08-06 15:04:00,P0140,7,Visa,4041596912623279,T,1.11,1,1.69,1.69,1.11,0.5799999999999998
1089,2021-08-06 20:38:00,P0577,9,Visa,4041592530224,T,7.24,2,8.19,16.38,14.48,1.8999999999999986
1090,2021-08-06 20:57:00,P0603,5,Visa,4041596479857,F,19.88,1,21.39,21.39,19.88,1.5100000000000016
1091,2021-08-07 00:37:00,P0493,5,Visa,4041595824118980,F,18.02,1,19.69,19.69,18.02,1.6700000000000017
1092,2021-08-07 03:50:00,P0291,6,Visa,4041598914802786,F,14.13,3,14.89,44.67,42.39,2.280000000000001
1093,2021-08-07 04:24:00,P0674,7,Unknown,3544274306309558,F,3.52,1,4.69,4.69,3.52,1.1700000000000004
1094,2021-08-07 05:43:00,P0342,6,Visa,4041593262412726,F,18.73,1,20.69,20.69,18.73,1.9600000000000009
1095,2021-08-07 06:31:00,P0277,7,Visa,4041590555507816,F,3.87,3,4.89,14.669999999999998,11.61,3.0599999999999987
1096,2021-08-07 13:48:00,P0206,3,Unknown,5420649454274775,F,0.58,4,1.49,5.96,2.32,3.64
1097,2021-08-07 14:14:00,P0253,7,Americanexpress,374288120179840,F,3.09,1,4.29,4.29,3.09,1.2000000000000002
1098,2021-08-07 18:28:00,P0470,4,Mastercard,5048373439190095,T,18.14,3,19.89,59.67,54.42,5.25
1099,2021-08-07 23:16:00,P0459,6,Visa,4041592692115,F,8.82,2,10.09,20.18,17.64,2.539999999999999
1100,2021-08-07 23:26:00,P0389,6,Visa,4041598317770424,F,5.95,1,7.19,7.19,5.95,1.2400000000000002
1101,2021-08-08 00:40:00,P0164,6,Mastercard,5048370346518228,F,18.98,2,20.99,41.98,37.96,4.019999999999996
1102,2021-08-08 00:52:00,P0263,5,Visa,4041594460818,F,2.27,1,3.09,3.09,2.27,0.8199999999999998
1103,2021-08-08 02:42:00,P0354,4,Americanexpress,374283615059011,F,15.35,1,17.09,17.09,15.35,1.7400000000000002
1104,2021-08-08 06:51:00,P0484,6,Americanexpress,374283733036917,F,10.9,2,11.59,23.18,21.8,1.379999999999999
1105,2021-08-08 07:57:00,P0410,5,Americanexpress,374283017906579,F,2.95,2,4.09,8.18,5.9,2.2799999999999994
1106,2021-08-08 14:54:00,P0540,6,Visa,4041591901889221,F,18.72,2,20.69,41.38,37.44,3.940000000000005
1107,2021-08-08 15:19:00,P0356,7,Mastercard,5048370688650662,F,2.39,4,3.29,13.16,9.56,3.5999999999999996
1108,2021-08-08 15:51:00,P0331,7,Visa,4041597177347703,F,15.79,1,17.59,17.59,15.79,1.8000000000000007
1109,2021-08-08 16:10:00,P0711,6,Mastercard,5108751435418445,F,9.87,1,11.29,11.29,9.87,1.42
1110,2021-08-08 18:05:00,P0210,4,Unknown,3567518289334575,F,2.78,2,3.89,7.78,5.56,2.2200000000000006
1111,2021-08-09 03:55:00,P0268,5,Americanexpress,374283316103753,T,11.93,1,13.39,13.39,11.93,1.4600000000000009
1112,2021-08-09 04:32:00,P0403,6,Americanexpress,374283543342653,F,18.82,2,20.79,41.58,37.64,3.9399999999999977
1113,2021-08-09 05:41:00,P0623,10,Mastercard,5048377014987882,F,16.64,2,18.09,36.18,33.28,2.8999999999999986
1114,2021-08-09 07:51:00,P0408,4,Mastercard,5108751223422237,T,8.24,2,9.09,18.18,16.48,1.6999999999999993
1115,2021-08-09 08:03:00,P0343,6,Mastercard,5108750904505559,F,3.66,1,4.79,4.79,3.66,1.13
1116,2021-08-09 08:26:00,P0118,4,Visa,4041594651812,F,2.82,1,3.99,3.99,2.82,1.1700000000000004
1117,2021-08-09 09:14:00,P0547,8,Mastercard,5048370760506121,F,20.0,1,21.49,21.49,20.0,1.4899999999999984
1118,2021-08-09 09:30:00,P0526,6,Mastercard,5048379452622914,F,3.83,3,4.79,14.370000000000001,11.49,2.880000000000001
1119,2021-08-09 09:39:00,P0491,8,Americanexpress,374288971124457,F,18.0,1,19.59,19.59,18.0,1.5899999999999999
1120,2021-08-09 10:38:00,P0535,5,Mastercard,5048370400802450,T,12.16,4,13.69,54.76,48.64,6.119999999999997
1121,2021-08-09 10:43:00,P0235,8,Mastercard,5048372574910739,T,11.99,1,13.49,13.49,11.99,1.5
1122,2021-08-09 10:43:00,P0587,5,Visa,4041591920237881,F,13.88,2,14.89,29.78,27.76,2.0199999999999996
1123,2021-08-09 12:21:00,P0405,7,Americanexpress,374283922842208,F,18.2,1,19.99,19.99,18.2,1.7899999999999991
1124,2021-08-09 12:45:00,P0229,5,Mastercard,5108759624269537,F,12.15,4,13.69,54.76,48.6,6.159999999999997
1125,2021-08-09 12:46:00,P0649,6,Mastercard,5108759010492560,F,18.36,3,20.19,60.57000000000001,55.08,5.490000000000009
1126,2021-08-09 13:03:00,P0346,7,Mastercard,5048376627016352,F,12.21,2,13.79,27.58,24.42,3.1599999999999966
1127,2021-08-09 13:39:00,P0301,6,Visa,4041598355535,F,15.18,1,16.79,16.79,15.18,1.6099999999999994
1128,2021-08-09 19:59:00,P0249,9,Visa,4041596229245634,F,4.12,2,4.89,9.78,8.24,1.5399999999999991
1129,2021-08-09 21:24:00,P0163,9,Unknown,201411015357151,F,4.21,1,4.99,4.99,4.21,0.7800000000000002
1130,2021-08-09 21:45:00,P0416,7,Mastercard,5048374702187842,F,9.88,3,11.29,33.87,29.64,4.229999999999997
1131,2021-08-09 22:27:00,P0632,6,Visa,4041590181722136,F,7.68,4,8.29,33.16,30.72,2.4399999999999977
1132,2021-08-09 23:04:00,P0110,6,Mastercard,5108758791644993,F,14.28,3,15.19,45.57,42.839999999999996,2.730000000000004
1133,2021-08-10 01:46:00,P0474,8,Mastercard,5048371299026177,F,15.66,3,17.49,52.47,46.980000000000004,5.489999999999995
1134,2021-08-10 01:47:00,P0102,2,Mastercard,5108750359044492,F,16.26,1,17.99,17.99,16.26,1.7299999999999969
1135,2021-08-10 02:05:00,P0073,5,Visa,4041598907152,F,15.31,3,16.99,50.97,45.93,5.039999999999999
1136,2021-08-10 02:37:00,P0560,5,Visa,4041595559529666,F,1.4,1,1.69,1.69,1.4,0.29000000000000004
1137,2021-08-10 03:23:00,P0317,9,Americanexpress,374283962967089,F,16.83,3,18.19,54.57000000000001,50.489999999999995,4.0800000000000125
1138,2021-08-10 04:05:00,P0541,8,Americanexpress,374283714175908,F,2.8,1,3.89,3.89,2.8,1.0900000000000003
1139,2021-08-10 04:22:00,P0355,5,Americanexpress,374283314133752,T,6.54,2,7.89,15.78,13.08,2.6999999999999993
1140,2021-08-10 08:21:00,P0470,6,Mastercard,5048379839475630,F,18.14,3,19.89,59.67,54.42,5.25
1141,2021-08-10 12:23:00,P0145,9,Visa,4041596739482,F,4.03,1,4.89,4.89,4.03,0.8599999999999994
1142,2021-08-10 17:01:00,P0410,5,Mastercard,5048371609124183,F,2.95,6,4.09,24.54,17.700000000000003,6.839999999999996
1143,2021-08-10 17:29:00,P0136,5,Americanexpress,374288876553370,F,3.23,5,4.39,21.95,16.15,5.800000000000001
1144,2021-08-10 19:21:00,P0534,9,Mastercard,5048373812112757,F,7.63,1,8.29,8.29,7.63,0.6599999999999993
1145,2021-08-10 21:22:00,P0234,5,Mastercard,5048379281380130,F,3.13,3,4.29,12.870000000000001,9.39,3.4800000000000004
1146,2021-08-10 21:26:00,P0408,6,Mastercard,5108753437616620,T,8.24,2,9.09,18.18,16.48,1.6999999999999993
1147,2021-08-10 21:43:00,P0135,5,Mastercard,5108750952852689,F,2.03,1,2.59,2.59,2.03,0.56
1148,2021-08-10 22:34:00,P0436,3,Mastercard,5048379481783489,F,5.89,1,7.19,7.19,5.89,1.3000000000000007
1149,2021-08-10 22:40:00,P0486,5,Mastercard,5108759822993581,T,6.52,3,7.89,23.669999999999998,19.56,4.109999999999999
1150,2021-08-10 23:03:00,P0352,7,Visa,4041597676883679,F,2.04,2,2.59,5.18,4.08,1.0999999999999996
1151,2021-08-10 23:14:00,P0125,7,Visa,4041592714959557,F,0.81,4,1.59,6.36,3.24,3.12
1152,2021-08-11 00:09:00,P0616,6,Americanexpress,374288669038233,F,11.41,2,12.39,24.78,22.82,1.9600000000000009
1153,2021-08-11 01:59:00,P0211,6,Visa,4041594854101,F,17.54,3,18.69,56.07000000000001,52.62,3.45000000000001
1154,2021-08-11 02:04:00,P0459,3,Americanexpress,374283967124157,F,8.82,3,10.09,30.27,26.46,3.8099999999999987
1155,2021-08-11 02:05:00,P0080,6,Americanexpress,374283908444409,F,11.33,1,12.29,12.29,11.33,0.9599999999999991
1156,2021-08-11 02:24:00,P0438,8,Americanexpress,374288590203781,F,5.21,4,5.99,23.96,20.84,3.120000000000001
1157,2021-08-11 02:33:00,P0553,6,Americanexpress,374288381537991,F,6.79,3,7.99,23.97,20.37,3.599999999999998
1158,2021-08-11 03:05:00,P0365,8,Americanexpress,374288057012451,F,14.34,4,15.29,61.16,57.36,3.799999999999997
1159,2021-08-11 05:44:00,P0701,6,Americanexpress,374283620741165,F,11.06,1,11.69,11.69,11.06,0.629999999999999
1160,2021-08-11 06:26:00,P0177,3,Americanexpress,374288979023693,F,7.63,5,8.29,41.449999999999996,38.15,3.299999999999997
1161,2021-08-11 08:43:00,P0421,9,Visa,4041598816580274,F,13.89,1,14.89,14.89,13.89,1.0
1162,2021-08-11 10:15:00,P0427,9,Americanexpress,374283011497294,T,12.94,1,14.59,14.59,12.94,1.6500000000000004
1163,2021-08-11 10:25:00,P0319,2,Mastercard,5048374152043784,T,3.51,2,4.69,9.38,7.02,2.360000000000001
1164,2021-08-11 10:31:00,P0512,5,Mastercard,5048372993884622,F,15.55,1,17.39,17.39,15.55,1.8399999999999999
1165,2021-08-11 16:34:00,P0557,5,Visa,4041596915330,T,9.79,4,11.29,45.16,39.16,6.0
1166,2021-08-11 20:56:00,P0323,7,Mastercard,5108756929349907,T,0.34,1,1.29,1.29,0.34,0.95
1167,2021-08-11 22:21:00,P0276,5,Mastercard,5048372651332724,F,18.02,1,19.69,19.69,18.02,1.6700000000000017
1168,2021-08-12 01:24:00,P0593,6,Visa,4041595556049130,F,17.78,6,19.19,115.14000000000001,106.68,8.460000000000008
1169,2021-08-12 01:49:00,P0516,5,Visa,4041591616248,F,6.12,2,7.49,14.98,12.24,2.74
1170,2021-08-12 02:08:00,P0534,6,Americanexpress,374283233673292,F,7.63,4,8.29,33.16,30.52,2.639999999999997
1171,2021-08-12 02:15:00,P0193,4,Americanexpress,374288975141531,F,18.76,1,20.69,20.69,18.76,1.9299999999999997
1172,2021-08-12 02:47:00,P0133,7,Americanexpress,374288851308766,F,14.2,3,14.99,44.97,42.599999999999994,2.3700000000000045
1173,2021-08-12 03:14:00,P0492,6,Mastercard,5048371050192945,F,16.12,3,17.89,53.67,48.36,5.310000000000002
1174,2021-08-12 06:38:00,P0592,9,Americanexpress,374283642510051,F,7.44,5,8.29,41.449999999999996,37.2,4.249999999999993
1175,2021-08-12 06:39:00,P0395,7,Visa,4041590338700605,F,2.55,2,3.59,7.18,5.1,2.08
1176,2021-08-12 11:43:00,P0632,5,Mastercard,5108754682881745,F,7.68,1,8.29,8.29,7.68,0.6099999999999994
1177,2021-08-12 12:29:00,P0228,6,Visa,4041597299173557,F,0.09,2,1.09,2.18,0.18,2.0
1178,2021-08-12 12:45:00,P0571,6,Visa,4041595327826,F,4.35,3,4.99,14.97,13.049999999999999,1.9200000000000017
1179,2021-08-12 12:58:00,P0165,5,Americanexpress,374288537357245,T,0.94,1,1.59,1.59,0.94,0.6500000000000001
1180,2021-08-12 17:24:00,P0339,4,Americanexpress,374288990705054,F,19.62,2,21.39,42.78,39.24,3.539999999999999
1181,2021-08-12 20:06:00,P0209,9,Americanexpress,374283129239489,F,6.02,1,7.29,7.29,6.02,1.2700000000000005
1182,2021-08-12 20:58:00,P0579,8,Visa,4041594198707,F,19.5,1,21.29,21.29,19.5,1.7899999999999991
1183,2021-08-12 22:19:00,P0747,7,Mastercard,5108752747531933,T,14.79,6,16.19,97.14000000000001,88.74,8.40000000000002
1184,2021-08-12 22:22:00,P0202,6,Visa,4041590328000552,F,7.25,2,8.19,16.38,14.5,1.879999999999999
1185,2021-08-12 22:48:00,P0643,8,Americanexpress,374288331063262,F,17.61,2,18.89,37.78,35.22,2.5600000000000023
1186,2021-08-13 04:04:00,P0651,11,Unknown,6709138343072939,F,15.2,3,16.89,50.67,45.599999999999994,5.070000000000007
1187,2021-08-13 06:39:00,P0517,8,Visa,4041594880874,F,5.11,2,5.79,11.58,10.22,1.3599999999999994
1188,2021-08-13 07:20:00,P0444,8,Visa,4041590144111534,F,13.93,3,14.89,44.67,41.79,2.8800000000000026
1189,2021-08-13 07:36:00,P0640,4,Unknown,3554006797480853,F,9.92,1,11.29,11.29,9.92,1.3699999999999992
1190,2021-08-13 08:53:00,P0638,5,Mastercard,5048378584323029,F,16.92,1,18.19,18.19,16.92,1.2699999999999996
1191,2021-08-13 09:01:00,P0323,7,Mastercard,5108758661961691,F,0.34,3,1.29,3.87,1.02,2.85
1192,2021-08-13 09:20:00,P0382,2,Unknown,3564509526202827,F,14.22,1,15.09,15.09,14.22,0.8699999999999992
1193,2021-08-13 10:00:00,P0092,5,Visa,4041593667639212,T,3.11,1,4.29,4.29,3.11,1.1800000000000002
1194,2021-08-13 10:30:00,P0289,11,Americanexpress,374283132360330,F,12.12,1,13.69,13.69,12.12,1.5700000000000003
1195,2021-08-13 13:06:00,P0508,7,Visa,4041597860317419,F,7.67,2,8.29,16.58,15.34,1.2399999999999984
1196,2021-08-13 16:40:00,P0344,5,Americanexpress,374288035256667,T,9.86,1,11.29,11.29,9.86,1.4299999999999997
1197,2021-08-13 17:09:00,P0336,7,Mastercard,5048370203099783,F,8.17,2,8.89,17.78,16.34,1.4400000000000013
1198,2021-08-13 20:04:00,P0173,6,Mastercard,5108751050159365,F,0.93,1,1.59,1.59,0.93,0.66
1199,2021-08-13 21:43:00,P0287,7,Mastercard,5108752553554276,F,13.95,3,14.89,44.67,41.849999999999994,2.8200000000000074
1200,2021-08-13 21:52:00,P0379,3,Mastercard,5108758922952331,T,6.12,2,7.49,14.98,12.24,2.74
1201,2021-08-13 21:53:00,P0546,6,Mastercard,5108753614911323,F,3.2,1,4.39,4.39,3.2,1.1899999999999995
1202,2021-08-13 21:57:00,P0134,4,Visa,4041599760626741,T,10.28,3,11.49,34.47,30.839999999999996,3.6300000000000026
1203,2021-08-13 23:07:00,P0492,6,Visa,4041590225148603,F,16.12,3,17.89,53.67,48.36,5.310000000000002
1204,2021-08-14 00:39:00,P0525,5,Visa,4041595553769,F,13.86,2,14.89,29.78,27.72,2.0600000000000023
1205,2021-08-14 00:46:00,P0460,4,Americanexpress,374288182808781,F,4.37,3,4.99,14.97,13.11,1.8600000000000012
1206,2021-08-14 02:05:00,P0177,6,Americanexpress,374283480459270,F,7.63,1,8.29,8.29,7.63,0.6599999999999993
1207,2021-08-14 02:52:00,P0391,9,Visa,4041599292786294,F,1.6,1,1.79,1.79,1.6,0.18999999999999995
1208,2021-08-14 02:55:00,P0237,5,Mastercard,5108756632706849,F,10.43,2,11.49,22.98,20.86,2.120000000000001
1209,2021-08-14 05:10:00,P0092,6,Mastercard,5108751875637678,F,3.11,2,4.29,8.58,6.22,2.3600000000000003
1210,2021-08-14 05:26:00,P0585,6,Mastercard,5108755511247248,F,3.81,2,4.79,9.58,7.62,1.96
1211,2021-08-14 06:00:00,P0322,6,Visa,4041593369818411,F,13.65,4,14.89,59.56,54.6,4.960000000000001
1212,2021-08-14 10:58:00,P0448,8,Visa,4041591806500,F,7.11,1,8.19,8.19,7.11,1.0799999999999992
1213,2021-08-14 11:46:00,P0467,10,Americanexpress,374283135882751,F,4.66,4,4.99,19.96,18.64,1.3200000000000003
1214,2021-08-14 12:20:00,P0492,6,Americanexpress,374288999685737,F,16.12,1,17.89,17.89,16.12,1.7699999999999996
1215,2021-08-14 13:09:00,P0563,6,Visa,4041598383339,F,9.86,2,11.29,22.58,19.72,2.8599999999999994
1216,2021-08-14 17:07:00,P0169,4,Visa,4041592074246942,F,6.79,3,7.99,23.97,20.37,3.599999999999998
1217,2021-08-14 20:05:00,P0574,8,Visa,4041591832134,F,9.21,1,10.69,10.69,9.21,1.4799999999999986
1218,2021-08-14 20:53:00,P0321,8,Visa,4041590104811636,F,17.35,1,18.29,18.29,17.35,0.9399999999999977
1219,2021-08-14 21:21:00,P0243,6,Americanexpress,374283479072126,F,18.18,4,19.89,79.56,72.72,6.840000000000003
1220,2021-08-14 21:45:00,P0285,9,Mastercard,5048371095140974,F,2.73,3,3.79,11.370000000000001,8.19,3.1800000000000015
1221,2021-08-14 22:46:00,P0070,2,Visa,4041595217712,T,15.49,2,17.29,34.58,30.98,3.599999999999998
1222,2021-08-14 23:12:00,P0491,4,Mastercard,5048372840332262,F,18.0,1,19.59,19.59,18.0,1.5899999999999999
1223,2021-08-15 03:19:00,P0171,7,Mastercard,5108750089900443,F,5.57,1,6.69,6.69,5.57,1.12
1224,2021-08-15 07:00:00,P0193,5,Visa,4041591132089,F,18.76,6,20.69,124.14000000000001,112.56,11.580000000000013
1225,2021-08-15 08:31:00,P0302,6,Mastercard,5048377346705838,F,5.98,1,7.29,7.29,5.98,1.3099999999999996
1226,2021-08-15 11:37:00,P0498,3,Americanexpress,374283428396899,F,11.6,5,12.79,63.949999999999996,58.0,5.949999999999996
1227,2021-08-15 12:48:00,P0309,5,Americanexpress,374283336744107,F,18.17,3,19.89,59.67,54.510000000000005,5.159999999999997
1228,2021-08-15 17:05:00,P0426,8,Americanexpress,374283994698132,F,16.0,2,17.79,35.58,32.0,3.5799999999999983
1229,2021-08-15 18:05:00,P0499,6,Mastercard,5048372419353178,T,16.3,1,17.99,17.99,16.3,1.6899999999999977
1230,2021-08-15 21:13:00,P0569,5,Americanexpress,374283122553761,F,6.84,3,8.09,24.27,20.52,3.75
1231,2021-08-15 21:20:00,P0144,8,Visa,4041599980471464,F,4.51,1,4.99,4.99,4.51,0.4800000000000004
1232,2021-08-15 21:24:00,P0647,9,Mastercard,5048378996441872,F,8.91,1,10.29,10.29,8.91,1.379999999999999
1233,2021-08-15 21:57:00,P0240,5,Visa,4041597941038,T,1.27,2,1.69,3.38,2.54,0.8399999999999999
1234,2021-08-15 22:42:00,P0238,5,Mastercard,5108752694247756,F,6.0,2,7.29,14.58,12.0,2.58
1235,2021-08-16 00:15:00,P0520,7,Mastercard,5048378725793494,F,18.18,2,19.89,39.78,36.36,3.4200000000000017
1236,2021-08-16 06:54:00,P0504,7,Mastercard,5108757256731501,F,3.38,1,4.59,4.59,3.38,1.21
1237,2021-08-16 07:14:00,P0738,8,Visa,4041590178506922,F,15.42,2,17.19,34.38,30.84,3.5400000000000027
1238,2021-08-16 07:39:00,P0735,12,Americanexpress,374283916891278,F,6.74,1,7.99,7.99,6.74,1.25
1239,2021-08-16 11:26:00,P0208,5,Visa,4041593741703554,T,4.0,3,4.89,14.669999999999998,12.0,2.669999999999998
1240,2021-08-16 13:32:00,P0746,4,Visa,4041595693466,F,6.57,1,7.89,7.89,6.57,1.3199999999999994
1241,2021-08-16 16:40:00,P0115,7,Americanexpress,374283107082273,F,5.84,1,7.09,7.09,5.84,1.25
1242,2021-08-16 16:52:00,P0448,6,Unknown,4041591019849,F,7.11,1,8.19,8.19,7.11,1.0799999999999992
1243,2021-08-16 18:47:00,P0309,7,Americanexpress,374283517420345,F,18.17,4,19.89,79.56,72.68,6.8799999999999955
1244,2021-08-16 19:01:00,P0555,6,Visa,4041599441250,T,19.13,1,21.09,21.09,19.13,1.9600000000000009
1245,2021-08-16 20:09:00,P0186,5,Unknown,3585887109291937,F,11.46,1,12.49,12.49,11.46,1.0299999999999994
1246,2021-08-16 20:39:00,P0628,7,Americanexpress,374283276779089,F,16.23,3,17.99,53.97,48.69,5.280000000000001
1247,2021-08-17 01:29:00,P0525,4,Visa,4041596190973636,F,13.86,1,14.89,14.89,13.86,1.0300000000000011
1248,2021-08-17 03:33:00,P0462,5,Mastercard,5108750751803230,F,14.63,6,15.89,95.34,87.78,7.560000000000002
1249,2021-08-17 04:36:00,P0259,7,Visa,4041599739786,F,5.21,1,5.99,5.99,5.21,0.7800000000000002
1250,2021-08-17 04:37:00,P0425,2,Mastercard,5108753301126896,F,10.49,3,11.49,34.47,31.47,3.0
1251,2021-08-17 05:43:00,P0683,7,Americanexpress,374283267577633,T,11.0,1,11.59,11.59,11.0,0.5899999999999999
1252,2021-08-17 06:20:00,P0049,6,Mastercard,5108752190015277,F,19.78,2,21.39,42.78,39.56,3.219999999999999
1253,2021-08-17 06:22:00,P0412,7,Americanexpress,374283500295621,F,16.11,1,17.89,17.89,16.11,1.7800000000000011
1254,2021-08-17 08:13:00,P0275,7,Mastercard,5108754832276119,F,9.06,2,10.49,20.98,18.12,2.8599999999999994
1255,2021-08-17 08:35:00,P0602,11,Americanexpress,374288098982811,F,15.81,1,17.59,17.59,15.81,1.7799999999999994
1256,2021-08-17 09:02:00,P0066,6,Americanexpress,374288017085712,F,9.89,1,11.29,11.29,9.89,1.3999999999999986
1257,2021-08-17 12:28:00,P0463,8,Unknown,3589459259940691,F,12.96,1,14.59,14.59,12.96,1.629999999999999
1258,2021-08-17 22:03:00,P0637,8,Visa,4041599252869593,T,15.32,4,17.09,68.36,61.28,7.079999999999998
1259,2021-08-17 23:19:00,P0469,6,Mastercard,5048371017364553,F,0.92,1,1.59,1.59,0.92,0.67
1260,2021-08-18 00:56:00,P0524,2,Unknown,4508177232095773,F,10.66,1,11.59,11.59,10.66,0.9299999999999997
1261,2021-08-18 05:30:00,P0124,7,Visa,4041591524947,F,0.87,2,1.59,3.18,1.74,1.4400000000000002
1262,2021-08-18 06:01:00,P0369,4,Americanexpress,374283829570548,F,8.08,2,8.79,17.58,16.16,1.4199999999999982
1263,2021-08-18 08:25:00,P0436,9,Americanexpress,374283672925211,F,5.89,3,7.19,21.57,17.669999999999998,3.900000000000002
1264,2021-08-18 10:02:00,P0610,7,Unknown,3582938385545943,F,5.58,2,6.69,13.38,11.16,2.2200000000000006
1265,2021-08-18 10:12:00,P0420,4,Americanexpress,374283735828170,F,18.06,1,19.69,19.69,18.06,1.6300000000000026
1266,2021-08-18 11:16:00,P0368,5,Unknown,201489355506322,F,9.52,1,10.99,10.99,9.52,1.4700000000000006
1267,2021-08-18 11:53:00,P0750,7,Americanexpress,374288397268912,F,18.5,2,20.39,40.78,37.0,3.780000000000001
1268,2021-08-18 12:22:00,P0602,9,Mastercard,5108753131240693,F,15.81,4,17.59,70.36,63.24,7.119999999999997
1269,2021-08-18 16:17:00,P0312,7,Unknown,5602239131987297722,F,17.43,1,18.49,18.49,17.43,1.0599999999999987
1270,2021-08-18 17:07:00,P0089,6,Visa,4041595342973,F,12.63,1,14.29,14.29,12.63,1.6599999999999984
1271,2021-08-18 18:12:00,P0271,3,Visa,4041591952225069,F,15.16,1,16.79,16.79,15.16,1.629999999999999
1272,2021-08-18 19:39:00,P0204,6,Mastercard,5048371246688673,F,9.72,1,11.19,11.19,9.72,1.4699999999999989
1273,2021-08-18 20:02:00,P0216,10,Americanexpress,374288467989595,F,13.96,3,14.89,44.67,41.88,2.789999999999999
1274,2021-08-18 21:38:00,P0029,5,Americanexpress,374288303092281,F,5.05,3,5.69,17.07,15.149999999999999,1.9200000000000017
1275,2021-08-18 22:18:00,P0713,5,Visa,4041595933246847,F,11.32,5,12.29,61.449999999999996,56.6,4.849999999999994
1276,2021-08-19 02:28:00,P0439,6,Visa,4041592891688771,F,18.12,3,19.79,59.37,54.36,5.009999999999998
1277,2021-08-19 09:21:00,P0520,7,Americanexpress,374288453044652,F,18.18,4,19.89,79.56,72.72,6.840000000000003
1278,2021-08-19 14:46:00,P0520,5,Mastercard,5048376290801130,F,18.18,3,19.89,59.67,54.54,5.130000000000003
1279,2021-08-19 22:13:00,P0435,8,Americanexpress,374283728277609,F,7.88,1,8.39,8.39,7.88,0.5100000000000007
1280,2021-08-19 23:07:00,P0023,6,Mastercard,5108757987059776,F,17.79,4,19.19,76.76,71.16,5.6000000000000085
1281,2021-08-19 23:27:00,P0215,7,Americanexpress,374283401005400,F,0.81,2,1.59,3.18,1.62,1.56
1282,2021-08-20 06:18:00,P0210,1,Americanexpress,374288334973228,F,2.78,1,3.89,3.89,2.78,1.1100000000000003
1283,2021-08-20 06:30:00,P0200,5,Mastercard,5108750051495539,F,19.29,1,21.19,21.19,19.29,1.9000000000000021
1284,2021-08-20 11:01:00,P0151,8,Mastercard,5048379743347263,F,16.15,1,17.89,17.89,16.15,1.740000000000002
1285,2021-08-20 13:57:00,P0229,1,Mastercard,5048375376874532,F,12.15,2,13.69,27.38,24.3,3.0799999999999983
1286,2021-08-20 16:15:00,P0014,7,Americanexpress,374283784075210,F,1.61,5,1.79,8.95,8.05,0.8999999999999986
1287,2021-08-20 18:59:00,P0206,8,Visa,4041595434735660,F,0.58,2,1.49,2.98,1.16,1.82
1288,2021-08-21 03:23:00,P0580,4,Visa,4041595865304,F,3.39,1,4.59,4.59,3.39,1.1999999999999997
1289,2021-08-21 04:10:00,P0511,6,Americanexpress,374283090315292,T,7.06,2,8.19,16.38,14.12,2.26
1290,2021-08-21 07:36:00,P0278,5,Mastercard,5108753429130911,F,13.24,2,14.69,29.38,26.48,2.8999999999999986
1291,2021-08-21 07:38:00,P0190,6,Mastercard,5108759276589406,F,18.93,3,20.89,62.67,56.79,5.880000000000003
1292,2021-08-21 13:25:00,P0565,9,Visa,4041591915053,T,16.25,2,17.99,35.98,32.5,3.479999999999997
1293,2021-08-21 15:20:00,P0606,5,Visa,4041597134202165,F,14.31,3,15.19,45.57,42.93,2.6400000000000006
1294,2021-08-21 18:00:00,P0258,7,Mastercard,5048375160275375,F,16.65,2,18.09,36.18,33.3,2.8800000000000026
1295,2021-08-21 18:44:00,P0347,7,Americanexpress,374283504842030,F,5.37,1,6.29,6.29,5.37,0.9199999999999999
1296,2021-08-21 20:32:00,P0243,7,Americanexpress,374283712220714,F,18.18,2,19.89,39.78,36.36,3.4200000000000017
1297,2021-08-22 01:13:00,P0278,6,Americanexpress,374283264077843,F,13.24,2,14.69,29.38,26.48,2.8999999999999986
1298,2021-08-22 02:54:00,P0312,3,Visa,4041595782871,F,17.43,2,18.49,36.98,34.86,2.1199999999999974
1299,2021-08-22 10:10:00,P0400,8,Mastercard,5108753409233917,F,6.39,1,7.69,7.69,6.39,1.3000000000000007
1300,2021-08-22 10:50:00,P0227,6,Visa,4041595003860279,F,7.59,1,8.29,8.29,7.59,0.6999999999999993
1301,2021-08-22 13:30:00,P0552,5,Mastercard,5048371979374038,F,11.36,3,12.29,36.87,34.08,2.789999999999999
1302,2021-08-22 18:42:00,P0625,6,Mastercard,5108751383767496,F,5.15,3,5.89,17.669999999999998,15.450000000000001,2.219999999999997
1303,2021-08-22 18:49:00,P0259,6,Mastercard,5048373834767976,F,5.21,3,5.99,17.97,15.629999999999999,2.34
1304,2021-08-22 21:33:00,P0152,8,Visa,4041594690189290,F,16.33,3,17.99,53.97,48.989999999999995,4.980000000000004
1305,2021-08-22 23:39:00,P0513,8,Mastercard,5048379038824646,F,0.97,1,1.59,1.59,0.97,0.6200000000000001
1306,2021-08-23 01:11:00,P0264,6,Visa,4041592453789025,T,4.11,3,4.89,14.669999999999998,12.330000000000002,2.3399999999999963
1307,2021-08-23 02:25:00,P0268,7,Visa,4041598665173148,F,11.93,1,13.39,13.39,11.93,1.4600000000000009
1308,2021-08-23 04:43:00,P0552,7,Americanexpress,374288412083536,F,11.36,4,12.29,49.16,45.44,3.719999999999999
1309,2021-08-23 05:25:00,P0026,5,Americanexpress,374283722088036,F,13.19,2,14.69,29.38,26.38,3.0
1310,2021-08-23 06:48:00,P0056,7,Visa,4041597255912816,F,5.95,1,7.19,7.19,5.95,1.2400000000000002
1311,2021-08-23 07:48:00,P0175,7,Visa,4041593675192,F,10.26,2,11.49,22.98,20.52,2.460000000000001
1312,2021-08-23 11:02:00,P0170,6,Americanexpress,374283751787862,F,8.13,5,8.89,44.45,40.650000000000006,3.799999999999997
1313,2021-08-23 13:14:00,P0608,8,Visa,4041594825451136,F,11.04,3,11.69,35.07,33.12,1.9500000000000028
1314,2021-08-23 15:19:00,P0409,6,Visa,4041594544801,T,18.03,2,19.69,39.38,36.06,3.3200000000000003
1315,2021-08-23 22:56:00,P0398,8,Visa,4041599995321,F,1.75,2,2.09,4.18,3.5,0.6799999999999997
1316,2021-08-23 23:51:00,P0625,5,Americanexpress,374283590554259,F,5.15,3,5.89,17.669999999999998,15.450000000000001,2.219999999999997
1317,2021-08-24 00:30:00,P0504,6,Americanexpress,374288203706790,T,3.38,1,4.59,4.59,3.38,1.21
1318,2021-08-24 04:15:00,P0712,4,Visa,4041590144200,F,17.46,1,18.59,18.59,17.46,1.129999999999999
1319,2021-08-24 08:13:00,P0310,8,Americanexpress,374283937790574,F,14.48,2,15.59,31.18,28.96,2.219999999999999
1320,2021-08-24 08:18:00,P0401,7,Visa,4041593357480414,F,16.69,2,18.09,36.18,33.38,2.799999999999997
1321,2021-08-24 08:19:00,P0533,7,Visa,4041594065880,F,1.5,4,1.69,6.76,6.0,0.7599999999999998
1322,2021-08-24 10:13:00,P0442,6,Mastercard,5048371681296487,F,14.89,2,16.39,32.78,29.78,3.0
1323,2021-08-24 11:59:00,P0467,3,Mastercard,5108759140613218,F,4.66,2,4.99,9.98,9.32,0.6600000000000001
1324,2021-08-24 14:54:00,P0575,8,Americanexpress,374288725813884,F,2.81,4,3.99,15.96,11.24,4.720000000000001
1325,2021-08-24 15:15:00,P0196,8,Americanexpress,374288425065694,F,13.84,2,14.89,29.78,27.68,2.1000000000000014
1326,2021-08-24 19:01:00,P0512,6,Mastercard,5048370116611757,F,15.55,2,17.39,34.78,31.1,3.6799999999999997
1327,2021-08-24 19:38:00,P0502,4,Visa,4041591377430971,F,1.37,1,1.69,1.69,1.37,0.31999999999999984
1328,2021-08-24 22:55:00,P0271,4,Visa,4041598926152,F,15.16,1,16.79,16.79,15.16,1.629999999999999
1329,2021-08-25 01:04:00,P0581,8,Visa,4041595441403,F,0.51,2,1.49,2.98,1.02,1.96
1330,2021-08-25 02:19:00,P0281,7,Americanexpress,374283171342728,F,2.39,1,3.29,3.29,2.39,0.8999999999999999
1331,2021-08-25 03:27:00,P0362,6,Visa,4041598679742532,F,3.73,2,4.79,9.58,7.46,2.12
1332,2021-08-25 06:21:00,P0454,8,Mastercard,5048376281825825,F,5.79,4,6.99,27.96,23.16,4.800000000000001
1333,2021-08-25 08:18:00,P0396,9,Visa,4041593318171086,F,4.18,2,4.89,9.78,8.36,1.42
1334,2021-08-25 12:06:00,P0029,9,Visa,4041595234154,F,5.05,1,5.69,5.69,5.05,0.6400000000000006
1335,2021-08-25 19:11:00,P0270,6,Mastercard,5048378557959585,F,6.97,3,8.09,24.27,20.91,3.3599999999999994
1336,2021-08-25 20:33:00,P0555,6,Americanexpress,374288937528346,F,19.13,1,21.09,21.09,19.13,1.9600000000000009
1337,2021-08-25 21:11:00,P0381,8,Visa,4041592757470,T,5.05,1,5.69,5.69,5.05,0.6400000000000006
1338,2021-08-25 22:51:00,P0452,7,Mastercard,5108751994580791,F,8.33,2,9.29,18.58,16.66,1.9199999999999982
1339,2021-08-26 04:34:00,P0681,5,Visa,4041597960476974,F,5.26,1,6.09,6.09,5.26,0.8300000000000001
1340,2021-08-26 13:51:00,P0239,5,Visa,4041596345066,F,0.32,4,1.29,5.16,1.28,3.88
1341,2021-08-26 14:42:00,P0213,7,Americanexpress,374283589195130,F,11.19,3,11.99,35.97,33.57,2.3999999999999986
1342,2021-08-26 14:57:00,P0190,7,Mastercard,5108754562502379,T,18.93,1,20.89,20.89,18.93,1.9600000000000009
1343,2021-08-26 16:20:00,P0405,4,Mastercard,5108750185660347,F,18.2,1,19.99,19.99,18.2,1.7899999999999991
1344,2021-08-26 17:19:00,P0606,6,Visa,4041592266341378,F,14.31,1,15.19,15.19,14.31,0.879999999999999
1345,2021-08-26 18:11:00,P0559,5,Visa,4041594752438,F,6.29,3,7.69,23.07,18.87,4.199999999999999
1346,2021-08-26 23:20:00,P0114,9,Mastercard,5048372649310873,F,7.39,1,8.29,8.29,7.39,0.8999999999999995
1347,2021-08-27 00:53:00,P0431,7,Unknown,374288199370031,F,10.67,1,11.59,11.59,10.67,0.9199999999999999
1348,2021-08-27 05:10:00,P0521,7,Visa,4041592324792,T,16.37,3,17.99,53.97,49.11,4.859999999999999
1349,2021-08-27 10:32:00,P0278,7,Visa,4041596126575463,F,13.24,1,14.69,14.69,13.24,1.4499999999999993
1350,2021-08-27 13:29:00,P0545,5,Mastercard,5048377620681044,F,6.62,2,7.89,15.78,13.24,2.539999999999999
1351,2021-08-27 16:33:00,P0202,5,Visa,4041596227885167,T,7.25,1,8.19,8.19,7.25,0.9399999999999995
1352,2021-08-27 22:52:00,P0546,10,Visa,4041593612908985,F,3.2,2,4.39,8.78,6.4,2.379999999999999
1353,2021-08-27 23:39:00,P0622,5,Visa,4041597707967,F,13.87,1,14.89,14.89,13.87,1.0200000000000014
1354,2021-08-28 04:55:00,P0256,3,Mastercard,5048370865521025,F,2.08,2,2.69,5.38,4.16,1.2199999999999998
1355,2021-08-28 08:34:00,P0174,4,Visa,4041599660039318,T,2.25,3,2.99,8.97,6.75,2.2200000000000006
1356,2021-08-28 11:48:00,P0636,6,Visa,4041591632385,F,5.02,3,5.59,16.77,15.059999999999999,1.7100000000000009
1357,2021-08-28 13:52:00,P0521,5,Mastercard,5048370761376003,F,16.37,1,17.99,17.99,16.37,1.6199999999999974
1358,2021-08-28 14:46:00,P0571,5,Visa,4041597555580,F,4.35,2,4.99,9.98,8.7,1.2800000000000011
1359,2021-08-28 16:23:00,P0524,6,Mastercard,5048376832185703,F,10.66,1,11.59,11.59,10.66,0.9299999999999997
1360,2021-08-28 16:40:00,P0253,6,Mastercard,5108751601188491,F,3.09,3,4.29,12.870000000000001,9.27,3.6000000000000014
1361,2021-08-28 21:48:00,P0397,4,Visa,4041592879101334,F,13.67,1,14.89,14.89,13.67,1.2200000000000006
1362,2021-08-29 00:10:00,P0147,3,Americanexpress,374288253573827,F,18.0,5,19.59,97.95,90.0,7.950000000000003
1363,2021-08-29 00:58:00,P0111,4,Visa,4041590832322153,T,11.74,1,13.09,13.09,11.74,1.3499999999999996
1364,2021-08-29 01:18:00,P0414,6,Mastercard,5108751257054104,F,10.22,5,11.49,57.45,51.1,6.350000000000001
1365,2021-08-29 05:46:00,P0141,7,Visa,4041594735284,F,14.75,3,16.09,48.269999999999996,44.25,4.019999999999996
1366,2021-08-29 08:13:00,P0177,6,Visa,4041599898939,F,7.63,3,8.29,24.869999999999997,22.89,1.9799999999999969
1367,2021-08-29 10:23:00,P0555,8,Visa,4041593754096,T,19.13,1,21.09,21.09,19.13,1.9600000000000009
1368,2021-08-29 10:35:00,P0692,8,Visa,4041599439119557,F,11.98,4,13.49,53.96,47.92,6.039999999999999
1369,2021-08-29 12:48:00,P0266,1,Visa,4041593853252,F,7.49,1,8.29,8.29,7.49,0.7999999999999989
1370,2021-08-29 15:04:00,P0023,7,Mastercard,5108754182165706,F,17.79,1,19.19,19.19,17.79,1.4000000000000021
1371,2021-08-29 16:25:00,P0652,2,Visa,4041593067614,F,0.87,2,1.59,3.18,1.74,1.4400000000000002
1372,2021-08-29 20:30:00,P0221,9,Visa,4041594317943,F,0.59,4,1.49,5.96,2.36,3.6
1373,2021-08-29 21:19:00,P0083,7,Americanexpress,374288575936850,F,3.42,5,4.59,22.95,17.1,5.849999999999998
1374,2021-08-29 22:02:00,P0240,8,Mastercard,5048376187372377,F,1.27,1,1.69,1.69,1.27,0.41999999999999993
1375,2021-08-30 02:15:00,P0649,6,Unknown,3552004956298010,F,18.36,2,20.19,40.38,36.72,3.6600000000000037
1376,2021-08-30 03:04:00,P0400,5,Visa,4041592904494,F,6.39,2,7.69,15.38,12.78,2.6000000000000014
1377,2021-08-30 04:51:00,P0322,4,Visa,4041597832195,F,13.65,5,14.89,74.45,68.25,6.200000000000003
1378,2021-08-30 07:16:00,P0331,6,Unknown,5245753433852595,F,15.79,3,17.59,52.769999999999996,47.37,5.399999999999999
1379,2021-08-30 07:19:00,P0534,6,Americanexpress,374288878642700,F,7.63,4,8.29,33.16,30.52,2.639999999999997
1380,2021-08-30 07:32:00,P0416,8,Unknown,5108751247630930,F,9.88,2,11.29,22.58,19.76,2.8199999999999967
1381,2021-08-30 09:13:00,P0380,1,Mastercard,5108756778383197,F,10.56,1,11.59,11.59,10.56,1.0299999999999994
1382,2021-08-30 09:18:00,P0213,4,Visa,4041591877968868,F,11.19,1,11.99,11.99,11.19,0.8000000000000007
1383,2021-08-30 11:13:00,P0127,5,Americanexpress,374283686467465,T,13.91,1,14.89,14.89,13.91,0.9800000000000004
1384,2021-08-30 12:37:00,P0527,8,Mastercard,5048374090584766,T,16.63,1,18.09,18.09,16.63,1.4600000000000009
1385,2021-08-30 12:45:00,P0543,9,Visa,4041590316969255,F,17.45,1,18.49,18.49,17.45,1.0399999999999991
1386,2021-08-30 12:56:00,P0235,5,Americanexpress,374283486154321,F,11.99,1,13.49,13.49,11.99,1.5
1387,2021-08-30 19:02:00,P0614,2,Mastercard,5108753385078476,F,13.52,1,14.79,14.79,13.52,1.2699999999999996
1388,2021-08-30 22:11:00,P0354,5,Visa,4041591170566229,F,15.35,2,17.09,34.18,30.7,3.4800000000000004
1389,2021-08-30 22:58:00,P0500,4,Americanexpress,374288606605227,F,7.53,4,8.29,33.16,30.12,3.0399999999999956
1390,2021-08-30 23:57:00,P0367,4,Visa,4041590148367,T,11.63,1,12.89,12.89,11.63,1.2599999999999998
1391,2021-08-31 10:07:00,P0662,8,Mastercard,5048374240437394,F,7.58,1,8.29,8.29,7.58,0.7099999999999991
1392,2021-08-31 10:21:00,P0000,4,Unknown,3546672346674857,F,19.02,1,20.99,20.99,19.02,1.9699999999999989
1393,2021-08-31 15:25:00,P0090,7,Americanexpress,374283080920671,F,11.11,1,11.79,11.79,11.11,0.6799999999999997
1394,2021-08-31 16:24:00,P0418,7,Mastercard,5048372528838457,F,13.24,3,14.69,44.07,39.72,4.350000000000001
1395,2021-08-31 17:37:00,P0318,5,Mastercard,5108750675417802,F,6.76,3,7.99,23.97,20.28,3.6899999999999977
1396,2021-08-31 19:53:00,P0327,10,Visa,4041597756568,T,7.13,3,8.19,24.57,21.39,3.1799999999999997
1397,2021-08-31 20:56:00,P0748,5,Visa,4041596092291228,F,10.22,1,11.49,11.49,10.22,1.2699999999999996
1398,2021-08-31 22:11:00,P0519,3,Americanexpress,374288206710740,F,12.45,1,14.09,14.09,12.45,1.6400000000000006
1399,2021-08-31 23:07:00,P0318,6,Visa,4041591066920084,F,6.76,1,7.99,7.99,6.76,1.2300000000000004
1400,2021-09-01 02:27:00,P0260,8,Mastercard,5048373523764854,F,15.96,1,17.79,17.79,15.96,1.8299999999999983
1401,2021-09-01 02:32:00,P0401,8,Visa,4041591872288189,F,16.69,6,18.09,108.53999999999999,100.14000000000001,8.399999999999977
1402,2021-09-01 03:36:00,P0461,3,Visa,4041597352868531,F,15.83,2,17.69,35.38,31.66,3.7200000000000024
1403,2021-09-01 04:24:00,P0596,6,Mastercard,5048379557373439,F,12.28,1,13.89,13.89,12.28,1.6100000000000012
1404,2021-09-01 04:52:00,P0102,8,Mastercard,5048375633014419,F,16.26,1,17.99,17.99,16.26,1.7299999999999969
1405,2021-09-01 07:14:00,P0345,6,Americanexpress,374288095989132,F,7.18,1,8.19,8.19,7.18,1.0099999999999998
1406,2021-09-01 07:40:00,P0354,4,Visa,4041598269652349,F,15.35,2,17.09,34.18,30.7,3.4800000000000004
1407,2021-09-01 09:24:00,P0344,5,Americanexpress,374283896208089,F,9.86,1,11.29,11.29,9.86,1.4299999999999997
1408,2021-09-01 09:46:00,P0292,8,Mastercard,5048372369989377,F,10.49,3,11.49,34.47,31.47,3.0
1409,2021-09-01 10:50:00,P0575,4,Americanexpress,374283957127848,F,2.81,1,3.99,3.99,2.81,1.1800000000000002
1410,2021-09-01 17:25:00,P0326,7,Americanexpress,374283916229131,F,12.66,3,14.29,42.87,37.980000000000004,4.8899999999999935
1411,2021-09-01 17:44:00,P0400,11,Americanexpress,374283298298563,F,6.39,1,7.69,7.69,6.39,1.3000000000000007
1412,2021-09-01 18:25:00,P0667,6,Visa,4041593961527881,F,12.7,3,14.39,43.17,38.099999999999994,5.070000000000007
1413,2021-09-01 19:28:00,P0463,5,Mastercard,5048378153986479,F,12.96,2,14.59,29.18,25.92,3.259999999999998
1414,2021-09-01 19:44:00,P0137,6,Americanexpress,374288239549875,F,1.91,4,2.39,9.56,7.64,1.9200000000000008
1415,2021-09-01 22:08:00,P0218,5,Mastercard,5108757386267384,F,8.4,2,9.39,18.78,16.8,1.9800000000000004
1416,2021-09-02 01:52:00,P0463,7,Visa,4041590307781,F,12.96,1,14.59,14.59,12.96,1.629999999999999
1417,2021-09-02 04:13:00,P0507,5,Visa,4041592861298,F,8.17,1,8.89,8.89,8.17,0.7200000000000006
1418,2021-09-02 04:24:00,P0393,7,Americanexpress,374283096512959,F,10.94,3,11.59,34.769999999999996,32.82,1.9499999999999957
1419,2021-09-02 07:13:00,P0210,7,Americanexpress,374283918794769,F,2.78,1,3.89,3.89,2.78,1.1100000000000003
1420,2021-09-02 09:08:00,P0162,3,Americanexpress,374288022263197,T,18.21,1,19.99,19.99,18.21,1.7799999999999976
1421,2021-09-02 10:51:00,P0254,5,Visa,4041598013159,F,11.44,3,12.49,37.47,34.32,3.1499999999999986
1422,2021-09-02 14:37:00,P0005,9,Visa,4041596513082230,F,6.38,2,7.69,15.38,12.76,2.620000000000001
1423,2021-09-02 17:01:00,P0547,8,Visa,4041590901799,T,20.0,1,21.49,21.49,20.0,1.4899999999999984
1424,2021-09-02 17:37:00,P0406,5,Americanexpress,374283763396660,F,7.19,1,8.19,8.19,7.19,0.9999999999999991
1425,2021-09-02 17:42:00,P0389,9,Americanexpress,374283859431009,F,5.95,1,7.19,7.19,5.95,1.2400000000000002
1426,2021-09-02 18:39:00,P0495,8,Visa,4041590226851239,F,4.23,1,4.99,4.99,4.23,0.7599999999999998
1427,2021-09-02 19:41:00,P0483,7,Visa,4041596207373,F,17.52,3,18.69,56.07000000000001,52.56,3.510000000000005
1428,2021-09-02 20:01:00,P0495,5,Mastercard,5108759796848175,F,4.23,1,4.99,4.99,4.23,0.7599999999999998
1429,2021-09-02 21:06:00,P0371,9,Americanexpress,374283090144403,T,5.38,3,6.29,18.87,16.14,2.7300000000000004
1430,2021-09-02 21:51:00,P0512,5,Visa,4041595843468572,T,15.55,1,17.39,17.39,15.55,1.8399999999999999
1431,2021-09-03 00:30:00,P0498,9,Mastercard,5108751132693290,T,11.6,1,12.79,12.79,11.6,1.1899999999999995
1432,2021-09-03 01:05:00,P0474,4,Mastercard,5108751444593055,F,15.66,1,17.49,17.49,15.66,1.8299999999999983
1433,2021-09-03 04:07:00,P0247,6,Mastercard,5048377891795499,F,13.58,3,14.79,44.37,40.74,3.6299999999999955
1434,2021-09-03 11:07:00,P0486,5,Americanexpress,374283090806373,F,6.52,3,7.89,23.669999999999998,19.56,4.109999999999999
1435,2021-09-03 15:13:00,P0452,5,Americanexpress,374283652257817,F,8.33,3,9.29,27.869999999999997,24.990000000000002,2.8799999999999955
1436,2021-09-03 16:38:00,P0541,7,Visa,4041593374999990,T,2.8,4,3.89,15.56,11.2,4.360000000000001
1437,2021-09-03 20:14:00,P0468,6,Mastercard,5048375241581114,T,13.48,4,14.79,59.16,53.92,5.239999999999995
1438,2021-09-03 20:24:00,P0438,7,Americanexpress,374288986738648,F,5.21,3,5.99,17.97,15.629999999999999,2.34
1439,2021-09-03 21:22:00,P0398,7,Americanexpress,374283029298528,T,1.75,4,2.09,8.36,7.0,1.3599999999999994
1440,2021-09-04 03:52:00,P0471,7,Americanexpress,374283947159695,F,14.12,2,14.89,29.78,28.24,1.5400000000000027
1441,2021-09-04 04:01:00,P0710,2,Americanexpress,374288190284165,F,4.36,2,4.99,9.98,8.72,1.2599999999999998
1442,2021-09-04 04:03:00,P0716,7,Mastercard,5048371185859954,F,13.32,1,14.79,14.79,13.32,1.4699999999999989
1443,2021-09-04 05:29:00,P0629,7,Americanexpress,374288286104129,F,6.4,2,7.79,15.58,12.8,2.7799999999999994
1444,2021-09-04 10:41:00,P0266,10,Visa,4041590766940988,T,7.49,2,8.29,16.58,14.98,1.5999999999999979
1445,2021-09-04 11:21:00,P0484,6,Americanexpress,374288987270641,F,10.9,2,11.59,23.18,21.8,1.379999999999999
1446,2021-09-04 11:36:00,P0293,5,Mastercard,5108756578046879,F,18.19,4,19.89,79.56,72.76,6.799999999999997
1447,2021-09-04 12:18:00,P0363,6,Mastercard,5048377677598653,F,14.85,1,16.29,16.29,14.85,1.4399999999999995
1448,2021-09-04 14:03:00,P0176,5,Mastercard,5048374650052527,F,14.46,2,15.59,31.18,28.92,2.259999999999998
1449,2021-09-04 14:04:00,P0617,5,Mastercard,5108750007910987,F,0.35,1,1.39,1.39,0.35,1.04
1450,2021-09-04 17:07:00,P0361,6,Mastercard,5108755078984233,F,8.85,4,10.19,40.76,35.4,5.359999999999999
1451,2021-09-04 17:12:00,P0433,4,Americanexpress,374288469253552,F,9.33,2,10.79,21.58,18.66,2.919999999999998
1452,2021-09-04 18:27:00,P0293,5,Mastercard,5048370810388256,F,18.19,1,19.89,19.89,18.19,1.6999999999999993
1453,2021-09-04 19:44:00,P0164,6,Americanexpress,374283028820413,F,18.98,3,20.99,62.97,56.94,6.030000000000001
1454,2021-09-04 23:31:00,P0532,6,Visa,4041596488932,F,8.96,4,10.29,41.16,35.84,5.319999999999993
1455,2021-09-04 23:34:00,P0231,10,Visa,4041596052571155,T,6.94,2,8.09,16.18,13.88,2.299999999999999
1456,2021-09-05 01:29:00,P0321,10,Americanexpress,374283793953498,F,17.35,2,18.29,36.58,34.7,1.8799999999999955
1457,2021-09-05 01:31:00,P0317,9,Mastercard,5108758413125280,F,16.83,2,18.19,36.38,33.66,2.720000000000006
1458,2021-09-05 07:22:00,P0546,7,Mastercard,5108752617538232,F,3.2,1,4.39,4.39,3.2,1.1899999999999995
1459,2021-09-05 09:32:00,P0596,5,Americanexpress,374283747704898,F,12.28,1,13.89,13.89,12.28,1.6100000000000012
1460,2021-09-05 12:32:00,P0283,6,Mastercard,5048372771028152,T,1.68,2,1.89,3.78,3.36,0.41999999999999993
1461,2021-09-05 12:41:00,P0337,10,Mastercard,5108753866270550,F,19.24,1,21.19,21.19,19.24,1.9500000000000028
1462,2021-09-05 14:52:00,P0332,6,Mastercard,5048372340210794,F,16.62,1,18.09,18.09,16.62,1.4699999999999989
1463,2021-09-05 16:31:00,P0692,6,Americanexpress,374288531964822,F,11.98,1,13.49,13.49,11.98,1.5099999999999998
1464,2021-09-05 18:18:00,P0744,7,Mastercard,5108752140019163,F,7.42,1,8.29,8.29,7.42,0.8699999999999992
1465,2021-09-05 22:55:00,P0642,7,Americanexpress,374283695696955,F,5.45,4,6.39,25.56,21.8,3.759999999999998
1466,2021-09-05 23:15:00,P0108,0,Unknown,5564560331473504,F,16.62,2,18.09,36.18,33.24,2.9399999999999977
1467,2021-09-05 23:49:00,P0336,9,Visa,4041592569391138,F,8.17,4,8.89,35.56,32.68,2.8800000000000026
1468,2021-09-06 01:06:00,P0524,3,Visa,4041597031723,F,10.66,6,11.59,69.53999999999999,63.96,5.579999999999991
1469,2021-09-06 06:10:00,P0362,6,Visa,4041594811855266,T,3.73,4,4.79,19.16,14.92,4.24
1470,2021-09-06 07:05:00,P0519,7,Mastercard,5048372343482697,F,12.45,1,14.09,14.09,12.45,1.6400000000000006
1471,2021-09-06 08:24:00,P0708,4,Mastercard,5048375703904119,F,17.79,4,19.19,76.76,71.16,5.6000000000000085
1472,2021-09-06 10:21:00,P0578,2,Americanexpress,374288269492111,T,19.78,2,21.39,42.78,39.56,3.219999999999999
1473,2021-09-06 12:50:00,P0512,7,Visa,4041594272471199,T,15.55,1,17.39,17.39,15.55,1.8399999999999999
1474,2021-09-07 02:44:00,P0362,4,Mastercard,5108755824655574,F,3.73,1,4.79,4.79,3.73,1.06
1475,2021-09-07 03:38:00,P0232,5,Americanexpress,374288907645856,F,1.66,6,1.89,11.34,9.959999999999999,1.3800000000000008
1476,2021-09-07 05:04:00,P0094,3,Americanexpress,374283814872701,F,13.35,5,14.79,73.94999999999999,66.75,7.199999999999989
1477,2021-09-07 07:38:00,P0219,3,Mastercard,5108757692066926,F,13.98,1,14.89,14.89,13.98,0.9100000000000001
1478,2021-09-07 07:55:00,P0459,7,Mastercard,5048372592261180,T,8.82,2,10.09,20.18,17.64,2.539999999999999
1479,2021-09-07 09:00:00,P0333,6,Mastercard,5108758000544851,F,16.61,1,18.09,18.09,16.61,1.4800000000000004
1480,2021-09-07 14:58:00,P0595,8,Mastercard,5108751377331051,F,17.58,2,18.79,37.58,35.16,2.4200000000000017
1481,2021-09-07 15:06:00,P0075,4,Visa,4041598474328,F,3.87,4,4.89,19.56,15.48,4.079999999999998
1482,2021-09-07 16:16:00,P0571,4,Visa,4041594873143,F,4.35,1,4.99,4.99,4.35,0.6400000000000006
1483,2021-09-07 18:51:00,P0395,7,Americanexpress,374283545940173,F,2.55,6,3.59,21.54,15.299999999999999,6.24
1484,2021-09-07 23:42:00,P0529,5,Americanexpress,374288620180827,F,17.59,2,18.79,37.58,35.18,2.3999999999999986
1485,2021-09-08 03:46:00,P0559,6,Unknown,5602239509320821,T,6.29,4,7.69,30.76,25.16,5.600000000000001
1486,2021-09-08 04:01:00,P0048,5,Visa,4041593907333949,T,17.85,2,19.29,38.58,35.7,2.8799999999999955
1487,2021-09-08 08:01:00,P0528,7,Americanexpress,374288686801654,F,0.62,1,1.49,1.49,0.62,0.87
1488,2021-09-08 08:23:00,P0250,5,Mastercard,5108751865975179,T,16.08,1,17.89,17.89,16.08,1.8100000000000023
1489,2021-09-08 08:39:00,P0283,6,Mastercard,5048374564963363,F,1.68,2,1.89,3.78,3.36,0.41999999999999993
1490,2021-09-08 09:28:00,P0105,7,Visa,4041591560040,F,15.47,1,17.29,17.29,15.47,1.8199999999999985
1491,2021-09-08 09:55:00,P0328,3,Americanexpress,374288683229800,F,3.18,1,4.39,4.39,3.18,1.2099999999999995
1492,2021-09-08 11:01:00,P0668,6,Mastercard,5108751119159463,F,0.46,1,1.39,1.39,0.46,0.9299999999999999
1493,2021-09-08 14:35:00,P0183,5,Americanexpress,374283149378077,F,4.77,2,5.09,10.18,9.54,0.6400000000000006
1494,2021-09-08 16:23:00,P0321,4,Mastercard,5108755914990105,F,17.35,3,18.29,54.87,52.050000000000004,2.819999999999993
1495,2021-09-08 18:37:00,P0531,5,Mastercard,5108758910107450,F,3.2,1,4.39,4.39,3.2,1.1899999999999995
1496,2021-09-08 20:14:00,P0113,7,Visa,4041597763606,F,15.49,1,17.29,17.29,15.49,1.799999999999999
1497,2021-09-08 22:19:00,P0267,4,Americanexpress,374288433180139,F,13.36,1,14.79,14.79,13.36,1.4299999999999997
1498,2021-09-09 01:13:00,P0068,7,Americanexpress,374288309400504,F,7.46,1,8.29,8.29,7.46,0.8299999999999992
1499,2021-09-09 01:20:00,P0549,7,Visa,4041598843029113,T,16.85,4,18.19,72.76,67.4,5.359999999999999
1500,2021-09-09 01:47:00,P0642,7,Visa,4041590679999,F,5.45,2,6.39,12.78,10.9,1.879999999999999
1501,2021-09-09 05:32:00,P0101,10,Unknown,3580987195258546,F,16.11,1,17.89,17.89,16.11,1.7800000000000011
1502,2021-09-09 06:13:00,P0381,9,Visa,4041595835625221,F,5.05,1,5.69,5.69,5.05,0.6400000000000006
1503,2021-09-09 06:23:00,P0206,5,Visa,4041595655648,F,0.58,1,1.49,1.49,0.58,0.91
1504,2021-09-09 11:17:00,P0131,6,Mastercard,5108754775851324,F,11.71,2,12.99,25.98,23.42,2.5599999999999987
1505,2021-09-09 11:21:00,P0423,6,Americanexpress,374288147971898,F,14.04,1,14.89,14.89,14.04,0.8500000000000014
1506,2021-09-09 12:02:00,P0517,8,Americanexpress,374283247071053,F,5.11,1,5.79,5.79,5.11,0.6799999999999997
1507,2021-09-09 12:54:00,P0571,8,Visa,4041595337736047,T,4.35,1,4.99,4.99,4.35,0.6400000000000006
1508,2021-09-09 15:54:00,P0613,0,Visa,4041593733691965,F,9.94,2,11.39,22.78,19.88,2.900000000000002
1509,2021-09-09 16:42:00,P0182,10,Mastercard,5108754498871880,F,9.85,1,11.29,11.29,9.85,1.4399999999999995
1510,2021-09-09 17:50:00,P0492,10,Americanexpress,374288419235956,F,16.12,1,17.89,17.89,16.12,1.7699999999999996
1511,2021-09-09 18:59:00,P0142,4,Americanexpress,374288974793928,F,10.09,1,11.39,11.39,10.09,1.3000000000000007
1512,2021-09-09 20:39:00,P0264,9,Mastercard,5108751975453257,T,4.11,4,4.89,19.56,16.44,3.1199999999999974
1513,2021-09-09 21:24:00,P0217,7,Mastercard,5048376535413246,F,14.96,6,16.49,98.94,89.76,9.179999999999993
1514,2021-09-09 22:10:00,P0574,3,Visa,4041591577340491,T,9.21,3,10.69,32.07,27.630000000000003,4.439999999999998
1515,2021-09-10 02:00:00,P0022,9,Americanexpress,374288488024372,T,1.16,4,1.69,6.76,4.64,2.12
1516,2021-09-10 02:44:00,P0459,9,Visa,4041590616962687,F,8.82,1,10.09,10.09,8.82,1.2699999999999996
1517,2021-09-10 06:25:00,P0062,8,Americanexpress,374288659779069,T,14.01,4,14.89,59.56,56.04,3.520000000000003
1518,2021-09-10 06:49:00,P0267,5,Americanexpress,374283734363807,F,13.36,3,14.79,44.37,40.08,4.289999999999999
1519,2021-09-10 06:50:00,P0398,5,Mastercard,5108754582260198,F,1.75,2,2.09,4.18,3.5,0.6799999999999997
1520,2021-09-10 13:48:00,P0254,7,Americanexpress,374288855740360,F,11.44,2,12.49,24.98,22.88,2.1000000000000014
1521,2021-09-10 15:24:00,P0276,6,Unknown,6371332518923730,F,18.02,1,19.69,19.69,18.02,1.6700000000000017
1522,2021-09-10 18:01:00,P0158,5,Mastercard,5048376279747775,F,3.02,1,4.19,4.19,3.02,1.1700000000000004
1523,2021-09-10 19:00:00,P0440,7,Mastercard,5048376770901251,F,8.88,2,10.19,20.38,17.76,2.6199999999999974
1524,2021-09-10 20:05:00,P0641,7,Visa,4041599406616155,F,13.58,3,14.79,44.37,40.74,3.6299999999999955
1525,2021-09-10 21:22:00,P0540,6,Americanexpress,374288828122639,F,18.72,1,20.69,20.69,18.72,1.9700000000000024
1526,2021-09-11 00:44:00,P0392,4,Mastercard,5048375647555134,T,13.78,1,14.89,14.89,13.78,1.1100000000000012
1527,2021-09-11 01:04:00,P0343,8,Visa,4041596073825,F,3.66,1,4.79,4.79,3.66,1.13
1528,2021-09-11 02:47:00,P0549,3,Mastercard,5048379001496091,F,16.85,3,18.19,54.57000000000001,50.550000000000004,4.020000000000003
1529,2021-09-11 04:05:00,P0468,5,Mastercard,5048371419780976,F,13.48,2,14.79,29.58,26.96,2.6199999999999974
1530,2021-09-11 05:49:00,P0419,6,Mastercard,5048377626722966,F,16.66,1,18.09,18.09,16.66,1.4299999999999997
1531,2021-09-11 06:17:00,P0245,2,Mastercard,5048376469602525,F,4.19,2,4.89,9.78,8.38,1.3999999999999986
1532,2021-09-11 07:52:00,P0266,6,Americanexpress,374283224037382,F,7.49,4,8.29,33.16,29.96,3.1999999999999957
1533,2021-09-11 10:09:00,P0607,4,Visa,4041592383962,F,3.38,1,4.59,4.59,3.38,1.21
1534,2021-09-11 11:04:00,P0382,4,Americanexpress,374283596301333,T,14.22,2,15.09,30.18,28.44,1.7399999999999984
1535,2021-09-11 12:48:00,P0438,4,Mastercard,5108756552850809,F,5.21,1,5.99,5.99,5.21,0.7800000000000002
1536,2021-09-11 14:01:00,P0242,3,Unknown,337941488206656,F,1.6,4,1.79,7.16,6.4,0.7599999999999998
1537,2021-09-11 18:25:00,P0407,6,Visa,4041593741168,F,12.35,1,13.99,13.99,12.35,1.6400000000000006
1538,2021-09-11 18:26:00,P0242,6,Visa,4041591106562,F,1.6,2,1.79,3.58,3.2,0.3799999999999999
1539,2021-09-11 20:31:00,P0335,5,Mastercard,5048372431498241,F,17.17,1,18.19,18.19,17.17,1.0199999999999996
1540,2021-09-11 22:16:00,P0587,6,Visa,4041594590909391,F,13.88,4,14.89,59.56,55.52,4.039999999999999
1541,2021-09-11 22:52:00,P0205,7,Americanexpress,374288773074447,F,16.68,1,18.09,18.09,16.68,1.4100000000000001
1542,2021-09-11 23:26:00,P0380,8,Unknown,6374162732639227,F,10.56,1,11.59,11.59,10.56,1.0299999999999994
1543,2021-09-12 00:33:00,P0489,6,Mastercard,5048377613772933,F,8.46,2,9.49,18.98,16.92,2.0599999999999987
1544,2021-09-12 02:07:00,P0476,3,Americanexpress,374288655680691,F,13.26,2,14.69,29.38,26.52,2.8599999999999994
1545,2021-09-12 03:47:00,P0528,7,Visa,4041590970737,F,0.62,1,1.49,1.49,0.62,0.87
1546,2021-09-12 03:51:00,P0740,6,Americanexpress,374283526446224,T,16.39,3,17.99,53.97,49.17,4.799999999999997
1547,2021-09-12 04:00:00,P0198,2,Americanexpress,374283367977535,F,17.0,1,18.19,18.19,17.0,1.1900000000000013
1548,2021-09-12 07:24:00,P0673,7,Visa,4041590099776,F,1.5,2,1.69,3.38,3.0,0.3799999999999999
1549,2021-09-12 13:24:00,P0162,9,Americanexpress,374288539749209,F,18.21,1,19.99,19.99,18.21,1.7799999999999976
1550,2021-09-12 14:10:00,P0489,7,Americanexpress,374288108582080,F,8.46,1,9.49,9.49,8.46,1.0299999999999994
1551,2021-09-12 16:14:00,P0527,3,Visa,4041590108511380,F,16.63,4,18.09,72.36,66.52,5.840000000000003
1552,2021-09-12 19:28:00,P0419,5,Americanexpress,374288828774660,F,16.66,3,18.09,54.269999999999996,49.980000000000004,4.289999999999992
1553,2021-09-12 20:07:00,P0266,4,Americanexpress,374288063403223,F,7.49,1,8.29,8.29,7.49,0.7999999999999989
1554,2021-09-12 20:57:00,P0037,7,Mastercard,5108759530844191,F,18.48,1,20.39,20.39,18.48,1.9100000000000001
1555,2021-09-12 21:36:00,P0227,3,Visa,4041594263732138,F,7.59,4,8.29,33.16,30.36,2.799999999999997
1556,2021-09-13 05:32:00,P0018,5,Mastercard,5048379738359778,T,17.1,2,18.19,36.38,34.2,2.1799999999999997
1557,2021-09-13 06:03:00,P0489,6,Mastercard,5048378039533701,F,8.46,1,9.49,9.49,8.46,1.0299999999999994
1558,2021-09-13 06:49:00,P0350,5,Mastercard,5048378784629852,T,17.21,1,18.19,18.19,17.21,0.9800000000000004
1559,2021-09-13 07:06:00,P0552,4,Americanexpress,374283080203201,F,11.36,1,12.29,12.29,11.36,0.9299999999999997
1560,2021-09-13 08:46:00,P0681,7,Visa,4041595711136,F,5.26,2,6.09,12.18,10.52,1.6600000000000001
1561,2021-09-13 10:16:00,P0467,7,Americanexpress,374288701221847,F,4.66,1,4.99,4.99,4.66,0.33000000000000007
1562,2021-09-13 10:52:00,P0295,5,Americanexpress,374283137049458,F,1.43,1,1.69,1.69,1.43,0.26
1563,2021-09-13 14:23:00,P0353,5,Unknown,5145718693664395,T,15.1,1,16.69,16.69,15.1,1.5900000000000016
1564,2021-09-13 14:24:00,P0345,2,Americanexpress,374283528719669,F,7.18,2,8.19,16.38,14.36,2.0199999999999996
1565,2021-09-13 15:25:00,P0116,9,Mastercard,5048372815220872,F,12.24,1,13.89,13.89,12.24,1.6500000000000004
1566,2021-09-13 15:56:00,P0550,4,Americanexpress,374283712922699,F,15.35,3,17.09,51.269999999999996,46.05,5.219999999999999
1567,2021-09-13 15:57:00,P0022,8,Mastercard,5048375598025327,F,1.16,3,1.69,5.07,3.4799999999999995,1.5900000000000007
1568,2021-09-13 18:31:00,P0063,4,Americanexpress,374288993699841,T,3.09,3,4.29,12.870000000000001,9.27,3.6000000000000014
1569,2021-09-13 18:54:00,P0424,6,Visa,4041595524653377,F,6.61,3,7.89,23.669999999999998,19.830000000000002,3.8399999999999963
1570,2021-09-13 20:06:00,P0711,9,Mastercard,5048374791819313,F,9.87,3,11.29,33.87,29.61,4.259999999999998
1571,2021-09-13 23:10:00,P0455,10,Visa,4041593584469,F,1.63,1,1.79,1.79,1.63,0.16000000000000014
1572,2021-09-14 00:36:00,P0326,6,Visa,4041598542598954,F,12.66,3,14.29,42.87,37.980000000000004,4.8899999999999935
1573,2021-09-14 00:49:00,P0391,5,Americanexpress,374283364096172,F,1.6,1,1.79,1.79,1.6,0.18999999999999995
1574,2021-09-14 01:12:00,P0433,6,Visa,4041590202033695,F,9.33,2,10.79,21.58,18.66,2.919999999999998
1575,2021-09-14 02:58:00,P0208,8,Mastercard,5048373197662574,F,4.0,1,4.89,4.89,4.0,0.8899999999999997
1576,2021-09-14 04:04:00,P0721,2,Americanexpress,374288214799198,F,4.19,2,4.89,9.78,8.38,1.3999999999999986
1577,2021-09-14 09:43:00,P0410,2,Mastercard,5108755173475814,F,2.95,1,4.09,4.09,2.95,1.1399999999999997
1578,2021-09-14 10:47:00,P0529,5,Americanexpress,374283254793300,F,17.59,2,18.79,37.58,35.18,2.3999999999999986
1579,2021-09-14 14:05:00,P0528,3,Visa,4041596155176,F,0.62,6,1.49,8.94,3.7199999999999998,5.22
1580,2021-09-14 14:06:00,P0098,7,Mastercard,5048370972070874,T,0.74,2,1.59,3.18,1.48,1.7000000000000002
1581,2021-09-14 17:45:00,P0145,7,Americanexpress,374288988795372,F,4.03,1,4.89,4.89,4.03,0.8599999999999994
1582,2021-09-14 23:39:00,P0409,7,Unknown,5550728276417929,F,18.03,3,19.69,59.07000000000001,54.09,4.980000000000004
1583,2021-09-15 00:21:00,P0533,6,Mastercard,5048376017607554,F,1.5,2,1.69,3.38,3.0,0.3799999999999999
1584,2021-09-15 02:53:00,P0467,6,Mastercard,5048374587396310,F,4.66,2,4.99,9.98,9.32,0.6600000000000001
1585,2021-09-15 08:42:00,P0117,2,Americanexpress,374283635763519,F,8.82,4,10.09,40.36,35.28,5.079999999999998
1586,2021-09-15 09:39:00,P0701,7,Visa,4041592472757,F,11.06,1,11.69,11.69,11.06,0.629999999999999
1587,2021-09-15 10:17:00,P0265,7,Visa,4041595292558,T,19.23,1,21.19,21.19,19.23,1.9600000000000009
1588,2021-09-15 11:05:00,P0117,4,Mastercard,5048371036498218,T,8.82,1,10.09,10.09,8.82,1.2699999999999996
1589,2021-09-15 11:29:00,P0398,8,Mastercard,5048373470913447,F,1.75,2,2.09,4.18,3.5,0.6799999999999997
1590,2021-09-15 11:30:00,P0385,6,Americanexpress,374288915339930,F,13.22,4,14.69,58.76,52.88,5.8799999999999955
1591,2021-09-15 13:46:00,P0294,5,Mastercard,5108757544114445,F,12.38,3,13.99,41.97,37.14,4.829999999999998
1592,2021-09-15 15:23:00,P0432,3,Unknown,67628213312335367,F,17.36,1,18.39,18.39,17.36,1.0300000000000011
1593,2021-09-15 15:43:00,P0322,7,Visa,4041596213134794,F,13.65,1,14.89,14.89,13.65,1.2400000000000002
1594,2021-09-15 16:01:00,P0199,10,Mastercard,5048378770794827,F,6.42,2,7.79,15.58,12.84,2.74
1595,2021-09-15 20:01:00,P0513,7,Visa,4041591517610,T,0.97,2,1.59,3.18,1.94,1.2400000000000002
1596,2021-09-15 21:27:00,P0381,7,Unknown,3552094738054393,F,5.05,3,5.69,17.07,15.149999999999999,1.9200000000000017
1597,2021-09-15 21:36:00,P0284,5,Mastercard,5108751806276216,F,1.03,1,1.59,1.59,1.03,0.56
1598,2021-09-16 00:11:00,P0366,6,Visa,4041593605066,F,13.27,3,14.69,44.07,39.81,4.259999999999998
1599,2021-09-16 03:16:00,P0220,8,Unknown,3575944858215914,F,16.0,2,17.79,35.58,32.0,3.5799999999999983
1600,2021-09-16 03:50:00,P0429,8,Americanexpress,374283361730021,F,0.78,2,1.59,3.18,1.56,1.62
1601,2021-09-16 05:29:00,P0425,9,Visa,4041597133685,F,10.49,1,11.49,11.49,10.49,1.0
1602,2021-09-16 06:04:00,P0361,8,Unknown,4844487509232238,F,8.85,1,10.19,10.19,8.85,1.3399999999999999
1603,2021-09-16 06:51:00,P0379,4,Americanexpress,374288871188792,F,6.12,3,7.49,22.47,18.36,4.109999999999999
1604,2021-09-16 07:40:00,P0201,9,Visa,4041595027517590,F,9.9,2,11.29,22.58,19.8,2.7799999999999976
1605,2021-09-16 11:10:00,P0290,9,Americanexpress,374288510330987,T,18.11,1,19.79,19.79,18.11,1.6799999999999997
1606,2021-09-16 13:07:00,P0294,9,Visa,4041595148875,F,12.38,3,13.99,41.97,37.14,4.829999999999998
1607,2021-09-16 13:21:00,P0239,2,Visa,4041598926455862,F,0.32,3,1.29,3.87,0.96,2.91
1608,2021-09-16 18:26:00,P0298,3,Mastercard,5048378018572191,T,5.0,1,5.59,5.59,5.0,0.5899999999999999
1609,2021-09-16 18:49:00,P0293,8,Americanexpress,374288713542743,F,18.19,2,19.89,39.78,36.38,3.3999999999999986
1610,2021-09-16 19:53:00,P0537,8,Visa,4041598897080,F,8.62,4,9.79,39.16,34.48,4.68
1611,2021-09-16 21:06:00,P0097,2,Americanexpress,374283944119148,F,9.91,2,11.29,22.58,19.82,2.759999999999998
1612,2021-09-17 02:08:00,P0263,7,Mastercard,5108759532862993,F,2.27,2,3.09,6.18,4.54,1.6399999999999997
1613,2021-09-17 05:02:00,P0171,6,Americanexpress,374283754519411,F,5.57,2,6.69,13.38,11.14,2.24
1614,2021-09-17 06:53:00,P0170,3,Visa,4041596162989362,F,8.13,5,8.89,44.45,40.650000000000006,3.799999999999997
1615,2021-09-17 06:58:00,P0537,7,Americanexpress,374283461412942,F,8.62,2,9.79,19.58,17.24,2.34
1616,2021-09-17 07:04:00,P0628,2,Mastercard,5048379951771642,F,16.23,3,17.99,53.97,48.69,5.280000000000001
1617,2021-09-17 09:41:00,P0444,9,Visa,4041595092356296,F,13.93,3,14.89,44.67,41.79,2.8800000000000026
1618,2021-09-17 12:50:00,P0459,5,Mastercard,5048376139245960,F,8.82,1,10.09,10.09,8.82,1.2699999999999996
1619,2021-09-17 14:13:00,P0435,3,Mastercard,5108753351534007,F,7.88,2,8.39,16.78,15.76,1.0200000000000014
1620,2021-09-17 15:53:00,P0134,6,Mastercard,5108759817337992,F,10.28,4,11.49,45.96,41.12,4.840000000000003
1621,2021-09-17 16:37:00,P0675,5,Visa,4041593970767,F,12.34,1,13.99,13.99,12.34,1.6500000000000004
1622,2021-09-17 16:47:00,P0481,5,Americanexpress,374288344157002,F,17.2,1,18.19,18.19,17.2,0.990000000000002
1623,2021-09-17 16:56:00,P0401,7,Mastercard,5108754027372657,T,16.69,1,18.09,18.09,16.69,1.3999999999999986
1624,2021-09-17 18:20:00,P0314,6,Mastercard,5048370521991521,F,14.84,3,16.29,48.87,44.519999999999996,4.350000000000001
1625,2021-09-17 18:56:00,P0322,5,Visa,4041596767905,F,13.65,1,14.89,14.89,13.65,1.2400000000000002
1626,2021-09-17 22:20:00,P0364,8,Visa,4041593697048,F,15.78,2,17.59,35.18,31.56,3.620000000000001
1627,2021-09-17 22:36:00,P0409,10,Americanexpress,374283351781018,F,18.03,1,19.69,19.69,18.03,1.6600000000000001
1628,2021-09-17 23:00:00,P0301,6,Americanexpress,374283714464617,F,15.18,4,16.79,67.16,60.72,6.439999999999998
1629,2021-09-18 01:04:00,P0310,9,Visa,4041593996010,F,14.48,1,15.59,15.59,14.48,1.1099999999999994
1630,2021-09-18 01:27:00,P0726,3,Visa,4041594347478,F,9.71,6,11.19,67.14,58.260000000000005,8.879999999999995
1631,2021-09-18 01:29:00,P0409,5,Americanexpress,374288720794899,T,18.03,2,19.69,39.38,36.06,3.3200000000000003
1632,2021-09-18 02:10:00,P0066,5,Americanexpress,374288524270914,T,9.89,3,11.29,33.87,29.67,4.199999999999996
1633,2021-09-18 03:13:00,P0560,4,Americanexpress,374283524161304,F,1.4,1,1.69,1.69,1.4,0.29000000000000004
1634,2021-09-18 03:38:00,P0606,5,Americanexpress,374283513124214,F,14.31,3,15.19,45.57,42.93,2.6400000000000006
1635,2021-09-18 07:47:00,P0654,6,Mastercard,5048372455605523,F,8.85,3,10.19,30.57,26.549999999999997,4.020000000000003
1636,2021-09-18 08:09:00,P0574,3,Americanexpress,374288186901475,F,9.21,2,10.69,21.38,18.42,2.9599999999999973
1637,2021-09-18 09:58:00,P0582,6,Visa,4041591781495602,F,5.55,1,6.59,6.59,5.55,1.04
1638,2021-09-18 10:10:00,P0204,7,Visa,4041592593029472,F,9.72,1,11.19,11.19,9.72,1.4699999999999989
1639,2021-09-18 12:32:00,P0055,9,Americanexpress,374283979106770,F,4.06,1,4.89,4.89,4.06,0.8300000000000001
1640,2021-09-18 16:58:00,P0212,4,Americanexpress,374283707320271,F,1.86,1,2.29,2.29,1.86,0.42999999999999994
1641,2021-09-18 19:23:00,P0474,4,Mastercard,5048377471259627,F,15.66,2,17.49,34.98,31.32,3.6599999999999966
1642,2021-09-18 21:27:00,P0412,6,Visa,4041592036371176,F,16.11,2,17.89,35.78,32.22,3.5600000000000023
1643,2021-09-18 23:38:00,P0729,4,Visa,4041592740783880,F,9.34,1,10.89,10.89,9.34,1.5500000000000007
1644,2021-09-19 00:41:00,P0574,4,Visa,4041594669442449,T,9.21,1,10.69,10.69,9.21,1.4799999999999986
1645,2021-09-19 02:07:00,P0468,8,Americanexpress,374288179224794,F,13.48,2,14.79,29.58,26.96,2.6199999999999974
1646,2021-09-19 02:14:00,P0045,4,Americanexpress,374288579793885,F,9.5,1,10.99,10.99,9.5,1.4900000000000002
1647,2021-09-19 02:45:00,P0543,7,Visa,4041595600073,F,17.45,2,18.49,36.98,34.9,2.0799999999999983
1648,2021-09-19 03:10:00,P0491,7,Mastercard,5108752950658605,F,18.0,1,19.59,19.59,18.0,1.5899999999999999
1649,2021-09-19 04:14:00,P0194,8,Americanexpress,374283239636608,F,10.82,3,11.59,34.769999999999996,32.46,2.309999999999995
1650,2021-09-19 05:16:00,P0409,4,Mastercard,5048374062546348,F,18.03,2,19.69,39.38,36.06,3.3200000000000003
1651,2021-09-19 08:44:00,P0175,3,Americanexpress,374288994105350,F,10.26,1,11.49,11.49,10.26,1.2300000000000004
1652,2021-09-19 10:16:00,P0264,6,Mastercard,5108753162358067,F,4.11,3,4.89,14.669999999999998,12.330000000000002,2.3399999999999963
1653,2021-09-19 10:54:00,P0537,3,Americanexpress,374288784064593,F,8.62,1,9.79,9.79,8.62,1.17
1654,2021-09-19 13:12:00,P0215,9,Americanexpress,374288020890132,F,0.81,1,1.59,1.59,0.81,0.78
1655,2021-09-19 13:17:00,P0661,8,Americanexpress,374288538118679,F,8.21,2,8.99,17.98,16.42,1.5599999999999987
1656,2021-09-19 14:42:00,P0062,9,Visa,4041597030485,F,14.01,2,14.89,29.78,28.02,1.7600000000000016
1657,2021-09-19 17:12:00,P0274,4,Mastercard,5108750112743232,F,11.65,1,12.89,12.89,11.65,1.2400000000000002
1658,2021-09-19 17:29:00,P0393,6,Visa,4041593256986826,T,10.94,3,11.59,34.769999999999996,32.82,1.9499999999999957
1659,2021-09-19 18:42:00,P0512,4,Mastercard,5108754231937295,F,15.55,1,17.39,17.39,15.55,1.8399999999999999
1660,2021-09-19 19:08:00,P0286,4,Americanexpress,374288083461284,F,10.87,1,11.59,11.59,10.87,0.7200000000000006
1661,2021-09-19 19:09:00,P0661,4,Mastercard,5108750000119065,F,8.21,3,8.99,26.97,24.630000000000003,2.3399999999999963
1662,2021-09-19 19:22:00,P0346,7,Mastercard,5108755617094643,F,12.21,2,13.79,27.58,24.42,3.1599999999999966
1663,2021-09-19 20:08:00,P0405,8,Americanexpress,374288884824953,F,18.2,1,19.99,19.99,18.2,1.7899999999999991
1664,2021-09-19 20:53:00,P0487,9,Unknown,30593998480220,F,11.44,2,12.49,24.98,22.88,2.1000000000000014
1665,2021-09-19 21:01:00,P0556,7,Mastercard,5048372923191072,F,5.5,1,6.49,6.49,5.5,0.9900000000000002
1666,2021-09-19 21:44:00,P0357,5,Mastercard,5048370781932090,F,3.34,4,4.49,17.96,13.36,4.600000000000001
1667,2021-09-19 23:12:00,P0463,7,Americanexpress,374283038656872,F,12.96,4,14.59,58.36,51.84,6.519999999999996
1668,2021-09-19 23:16:00,P0547,7,Visa,4041597591782618,F,20.0,1,21.49,21.49,20.0,1.4899999999999984
1669,2021-09-20 02:28:00,P0537,8,Visa,4041590245916,F,8.62,2,9.79,19.58,17.24,2.34
1670,2021-09-20 02:51:00,P0240,7,Americanexpress,374283308578129,F,1.27,6,1.69,10.14,7.62,2.5200000000000005
1671,2021-09-20 04:02:00,P0528,3,Americanexpress,374288875469412,F,0.62,3,1.49,4.47,1.8599999999999999,2.61
1672,2021-09-20 05:30:00,P0067,5,Americanexpress,374283506193226,F,17.72,4,19.09,76.36,70.88,5.480000000000004
1673,2021-09-20 05:51:00,P0403,6,Americanexpress,374288479191024,F,18.82,1,20.79,20.79,18.82,1.9699999999999989
1674,2021-09-20 06:11:00,P0265,7,Visa,4041597107112573,F,19.23,4,21.19,84.76,76.92,7.840000000000003
1675,2021-09-20 08:47:00,P0658,6,Visa,4041591372909,F,2.92,2,4.09,8.18,5.84,2.34
1676,2021-09-20 15:44:00,P0476,5,Mastercard,5108751271247718,F,13.26,4,14.69,58.76,53.04,5.719999999999999
1677,2021-09-20 15:56:00,P0505,7,Visa,4041597623654769,F,3.97,1,4.89,4.89,3.97,0.9199999999999995
1678,2021-09-20 19:20:00,P0051,2,Mastercard,5108759901691254,T,16.95,1,18.19,18.19,16.95,1.240000000000002
1679,2021-09-20 19:24:00,P0505,6,Visa,4041590190377,F,3.97,1,4.89,4.89,3.97,0.9199999999999995
1680,2021-09-20 20:01:00,P0536,7,Americanexpress,374288589527216,F,16.97,1,18.19,18.19,16.97,1.2200000000000024
1681,2021-09-21 07:17:00,P0222,8,Mastercard,5048376722721674,F,16.56,3,18.09,54.269999999999996,49.67999999999999,4.590000000000003
1682,2021-09-21 08:10:00,P0187,7,Americanexpress,374283019784669,F,4.17,3,4.89,14.669999999999998,12.51,2.1599999999999984
1683,2021-09-21 08:46:00,P0285,0,Mastercard,5108757210312224,F,2.73,3,3.79,11.370000000000001,8.19,3.1800000000000015
1684,2021-09-21 08:49:00,P0281,9,Mastercard,5048379816716733,F,2.39,1,3.29,3.29,2.39,0.8999999999999999
1685,2021-09-21 09:09:00,P0487,2,Visa,4041595984774,T,11.44,1,12.49,12.49,11.44,1.0500000000000007
1686,2021-09-21 10:10:00,P0171,5,Visa,4041594847054652,F,5.57,3,6.69,20.07,16.71,3.3599999999999994
1687,2021-09-21 12:00:00,P0348,2,Unknown,3554682055518236,F,6.83,1,8.09,8.09,6.83,1.2599999999999998
1688,2021-09-21 15:00:00,P0235,5,Mastercard,5108752266297460,F,11.99,3,13.49,40.47,35.97,4.5
1689,2021-09-21 16:18:00,P0328,4,Americanexpress,374283269798450,F,3.18,1,4.39,4.39,3.18,1.2099999999999995
1690,2021-09-21 19:57:00,P0118,8,Visa,4041597973169681,F,2.82,3,3.99,11.97,8.459999999999999,3.5100000000000016
1691,2021-09-21 21:37:00,P0352,7,Mastercard,5108755480400745,T,2.04,2,2.59,5.18,4.08,1.0999999999999996
1692,2021-09-21 21:49:00,P0716,5,Mastercard,5108752951387121,F,13.32,1,14.79,14.79,13.32,1.4699999999999989
1693,2021-09-22 05:15:00,P0578,8,Visa,4041591016837,F,19.78,5,21.39,106.95,98.9,8.049999999999997
1694,2021-09-22 09:24:00,P0317,4,Mastercard,5048373846555542,F,16.83,7,18.19,127.33000000000001,117.80999999999999,9.520000000000024
1695,2021-09-22 09:55:00,P0286,3,Visa,4041592189716,F,10.87,1,11.59,11.59,10.87,0.7200000000000006
1696,2021-09-22 12:24:00,P0300,6,Mastercard,5048374753223413,F,7.58,2,8.29,16.58,15.16,1.4199999999999982
1697,2021-09-22 12:41:00,P0444,3,Americanexpress,374288318313151,F,13.93,1,14.89,14.89,13.93,0.9600000000000009
1698,2021-09-22 14:48:00,P0190,5,Americanexpress,374288910703452,F,18.93,1,20.89,20.89,18.93,1.9600000000000009
1699,2021-09-22 15:48:00,P0362,7,Americanexpress,374288074239368,T,3.73,3,4.79,14.370000000000001,11.19,3.1800000000000015
1700,2021-09-22 18:25:00,P0437,4,Visa,4041598959047,F,0.1,7,1.19,8.33,0.7000000000000001,7.63
1701,2021-09-22 18:44:00,P0519,4,Mastercard,5108752222125458,F,12.45,1,14.09,14.09,12.45,1.6400000000000006
1702,2021-09-22 20:19:00,P0392,6,Unknown,3574715893867468,F,13.78,1,14.89,14.89,13.78,1.1100000000000012
1703,2021-09-23 00:40:00,P0557,6,Visa,4041591680293,F,9.79,4,11.29,45.16,39.16,6.0
1704,2021-09-23 00:41:00,P0235,5,Unknown,3579576196620169,F,11.99,5,13.49,67.45,59.95,7.5
1705,2021-09-23 03:09:00,P0326,4,Visa,4041599817806,F,12.66,2,14.29,28.58,25.32,3.259999999999998
1706,2021-09-23 03:35:00,P0298,9,Mastercard,5048371878290483,F,5.0,1,5.59,5.59,5.0,0.5899999999999999
1707,2021-09-23 05:41:00,P0380,10,Mastercard,5108756515107784,F,10.56,4,11.59,46.36,42.24,4.119999999999997
1708,2021-09-23 07:17:00,P0609,5,Mastercard,5048378784553797,F,6.31,4,7.69,30.76,25.24,5.520000000000003
1709,2021-09-23 10:48:00,P0335,8,Americanexpress,374283386849327,F,17.17,4,18.19,72.76,68.68,4.079999999999998
1710,2021-09-23 10:57:00,P0509,5,Americanexpress,374283939454633,F,11.66,3,12.89,38.67,34.980000000000004,3.6899999999999977
1711,2021-09-23 11:59:00,P0071,5,Americanexpress,374283727595134,F,13.09,2,14.69,29.38,26.18,3.1999999999999993
1712,2021-09-23 15:26:00,P0334,8,Visa,4041599329604,F,5.53,1,6.59,6.59,5.53,1.0599999999999996
1713,2021-09-23 18:05:00,P0343,7,Visa,4041598027191,T,3.66,3,4.79,14.370000000000001,10.98,3.3900000000000006
1714,2021-09-23 19:04:00,P0585,8,Mastercard,5048374042024697,F,3.81,2,4.79,9.58,7.62,1.96
1715,2021-09-23 20:29:00,P0301,4,Mastercard,5048378901439326,T,15.18,1,16.79,16.79,15.18,1.6099999999999994
1716,2021-09-23 21:22:00,P0388,3,Mastercard,5048377014367770,T,17.9,1,19.39,19.39,17.9,1.490000000000002
1717,2021-09-23 22:46:00,P0218,9,Americanexpress,374283603050451,F,8.4,4,9.39,37.56,33.6,3.960000000000001
1718,2021-09-24 02:05:00,P0312,5,Mastercard,5048372525693376,F,17.43,1,18.49,18.49,17.43,1.0599999999999987
1719,2021-09-24 02:07:00,P0162,6,Mastercard,5108758290439614,T,18.21,2,19.99,39.98,36.42,3.559999999999995
1720,2021-09-24 02:08:00,P0498,7,Americanexpress,374288674258743,F,11.6,1,12.79,12.79,11.6,1.1899999999999995
1721,2021-09-24 02:15:00,P0368,3,Mastercard,5108756158023827,F,9.52,1,10.99,10.99,9.52,1.4700000000000006
1722,2021-09-24 02:44:00,P0577,8,Americanexpress,374283294837539,F,7.24,1,8.19,8.19,7.24,0.9499999999999993
1723,2021-09-24 05:11:00,P0547,8,Americanexpress,374288053995824,F,20.0,3,21.49,64.47,60.0,4.469999999999999
1724,2021-09-24 05:17:00,P0267,4,Americanexpress,374283010869857,F,13.36,1,14.79,14.79,13.36,1.4299999999999997
1725,2021-09-24 05:36:00,P0179,9,Mastercard,5108751028216800,F,5.8,1,6.99,6.99,5.8,1.1900000000000004
1726,2021-09-24 10:18:00,P0077,4,Visa,4041596324616143,F,6.54,5,7.89,39.449999999999996,32.7,6.749999999999993
1727,2021-09-24 11:38:00,P0021,5,Americanexpress,374283941128092,F,14.13,1,14.89,14.89,14.13,0.7599999999999998
1728,2021-09-24 14:50:00,P0556,7,Americanexpress,374283465449734,F,5.5,1,6.49,6.49,5.5,0.9900000000000002
1729,2021-09-24 16:41:00,P0418,3,Mastercard,5108754313835888,F,13.24,1,14.69,14.69,13.24,1.4499999999999993
1730,2021-09-24 16:42:00,P0651,8,Americanexpress,374283120695127,F,15.2,4,16.89,67.56,60.8,6.760000000000005
1731,2021-09-24 17:37:00,P0531,9,Mastercard,5048373740379072,F,3.2,2,4.39,8.78,6.4,2.379999999999999
1732,2021-09-24 19:10:00,P0400,2,Visa,4041594502162907,T,6.39,1,7.69,7.69,6.39,1.3000000000000007
1733,2021-09-24 20:19:00,P0251,7,Mastercard,5048377382632987,F,2.11,4,2.79,11.16,8.44,2.7200000000000006
1734,2021-09-24 21:26:00,P0384,6,Mastercard,5108750609099049,F,4.83,4,5.19,20.76,19.32,1.4400000000000013
1735,2021-09-24 23:28:00,P0240,6,Visa,4041595173790,F,1.27,1,1.69,1.69,1.27,0.41999999999999993
1736,2021-09-24 23:52:00,P0224,5,Visa,4041593070758,T,16.48,2,18.09,36.18,32.96,3.219999999999999
1737,2021-09-25 02:45:00,P0634,2,Americanexpress,374283283526630,F,16.47,1,18.09,18.09,16.47,1.620000000000001
1738,2021-09-25 02:57:00,P0015,10,Visa,4041598082153558,T,2.25,6,2.99,17.94,13.5,4.440000000000001
1739,2021-09-25 05:04:00,P0321,7,Mastercard,5048379770563345,F,17.35,5,18.29,91.44999999999999,86.75,4.699999999999989
1740,2021-09-25 09:10:00,P0469,2,Mastercard,5048374070243151,F,0.92,3,1.59,4.7700000000000005,2.7600000000000002,2.0100000000000002
1741,2021-09-25 09:28:00,P0316,8,Visa,4041594165405551,F,1.81,1,2.19,2.19,1.81,0.3799999999999999
1742,2021-09-25 12:04:00,P0194,10,Mastercard,5048373143739922,F,10.82,1,11.59,11.59,10.82,0.7699999999999996
1743,2021-09-25 12:28:00,P0026,9,Americanexpress,374288469592413,F,13.19,1,14.69,14.69,13.19,1.5
1744,2021-09-25 12:37:00,P0431,5,Mastercard,5108753779812472,F,10.67,3,11.59,34.769999999999996,32.01,2.759999999999998
1745,2021-09-25 13:16:00,P0276,5,Mastercard,5108757298430005,F,18.02,3,19.69,59.07000000000001,54.06,5.010000000000005
1746,2021-09-25 17:38:00,P0360,6,Mastercard,5048371101054193,F,5.54,6,6.59,39.54,33.24,6.299999999999997
1747,2021-09-25 17:56:00,P0188,5,Americanexpress,374288422589027,F,6.75,3,7.99,23.97,20.25,3.719999999999999
1748,2021-09-25 19:11:00,P0415,8,Americanexpress,374288120383640,F,13.96,2,14.89,29.78,27.92,1.8599999999999994
1749,2021-09-25 23:09:00,P0259,6,Visa,4041591501614,F,5.21,5,5.99,29.950000000000003,26.05,3.900000000000002
1750,2021-09-25 23:37:00,P0327,7,Americanexpress,374288402392467,F,7.13,2,8.19,16.38,14.26,2.119999999999999
1751,2021-09-26 00:37:00,P0678,5,Americanexpress,374288898526032,F,7.6,1,8.29,8.29,7.6,0.6899999999999995
1752,2021-09-26 00:38:00,P0672,6,Visa,4041590371639,F,19.89,2,21.39,42.78,39.78,3.0
1753,2021-09-26 04:24:00,P0398,6,Americanexpress,374283579435702,F,1.75,1,2.09,2.09,1.75,0.33999999999999986
1754,2021-09-26 04:38:00,P0301,5,Visa,4041591385513,F,15.18,3,16.79,50.37,45.54,4.829999999999998
1755,2021-09-26 06:03:00,P0263,7,Americanexpress,374288605553733,F,2.27,1,3.09,3.09,2.27,0.8199999999999998
1756,2021-09-26 07:34:00,P0435,6,Mastercard,5048370598154037,F,7.88,1,8.39,8.39,7.88,0.5100000000000007
1757,2021-09-26 10:33:00,P0722,10,Americanexpress,374283295111983,F,14.59,4,15.79,63.16,58.36,4.799999999999997
1758,2021-09-26 10:47:00,P0559,4,Americanexpress,374283718335938,F,6.29,3,7.69,23.07,18.87,4.199999999999999
1759,2021-09-26 12:34:00,P0636,4,Americanexpress,374283762169761,F,5.02,2,5.59,11.18,10.04,1.1400000000000006
1760,2021-09-26 17:16:00,P0663,5,Visa,4041595480470188,F,11.12,2,11.79,23.58,22.24,1.3399999999999999
1761,2021-09-26 18:38:00,P0621,7,Americanexpress,374288100373124,F,17.47,3,18.59,55.769999999999996,52.41,3.3599999999999994
1762,2021-09-26 18:52:00,P0452,8,Visa,4041598665204497,F,8.33,1,9.29,9.29,8.33,0.9599999999999991
1763,2021-09-26 19:55:00,P0478,4,Unknown,3560770526048974,F,18.67,4,20.59,82.36,74.68,7.679999999999993
1764,2021-09-26 20:39:00,P0085,5,Mastercard,5048375618609662,F,14.86,6,16.29,97.74,89.16,8.579999999999998
1765,2021-09-26 22:45:00,P0398,8,Mastercard,5048370009864182,F,1.75,1,2.09,2.09,1.75,0.33999999999999986
1766,2021-09-27 02:00:00,P0702,9,Americanexpress,374283831936935,F,6.51,1,7.89,7.89,6.51,1.38
1767,2021-09-27 02:42:00,P0348,6,Americanexpress,374288337216724,F,6.83,2,8.09,16.18,13.66,2.5199999999999996
1768,2021-09-27 06:06:00,P0430,5,Americanexpress,374288681581103,F,17.67,1,18.99,18.99,17.67,1.3199999999999967
1769,2021-09-27 06:45:00,P0521,7,Americanexpress,374283944159078,F,16.37,1,17.99,17.99,16.37,1.6199999999999974
1770,2021-09-27 12:51:00,P0285,8,Mastercard,5048370794575464,F,2.73,1,3.79,3.79,2.73,1.06
1771,2021-09-27 13:05:00,P0255,6,Visa,4041595128372,F,18.85,1,20.79,20.79,18.85,1.9399999999999977
1772,2021-09-27 13:57:00,P0363,7,Mastercard,5108755521166396,F,14.85,3,16.29,48.87,44.55,4.32
1773,2021-09-27 14:40:00,P0375,5,Unknown,36514102213210,F,15.75,2,17.59,35.18,31.5,3.6799999999999997
1774,2021-09-27 14:50:00,P0268,7,Mastercard,5108756419560922,F,11.93,1,13.39,13.39,11.93,1.4600000000000009
1775,2021-09-27 15:59:00,P0135,9,Mastercard,5048372902355417,F,2.03,8,2.59,20.72,16.24,4.48
1776,2021-09-27 17:35:00,P0552,6,Visa,4041594785768701,F,11.36,1,12.29,12.29,11.36,0.9299999999999997
1777,2021-09-27 21:29:00,P0267,6,Unknown,201938916509373,F,13.36,1,14.79,14.79,13.36,1.4299999999999997
1778,2021-09-27 22:16:00,P0459,3,Americanexpress,374288192895596,F,8.82,2,10.09,20.18,17.64,2.539999999999999
1779,2021-09-28 01:13:00,P0459,3,Mastercard,5048373286964691,F,8.82,2,10.09,20.18,17.64,2.539999999999999
1780,2021-09-28 02:11:00,P0289,7,Mastercard,5048377359844581,T,12.12,2,13.69,27.38,24.24,3.1400000000000006
1781,2021-09-28 02:27:00,P0353,5,Mastercard,5108758626901154,F,15.1,3,16.69,50.07000000000001,45.3,4.77000000000001
1782,2021-09-28 05:14:00,P0459,10,Americanexpress,374283740210125,T,8.82,1,10.09,10.09,8.82,1.2699999999999996
1783,2021-09-28 05:20:00,P0535,5,Visa,4041597309194,F,12.16,1,13.69,13.69,12.16,1.5299999999999994
1784,2021-09-28 06:07:00,P0187,4,Visa,4041591232974833,T,4.17,1,4.89,4.89,4.17,0.7199999999999998
1785,2021-09-28 06:37:00,P0165,6,Visa,4041595398018723,F,0.94,3,1.59,4.7700000000000005,2.82,1.9500000000000006
1786,2021-09-28 07:33:00,P0577,7,Mastercard,5108754090539547,F,7.24,1,8.19,8.19,7.24,0.9499999999999993
1787,2021-09-28 09:23:00,P0468,1,Visa,4041591680779700,F,13.48,2,14.79,29.58,26.96,2.6199999999999974
1788,2021-09-28 09:50:00,P0234,8,Visa,4041599074444757,F,3.13,4,4.29,17.16,12.52,4.640000000000001
1789,2021-09-28 12:26:00,P0210,7,Americanexpress,374283998647317,F,2.78,1,3.89,3.89,2.78,1.1100000000000003
1790,2021-09-28 14:01:00,P0636,7,Americanexpress,374283935392951,T,5.02,2,5.59,11.18,10.04,1.1400000000000006
1791,2021-09-28 17:55:00,P0707,7,Mastercard,5048374711586745,F,16.18,4,17.89,71.56,64.72,6.840000000000003
1792,2021-09-28 17:58:00,P0470,2,Americanexpress,374288361965519,F,18.14,1,19.89,19.89,18.14,1.75
1793,2021-09-28 20:10:00,P0454,6,Visa,4041594184018914,F,5.79,6,6.99,41.94,34.74,7.199999999999996
1794,2021-09-28 21:07:00,P0180,8,Mastercard,5048373306448980,F,19.25,2,21.19,42.38,38.5,3.8800000000000026
1795,2021-09-28 22:58:00,P0357,4,Unknown,3553408637516139,F,3.34,1,4.49,4.49,3.34,1.1500000000000004
1796,2021-09-29 02:17:00,P0373,7,Americanexpress,374283468421250,F,12.85,1,14.49,14.49,12.85,1.6400000000000006
1797,2021-09-29 02:17:00,P0509,5,Americanexpress,374288287101660,F,11.66,1,12.89,12.89,11.66,1.2300000000000004
1798,2021-09-29 02:36:00,P0739,5,Americanexpress,374283431593318,F,10.65,2,11.59,23.18,21.3,1.879999999999999
1799,2021-09-29 07:58:00,P0260,5,Visa,4041591344932,F,15.96,1,17.79,17.79,15.96,1.8299999999999983
1800,2021-09-29 07:59:00,P0329,5,Americanexpress,374283970598413,F,3.45,2,4.59,9.18,6.9,2.2799999999999994
1801,2021-09-29 09:25:00,P0486,7,Mastercard,5108752472113907,F,6.52,2,7.89,15.78,13.04,2.74
1802,2021-09-29 10:44:00,P0532,7,Mastercard,5048375618992035,F,8.96,1,10.29,10.29,8.96,1.3299999999999983
1803,2021-09-29 10:47:00,P0646,6,Mastercard,5108755082162180,F,17.92,4,19.49,77.96,71.68,6.279999999999987
1804,2021-09-29 16:47:00,P0215,10,Mastercard,5048376272529741,F,0.81,4,1.59,6.36,3.24,3.12
1805,2021-09-29 17:00:00,P0377,5,Americanexpress,374283349652701,F,0.12,1,1.19,1.19,0.12,1.0699999999999998
1806,2021-09-29 19:19:00,P0144,4,Mastercard,5108752222796522,F,4.51,1,4.99,4.99,4.51,0.4800000000000004
1807,2021-09-29 21:09:00,P0430,3,Visa,4041594203184,F,17.67,3,18.99,56.97,53.010000000000005,3.9599999999999937
1808,2021-09-29 22:40:00,P0442,7,Visa,4041597319338347,F,14.89,1,16.39,16.39,14.89,1.5
1809,2021-09-30 00:58:00,P0412,8,Americanexpress,374288777256180,T,16.11,4,17.89,71.56,64.44,7.1200000000000045
1810,2021-09-30 02:15:00,P0543,9,Visa,4041599828900344,F,17.45,2,18.49,36.98,34.9,2.0799999999999983
1811,2021-09-30 03:45:00,P0704,9,Americanexpress,374288137485420,F,13.67,2,14.89,29.78,27.34,2.4400000000000013
1812,2021-09-30 13:13:00,P0453,7,Americanexpress,374283231047440,F,12.82,1,14.49,14.49,12.82,1.67
1813,2021-09-30 13:23:00,P0394,8,Mastercard,5048377869803689,F,8.44,2,9.49,18.98,16.88,2.1000000000000014
1814,2021-09-30 14:48:00,P0649,8,Mastercard,5048376748814701,F,18.36,1,20.19,20.19,18.36,1.8300000000000018
1815,2021-09-30 15:39:00,P0217,4,Americanexpress,374288809016305,F,14.96,2,16.49,32.98,29.92,3.059999999999995
1816,2021-09-30 17:20:00,P0566,4,Mastercard,5108752729309712,F,1.77,1,2.09,2.09,1.77,0.31999999999999984
1817,2021-09-30 20:04:00,P0699,2,Visa,4041597479711135,F,1.92,5,2.39,11.950000000000001,9.6,2.3500000000000014
1818,2021-09-30 23:09:00,P0417,5,Mastercard,5108752521106746,F,16.73,4,18.09,72.36,66.92,5.439999999999998
1819,2021-10-01 00:57:00,P0469,4,Americanexpress,374283209091388,F,0.92,2,1.59,3.18,1.84,1.34
1820,2021-10-01 04:56:00,P0706,5,Americanexpress,374283661975144,F,17.68,3,18.99,56.97,53.04,3.9299999999999997
1821,2021-10-01 05:20:00,P0369,6,Mastercard,5048379308500686,F,8.08,2,8.79,17.58,16.16,1.4199999999999982
1822,2021-10-01 06:39:00,P0268,5,Mastercard,5108759469315288,F,11.93,5,13.39,66.95,59.65,7.300000000000004
1823,2021-10-01 08:42:00,P0507,5,Americanexpress,374283315987230,F,8.17,1,8.89,8.89,8.17,0.7200000000000006
1824,2021-10-01 13:39:00,P0328,6,Visa,4041593678220,T,3.18,2,4.39,8.78,6.36,2.419999999999999
1825,2021-10-01 14:17:00,P0429,4,Americanexpress,374288449439297,F,0.78,4,1.59,6.36,3.12,3.24
1826,2021-10-01 15:14:00,P0270,5,Mastercard,5048370075055343,F,6.97,2,8.09,16.18,13.94,2.24
1827,2021-10-01 17:21:00,P0258,6,Americanexpress,374288115857962,F,16.65,2,18.09,36.18,33.3,2.8800000000000026
1828,2021-10-01 18:15:00,P0527,9,Mastercard,5108759441649101,F,16.63,1,18.09,18.09,16.63,1.4600000000000009
1829,2021-10-01 18:17:00,P0707,6,Visa,4041594126340202,F,16.18,1,17.89,17.89,16.18,1.7100000000000009
1830,2021-10-01 21:30:00,P0556,6,Mastercard,5108759104697892,F,5.5,4,6.49,25.96,22.0,3.960000000000001
1831,2021-10-02 01:35:00,P0049,7,Visa,4041595524500644,F,19.78,5,21.39,106.95,98.9,8.049999999999997
1832,2021-10-02 02:47:00,P0489,2,Unknown,3582354577467542,F,8.46,3,9.49,28.47,25.380000000000003,3.0899999999999963
1833,2021-10-02 03:06:00,P0485,6,Americanexpress,374288604972785,F,19.85,3,21.39,64.17,59.550000000000004,4.619999999999997
1834,2021-10-02 03:53:00,P0461,6,Mastercard,5108759578766165,F,15.83,1,17.69,17.69,15.83,1.8600000000000012
1835,2021-10-02 04:36:00,P0254,5,Unknown,201457626382526,F,11.44,3,12.49,37.47,34.32,3.1499999999999986
1836,2021-10-02 07:16:00,P0425,8,Mastercard,5108757514845085,F,10.49,4,11.49,45.96,41.96,4.0
1837,2021-10-02 15:23:00,P0335,5,Unknown,3549076034307662,F,17.17,1,18.19,18.19,17.17,1.0199999999999996
1838,2021-10-02 17:49:00,P0559,6,Visa,4041598849800,T,6.29,3,7.69,23.07,18.87,4.199999999999999
1839,2021-10-02 18:38:00,P0210,8,Americanexpress,374288751236158,F,2.78,4,3.89,15.56,11.12,4.440000000000001
1840,2021-10-02 19:06:00,P0351,6,Visa,4041593246994,F,10.04,2,11.39,22.78,20.08,2.700000000000003
1841,2021-10-02 20:59:00,P0356,5,Americanexpress,374283617357967,F,2.39,3,3.29,9.870000000000001,7.17,2.700000000000001
1842,2021-10-02 23:01:00,P0415,5,Visa,4041596658476,F,13.96,7,14.89,104.23,97.72,6.510000000000005
1843,2021-10-03 03:35:00,P0282,10,Americanexpress,374283774917488,F,10.86,4,11.59,46.36,43.44,2.9200000000000017
1844,2021-10-03 06:11:00,P0403,5,Mastercard,5048377495628674,F,18.82,3,20.79,62.37,56.46,5.909999999999997
1845,2021-10-03 08:15:00,P0621,2,Americanexpress,374288448783356,T,17.47,4,18.59,74.36,69.88,4.480000000000004
1846,2021-10-03 10:41:00,P0600,5,Americanexpress,374288691243272,F,7.38,1,8.29,8.29,7.38,0.9099999999999993
1847,2021-10-03 11:31:00,P0474,7,Visa,4041599152352,F,15.66,1,17.49,17.49,15.66,1.8299999999999983
1848,2021-10-03 12:02:00,P0452,7,Mastercard,5108753862928482,F,8.33,3,9.29,27.869999999999997,24.990000000000002,2.8799999999999955
1849,2021-10-03 13:37:00,P0275,6,Mastercard,5108756533782295,T,9.06,2,10.49,20.98,18.12,2.8599999999999994
1850,2021-10-03 15:40:00,P0269,8,Mastercard,5048372328626326,F,13.6,1,14.79,14.79,13.6,1.1899999999999995
1851,2021-10-03 16:32:00,P0714,4,Americanexpress,374283733197206,F,0.66,3,1.49,4.47,1.98,2.4899999999999998
1852,2021-10-03 16:42:00,P0388,3,Visa,4041590656944595,F,17.9,2,19.39,38.78,35.8,2.980000000000004
1853,2021-10-03 20:03:00,P0630,6,Mastercard,5048372516423668,F,5.45,1,6.39,6.39,5.45,0.9399999999999995
1854,2021-10-03 22:05:00,P0336,7,Mastercard,5048372973513498,F,8.17,1,8.89,8.89,8.17,0.7200000000000006
1855,2021-10-04 01:15:00,P0370,5,Americanexpress,374283423908961,F,19.51,1,21.29,21.29,19.51,1.7799999999999976
1856,2021-10-04 01:27:00,P0484,9,Mastercard,5048379366296151,F,10.9,2,11.59,23.18,21.8,1.379999999999999
1857,2021-10-04 03:39:00,P0457,8,Visa,4041592032254,F,2.02,4,2.59,10.36,8.08,2.2799999999999994
1858,2021-10-04 03:45:00,P0375,8,Mastercard,5048370104010822,F,15.75,4,17.59,70.36,63.0,7.359999999999999
1859,2021-10-04 03:56:00,P0141,7,Mastercard,5048371739895264,F,14.75,1,16.09,16.09,14.75,1.3399999999999999
1860,2021-10-04 04:50:00,P0398,7,Americanexpress,374288033811463,F,1.75,3,2.09,6.27,5.25,1.0199999999999996
1861,2021-10-04 10:05:00,P0732,10,Visa,4041599299660567,T,11.5,1,12.59,12.59,11.5,1.0899999999999999
1862,2021-10-04 10:53:00,P0323,8,Visa,4041599931227,F,0.34,2,1.29,2.58,0.68,1.9
1863,2021-10-04 11:07:00,P0264,4,Visa,4041597896992,F,4.11,1,4.89,4.89,4.11,0.7799999999999994
1864,2021-10-04 15:55:00,P0108,4,Visa,4041593700263,F,16.62,2,18.09,36.18,33.24,2.9399999999999977
1865,2021-10-04 16:24:00,P0230,5,Unknown,3539463432406233,T,4.3,3,4.99,14.97,12.899999999999999,2.070000000000002
1866,2021-10-04 16:41:00,P0372,3,Visa,4041597756514640,T,5.75,5,6.89,34.449999999999996,28.75,5.699999999999996
1867,2021-10-04 19:51:00,P0259,6,Americanexpress,374283887732733,F,5.21,6,5.99,35.94,31.259999999999998,4.68
1868,2021-10-04 21:55:00,P0074,5,Mastercard,5108758390805391,F,18.11,2,19.79,39.58,36.22,3.3599999999999994
1869,2021-10-04 23:05:00,P0739,9,Visa,4041590095397512,F,10.65,1,11.59,11.59,10.65,0.9399999999999995
1870,2021-10-04 23:48:00,P0563,5,Mastercard,5108759108974396,F,9.86,3,11.29,33.87,29.58,4.289999999999999
1871,2021-10-04 23:59:00,P0433,3,Mastercard,5048378952388687,F,9.33,2,10.79,21.58,18.66,2.919999999999998
1872,2021-10-05 00:47:00,P0582,3,Americanexpress,374283248952129,F,5.55,1,6.59,6.59,5.55,1.04
1873,2021-10-05 00:59:00,P0362,4,Visa,4041591585297279,F,3.73,1,4.79,4.79,3.73,1.06
1874,2021-10-05 03:33:00,P0372,4,Visa,4041592960256,T,5.75,1,6.89,6.89,5.75,1.1399999999999997
1875,2021-10-05 03:57:00,P0588,5,Americanexpress,374283297100935,T,12.31,2,13.89,27.78,24.62,3.16
1876,2021-10-05 06:31:00,P0329,5,Visa,4041599732500,F,3.45,2,4.59,9.18,6.9,2.2799999999999994
1877,2021-10-05 08:45:00,P0493,4,Mastercard,5108759040928831,F,18.02,3,19.69,59.07000000000001,54.06,5.010000000000005
1878,2021-10-05 11:15:00,P0077,3,Americanexpress,374283075266759,F,6.54,3,7.89,23.669999999999998,19.62,4.049999999999997
1879,2021-10-05 12:38:00,P0600,6,Mastercard,5048372423601158,T,7.38,1,8.29,8.29,7.38,0.9099999999999993
1880,2021-10-05 12:41:00,P0187,3,Americanexpress,374288304852311,F,4.17,4,4.89,19.56,16.68,2.879999999999999
1881,2021-10-05 13:46:00,P0433,4,Mastercard,5048370730530755,F,9.33,1,10.79,10.79,9.33,1.459999999999999
1882,2021-10-05 13:59:00,P0461,5,Americanexpress,374283258553601,F,15.83,2,17.69,35.38,31.66,3.7200000000000024
1883,2021-10-05 14:48:00,P0613,7,Visa,4041599037226382,T,9.94,1,11.39,11.39,9.94,1.450000000000001
1884,2021-10-05 16:05:00,P0575,2,Americanexpress,374288232170562,F,2.81,4,3.99,15.96,11.24,4.720000000000001
1885,2021-10-05 17:27:00,P0426,7,Americanexpress,374283591123393,F,16.0,1,17.79,17.79,16.0,1.7899999999999991
1886,2021-10-05 17:33:00,P0705,9,Mastercard,5108755727724428,F,16.57,1,18.09,18.09,16.57,1.5199999999999996
1887,2021-10-05 19:19:00,P0283,8,Mastercard,5048370487846818,F,1.68,2,1.89,3.78,3.36,0.41999999999999993
1888,2021-10-05 22:01:00,P0102,6,Americanexpress,374288433962866,F,16.26,2,17.99,35.98,32.52,3.4599999999999937
1889,2021-10-06 00:57:00,P0272,2,Mastercard,5048371279575003,F,5.35,3,6.29,18.87,16.049999999999997,2.820000000000004
1890,2021-10-06 01:11:00,P0508,10,Visa,4041593068133,F,7.67,6,8.29,49.739999999999995,46.019999999999996,3.719999999999999
1891,2021-10-06 03:46:00,P0581,4,Visa,4041596336253141,F,0.51,2,1.49,2.98,1.02,1.96
1892,2021-10-06 05:38:00,P0364,7,Unknown,6392358099049590,F,15.78,3,17.59,52.769999999999996,47.339999999999996,5.43
1893,2021-10-06 10:27:00,P0484,4,Visa,4041592565626,F,10.9,1,11.59,11.59,10.9,0.6899999999999995
1894,2021-10-06 10:50:00,P0040,5,Americanexpress,374288324048031,F,15.75,1,17.59,17.59,15.75,1.8399999999999999
1895,2021-10-06 10:59:00,P0494,4,Mastercard,5108751491620413,F,17.33,2,18.29,36.58,34.66,1.9200000000000017
1896,2021-10-06 15:05:00,P0263,8,Visa,4041598970147316,F,2.27,1,3.09,3.09,2.27,0.8199999999999998
1897,2021-10-06 16:21:00,P0628,8,Visa,4041596513232132,F,16.23,1,17.99,17.99,16.23,1.759999999999998
1898,2021-10-06 22:45:00,P0140,7,Visa,4041591162060,F,1.11,1,1.69,1.69,1.11,0.5799999999999998
1899,2021-10-06 23:02:00,P0237,6,Visa,4041596026838185,F,10.43,3,11.49,34.47,31.29,3.1799999999999997
1900,2021-10-07 02:04:00,P0405,6,Mastercard,5108758690714640,F,18.2,3,19.99,59.97,54.599999999999994,5.3700000000000045
1901,2021-10-07 05:06:00,P0439,4,Mastercard,5108758522294118,F,18.12,1,19.79,19.79,18.12,1.6699999999999982
1902,2021-10-07 06:52:00,P0159,8,Mastercard,5108758130095881,F,12.16,1,13.69,13.69,12.16,1.5299999999999994
1903,2021-10-07 11:10:00,P0263,5,Visa,4041597410846925,F,2.27,2,3.09,6.18,4.54,1.6399999999999997
1904,2021-10-07 12:21:00,P0281,6,Americanexpress,374288532681581,F,2.39,1,3.29,3.29,2.39,0.8999999999999999
1905,2021-10-07 14:18:00,P0158,4,Americanexpress,374288125754266,F,3.02,1,4.19,4.19,3.02,1.1700000000000004
1906,2021-10-07 15:08:00,P0220,6,Visa,4041597460765,F,16.0,1,17.79,17.79,16.0,1.7899999999999991
1907,2021-10-07 15:52:00,P0403,4,Americanexpress,374288288823643,F,18.82,2,20.79,41.58,37.64,3.9399999999999977
1908,2021-10-07 16:57:00,P0463,3,Mastercard,5048371991634971,T,12.96,1,14.59,14.59,12.96,1.629999999999999
1909,2021-10-07 22:32:00,P0714,9,Visa,4041595942883507,F,0.66,4,1.49,5.96,2.64,3.32
1910,2021-10-08 02:42:00,P0218,9,Americanexpress,374283850469909,F,8.4,1,9.39,9.39,8.4,0.9900000000000002
1911,2021-10-08 08:04:00,P0553,5,Americanexpress,374283824797005,F,6.79,3,7.99,23.97,20.37,3.599999999999998
1912,2021-10-08 09:08:00,P0525,3,Mastercard,5108757150626575,F,13.86,3,14.89,44.67,41.58,3.0900000000000034
1913,2021-10-08 09:15:00,P0536,7,Mastercard,5108750246137442,F,16.97,1,18.19,18.19,16.97,1.2200000000000024
1914,2021-10-08 11:14:00,P0221,5,Americanexpress,374288927959477,F,0.59,3,1.49,4.47,1.77,2.6999999999999997
1915,2021-10-08 13:10:00,P0583,8,Visa,4041591810304,F,12.32,1,13.99,13.99,12.32,1.67
1916,2021-10-08 13:16:00,P0241,4,Mastercard,5108759643571301,F,2.03,1,2.59,2.59,2.03,0.56
1917,2021-10-08 14:20:00,P0260,2,Visa,4041593917341528,T,15.96,2,17.79,35.58,31.92,3.6599999999999966
1918,2021-10-08 14:40:00,P0261,6,Americanexpress,374283731470449,F,2.43,3,3.39,10.17,7.290000000000001,2.879999999999999
1919,2021-10-08 15:58:00,P0553,7,Americanexpress,374283494341365,F,6.79,3,7.99,23.97,20.37,3.599999999999998
1920,2021-10-08 17:17:00,P0534,4,Visa,4041595892936,F,7.63,4,8.29,33.16,30.52,2.639999999999997
1921,2021-10-08 19:35:00,P0271,6,Visa,4041597661917,F,15.16,1,16.79,16.79,15.16,1.629999999999999
1922,2021-10-08 21:59:00,P0467,3,Americanexpress,374283839611282,F,4.66,10,4.99,49.900000000000006,46.6,3.3000000000000043
1923,2021-10-08 22:23:00,P0241,3,Americanexpress,374288972397573,F,2.03,3,2.59,7.77,6.09,1.6799999999999997
1924,2021-10-08 22:32:00,P0425,8,Mastercard,5048375928712347,F,10.49,1,11.49,11.49,10.49,1.0
1925,2021-10-08 22:57:00,P0440,8,Americanexpress,374288969075166,F,8.88,3,10.19,30.57,26.64,3.9299999999999997
1926,2021-10-09 00:04:00,P0335,6,Visa,4041595590084,F,17.17,5,18.19,90.95,85.85000000000001,5.099999999999994
1927,2021-10-09 00:50:00,P0579,9,Mastercard,5048374559342730,F,19.5,2,21.29,42.58,39.0,3.5799999999999983
1928,2021-10-09 03:28:00,P0237,6,Mastercard,5108758446765995,F,10.43,3,11.49,34.47,31.29,3.1799999999999997
1929,2021-10-09 04:29:00,P0225,6,Visa,4041597236504,F,7.79,4,8.29,33.16,31.16,1.9999999999999964
1930,2021-10-09 11:03:00,P0276,6,Mastercard,5048378294372860,T,18.02,3,19.69,59.07000000000001,54.06,5.010000000000005
1931,2021-10-09 14:05:00,P0259,6,Visa,4041598586030,T,5.21,1,5.99,5.99,5.21,0.7800000000000002
1932,2021-10-09 14:11:00,P0277,4,Americanexpress,374288530374775,F,3.87,3,4.89,14.669999999999998,11.61,3.0599999999999987
1933,2021-10-09 15:48:00,P0355,4,Americanexpress,374283886206010,F,6.54,2,7.89,15.78,13.08,2.6999999999999993
1934,2021-10-09 18:00:00,P0501,8,Unknown,5010120870836106,T,0.66,1,1.49,1.49,0.66,0.83
1935,2021-10-09 18:00:00,P0365,3,Visa,4041590159640468,F,14.34,1,15.29,15.29,14.34,0.9499999999999993
1936,2021-10-09 18:13:00,P0154,5,Americanexpress,374283501747810,T,6.06,4,7.39,29.56,24.24,5.32
1937,2021-10-09 20:32:00,P0053,5,Mastercard,5048376788831748,F,0.33,1,1.29,1.29,0.33,0.96
1938,2021-10-09 21:33:00,P0641,7,Visa,4041597607798194,F,13.58,2,14.79,29.58,27.16,2.419999999999998
1939,2021-10-09 21:44:00,P0639,4,Americanexpress,374288278113096,F,14.14,1,14.89,14.89,14.14,0.75
1940,2021-10-09 21:57:00,P0608,8,Visa,4041590103396,T,11.04,1,11.69,11.69,11.04,0.6500000000000004
1941,2021-10-10 01:42:00,P0269,8,Americanexpress,374288932064248,F,13.6,2,14.79,29.58,27.2,2.379999999999999
1942,2021-10-10 01:47:00,P0469,7,Americanexpress,374283397944018,F,0.92,1,1.59,1.59,0.92,0.67
1943,2021-10-10 05:36:00,P0408,5,Visa,4041595430098063,F,8.24,1,9.09,9.09,8.24,0.8499999999999996
1944,2021-10-10 08:00:00,P0339,3,Americanexpress,374283455400465,F,19.62,1,21.39,21.39,19.62,1.7699999999999996
1945,2021-10-10 09:31:00,P0293,9,Americanexpress,374288065069717,F,18.19,3,19.89,59.67,54.57000000000001,5.099999999999994
1946,2021-10-10 10:43:00,P0428,8,Mastercard,5048374668527924,F,12.91,3,14.49,43.47,38.730000000000004,4.739999999999995
1947,2021-10-10 12:41:00,P0328,8,Americanexpress,374283064067531,F,3.18,2,4.39,8.78,6.36,2.419999999999999
1948,2021-10-10 13:19:00,P0534,7,Visa,4041593087122369,F,7.63,1,8.29,8.29,7.63,0.6599999999999993
1949,2021-10-10 16:17:00,P0396,6,Mastercard,5048371715304463,F,4.18,3,4.89,14.669999999999998,12.54,2.129999999999999
1950,2021-10-11 05:28:00,P0310,11,Mastercard,5048372962574907,F,14.48,1,15.59,15.59,14.48,1.1099999999999994
1951,2021-10-11 06:13:00,P0344,6,Mastercard,5048377434604950,F,9.86,2,11.29,22.58,19.72,2.8599999999999994
1952,2021-10-11 08:47:00,P0609,8,Mastercard,5108758836457575,F,6.31,1,7.69,7.69,6.31,1.3800000000000008
1953,2021-10-11 09:50:00,P0503,4,Visa,4041597951437266,F,12.07,3,13.59,40.769999999999996,36.21,4.559999999999995
1954,2021-10-11 10:50:00,P0202,7,Americanexpress,374283153818752,F,7.25,3,8.19,24.57,21.75,2.8200000000000003
1955,2021-10-11 12:39:00,P0394,5,Mastercard,5108754874896063,F,8.44,1,9.49,9.49,8.44,1.0500000000000007
1956,2021-10-11 12:44:00,P0201,6,Visa,4041594692154,F,9.9,2,11.29,22.58,19.8,2.7799999999999976
1957,2021-10-11 13:21:00,P0365,8,Unknown,3562624399442038,F,14.34,1,15.29,15.29,14.34,0.9499999999999993
1958,2021-10-11 14:11:00,P0348,5,Visa,4041599045929,F,6.83,1,8.09,8.09,6.83,1.2599999999999998
1959,2021-10-11 15:42:00,P0272,6,Mastercard,5108759400931698,F,5.35,1,6.29,6.29,5.35,0.9400000000000004
1960,2021-10-11 16:28:00,P0518,7,Americanexpress,374288884019844,F,16.41,4,17.99,71.96,65.64,6.319999999999993
1961,2021-10-11 21:13:00,P0188,7,Americanexpress,374288553882902,F,6.75,2,7.99,15.98,13.5,2.4800000000000004
1962,2021-10-11 23:51:00,P0464,4,Visa,4041597620625754,F,9.81,1,11.29,11.29,9.81,1.4799999999999986
1963,2021-10-12 02:30:00,P0240,2,Unknown,4405579829856075,F,1.27,2,1.69,3.38,2.54,0.8399999999999999
1964,2021-10-12 03:38:00,P0267,8,Visa,4041591355292,F,13.36,1,14.79,14.79,13.36,1.4299999999999997
1965,2021-10-12 03:39:00,P0078,6,Americanexpress,374283134302637,F,17.81,1,19.29,19.29,17.81,1.4800000000000004
1966,2021-10-12 04:56:00,P0500,8,Visa,4041591462851271,F,7.53,1,8.29,8.29,7.53,0.7599999999999989
1967,2021-10-12 06:07:00,P0415,2,Mastercard,5108756067439874,F,13.96,2,14.89,29.78,27.92,1.8599999999999994
1968,2021-10-12 07:56:00,P0490,8,Mastercard,5048378168193715,F,5.54,1,6.59,6.59,5.54,1.0499999999999998
1969,2021-10-12 08:15:00,P0587,5,Americanexpress,374283036743342,F,13.88,1,14.89,14.89,13.88,1.0099999999999998
1970,2021-10-12 09:22:00,P0376,6,Mastercard,5048373964754794,F,10.3,1,11.49,11.49,10.3,1.1899999999999995
1971,2021-10-12 10:17:00,P0304,6,Unknown,3552380101730572,F,9.19,2,10.69,21.38,18.38,3.0
1972,2021-10-12 10:55:00,P0679,9,Unknown,5007663407554556,T,10.51,2,11.59,23.18,21.02,2.16
1973,2021-10-12 11:38:00,P0136,7,Mastercard,5108751022613598,F,3.23,1,4.39,4.39,3.23,1.1599999999999997
1974,2021-10-12 11:56:00,P0705,7,Americanexpress,374283914723028,F,16.57,3,18.09,54.269999999999996,49.71,4.559999999999995
1975,2021-10-12 15:51:00,P0446,6,Americanexpress,374288901505833,F,16.57,1,18.09,18.09,16.57,1.5199999999999996
1976,2021-10-12 16:20:00,P0425,5,Americanexpress,374288728037689,F,10.49,2,11.49,22.98,20.98,2.0
1977,2021-10-12 18:48:00,P0408,7,Visa,4041592505432,T,8.24,1,9.09,9.09,8.24,0.8499999999999996
1978,2021-10-12 20:05:00,P0424,4,Mastercard,5108756798128275,T,6.61,2,7.89,15.78,13.22,2.5599999999999987
1979,2021-10-12 20:20:00,P0525,5,Visa,4041592034508563,F,13.86,1,14.89,14.89,13.86,1.0300000000000011
1980,2021-10-12 23:35:00,P0464,6,Visa,4041596226340,F,9.81,1,11.29,11.29,9.81,1.4799999999999986
1981,2021-10-13 00:40:00,P0384,6,Visa,4041591989470,F,4.83,2,5.19,10.38,9.66,0.7200000000000006
1982,2021-10-13 05:09:00,P0531,8,Americanexpress,374288946354833,F,3.2,2,4.39,8.78,6.4,2.379999999999999
1983,2021-10-13 07:26:00,P0362,8,Americanexpress,374288921004726,F,3.73,1,4.79,4.79,3.73,1.06
1984,2021-10-13 07:35:00,P0422,8,Americanexpress,374283662208578,F,4.3,2,4.99,9.98,8.6,1.3800000000000008
1985,2021-10-13 07:57:00,P0494,5,Visa,4041598330901915,F,17.33,3,18.29,54.87,51.989999999999995,2.8800000000000026
1986,2021-10-13 08:28:00,P0313,3,Mastercard,5108750144996477,F,8.53,2,9.59,19.18,17.06,2.120000000000001
1987,2021-10-13 12:18:00,P0522,8,Visa,4041594336596072,F,4.9,5,5.39,26.95,24.5,2.4499999999999993
1988,2021-10-13 20:12:00,P0054,5,Americanexpress,374283333732022,F,12.3,4,13.89,55.56,49.2,6.359999999999999
1989,2021-10-13 21:43:00,P0436,2,Americanexpress,374288231196469,F,5.89,1,7.19,7.19,5.89,1.3000000000000007
1990,2021-10-13 21:49:00,P0222,7,Visa,4041590679623556,F,16.56,3,18.09,54.269999999999996,49.67999999999999,4.590000000000003
1991,2021-10-14 02:05:00,P0405,2,Americanexpress,374283902542489,F,18.2,2,19.99,39.98,36.4,3.5799999999999983
1992,2021-10-14 02:12:00,P0303,6,Visa,4041592664221,F,19.07,1,21.09,21.09,19.07,2.0199999999999996
1993,2021-10-14 02:16:00,P0335,6,Visa,4041593871874,F,17.17,3,18.19,54.57000000000001,51.510000000000005,3.0600000000000023
1994,2021-10-14 02:29:00,P0361,6,Americanexpress,374283231195421,T,8.85,3,10.19,30.57,26.549999999999997,4.020000000000003
1995,2021-10-14 03:16:00,P0073,6,Visa,4041594290468425,F,15.31,4,16.99,67.96,61.24,6.719999999999992
1996,2021-10-14 04:17:00,P0222,7,Americanexpress,374283906549639,F,16.56,3,18.09,54.269999999999996,49.67999999999999,4.590000000000003
1997,2021-10-14 05:51:00,P0393,8,Visa,4041597223608272,F,10.94,1,11.59,11.59,10.94,0.6500000000000004
1998,2021-10-14 09:05:00,P0422,9,Americanexpress,374283706257490,F,4.3,3,4.99,14.97,12.899999999999999,2.070000000000002
1999,2021-10-14 11:14:00,P0587,3,Mastercard,5108757382565914,F,13.88,1,14.89,14.89,13.88,1.0099999999999998
2000,2021-10-14 11:18:00,P0255,6,Visa,4041592118256352,F,18.85,1,20.79,20.79,18.85,1.9399999999999977
2001,2021-10-14 11:51:00,P0623,7,Mastercard,5048378890568259,T,16.64,3,18.09,54.269999999999996,49.92,4.349999999999994
2002,2021-10-14 16:47:00,P0018,7,Americanexpress,374283170475131,T,17.1,2,18.19,36.38,34.2,2.1799999999999997
2003,2021-10-14 17:34:00,P0226,3,Mastercard,5048375923690894,F,8.06,3,8.69,26.07,24.18,1.8900000000000006
2004,2021-10-14 20:01:00,P0326,2,Americanexpress,374288182402809,F,12.66,3,14.29,42.87,37.980000000000004,4.8899999999999935
2005,2021-10-14 21:41:00,P0334,9,Mastercard,5108751318822275,F,5.53,2,6.59,13.18,11.06,2.119999999999999
2006,2021-10-15 00:27:00,P0133,8,Visa,4041592643638470,F,14.2,2,14.99,29.98,28.4,1.5800000000000018
2007,2021-10-15 00:38:00,P0746,4,Visa,4041591525324,F,6.57,5,7.89,39.449999999999996,32.85,6.599999999999994
2008,2021-10-15 00:52:00,P0048,5,Mastercard,5048372472456835,F,17.85,1,19.29,19.29,17.85,1.4399999999999977
2009,2021-10-15 01:51:00,P0304,8,Mastercard,5108759254200208,F,9.19,1,10.69,10.69,9.19,1.5
2010,2021-10-15 03:01:00,P0554,5,Americanexpress,374283519352264,F,1.62,3,1.79,5.37,4.86,0.5099999999999998
2011,2021-10-15 04:04:00,P0193,3,Americanexpress,374288871817663,F,18.76,2,20.69,41.38,37.52,3.8599999999999994
2012,2021-10-15 05:35:00,P0751,8,Visa,4041594852477,F,9.5,1,10.99,10.99,9.5,1.4900000000000002
2013,2021-10-15 07:42:00,P0078,5,Americanexpress,374288131363102,F,17.81,4,19.29,77.16,71.24,5.920000000000002
2014,2021-10-15 10:34:00,P0473,6,Unknown,4026759178169259,F,4.79,3,5.19,15.57,14.370000000000001,1.1999999999999993
2015,2021-10-15 11:11:00,P0344,5,Mastercard,5048377334272643,F,9.86,2,11.29,22.58,19.72,2.8599999999999994
2016,2021-10-15 11:44:00,P0146,9,Americanexpress,374288638706480,F,14.53,1,15.69,15.69,14.53,1.1600000000000001
2017,2021-10-15 15:34:00,P0486,4,Mastercard,5048379978737972,F,6.52,3,7.89,23.669999999999998,19.56,4.109999999999999
2018,2021-10-15 17:12:00,P0509,7,Americanexpress,374288751734236,F,11.66,1,12.89,12.89,11.66,1.2300000000000004
2019,2021-10-15 20:53:00,P0181,10,Visa,4041592906769905,F,1.62,1,1.79,1.79,1.62,0.16999999999999993
2020,2021-10-15 21:16:00,P0208,7,Americanexpress,374288644663154,F,4.0,3,4.89,14.669999999999998,12.0,2.669999999999998
2021,2021-10-15 23:53:00,P0539,7,Visa,4041592331726314,F,8.13,2,8.89,17.78,16.26,1.5199999999999996
2022,2021-10-16 00:26:00,P0379,6,Unknown,3550396505433300,F,6.12,1,7.49,7.49,6.12,1.37
2023,2021-10-16 06:04:00,P0656,5,Americanexpress,374283052684313,F,12.94,1,14.59,14.59,12.94,1.6500000000000004
2024,2021-10-16 09:23:00,P0264,7,Mastercard,5048374115487888,F,4.11,3,4.89,14.669999999999998,12.330000000000002,2.3399999999999963
2026,2021-10-16 15:23:00,P0491,4,Americanexpress,374283162505168,F,18.0,2,19.59,39.18,36.0,3.1799999999999997
2027,2021-10-16 15:55:00,P0466,10,Mastercard,5048377033947230,F,14.01,1,14.89,14.89,14.01,0.8800000000000008
2028,2021-10-16 19:47:00,P0134,8,Americanexpress,374288253381247,F,10.28,3,11.49,34.47,30.839999999999996,3.6300000000000026
2029,2021-10-16 21:39:00,P0167,6,Americanexpress,374288588976901,F,13.32,1,14.79,14.79,13.32,1.4699999999999989
2030,2021-10-16 23:34:00,P0167,5,Mastercard,5108752663324354,F,13.32,2,14.79,29.58,26.64,2.9399999999999977
2031,2021-10-17 00:20:00,P0197,5,Visa,4041591129507,T,18.94,1,20.89,20.89,18.94,1.9499999999999993
2032,2021-10-17 02:26:00,P0331,6,Unknown,4026660075076482,F,15.79,1,17.59,17.59,15.79,1.8000000000000007
2033,2021-10-17 02:37:00,P0176,4,Americanexpress,374283589547561,F,14.46,3,15.59,46.769999999999996,43.38,3.3899999999999935
2034,2021-10-17 03:52:00,P0424,5,Americanexpress,374283279964506,F,6.61,3,7.89,23.669999999999998,19.830000000000002,3.8399999999999963
2035,2021-10-17 04:39:00,P0417,7,Americanexpress,374283464187822,F,16.73,4,18.09,72.36,66.92,5.439999999999998
2036,2021-10-17 05:11:00,P0424,7,Americanexpress,374288210600051,F,6.61,1,7.89,7.89,6.61,1.2799999999999994
2037,2021-10-17 07:21:00,P0641,6,Americanexpress,374283232473066,F,13.58,1,14.79,14.79,13.58,1.209999999999999
2038,2021-10-17 08:12:00,P0331,2,Mastercard,5108755050930196,F,15.79,1,17.59,17.59,15.79,1.8000000000000007
2039,2021-10-17 11:20:00,P0296,7,Unknown,3542451592181998,F,2.96,1,4.09,4.09,2.96,1.13
2040,2021-10-17 13:05:00,P0628,6,Mastercard,5108756218046305,F,16.23,1,17.99,17.99,16.23,1.759999999999998
2041,2021-10-17 13:17:00,P0525,5,Visa,4041596403968704,F,13.86,3,14.89,44.67,41.58,3.0900000000000034
2042,2021-10-17 18:49:00,P0528,7,Americanexpress,374288292913232,F,0.62,4,1.49,5.96,2.48,3.48
2043,2021-10-17 20:28:00,P0564,7,Americanexpress,374288922129258,F,14.32,2,15.29,30.58,28.64,1.9399999999999977
2044,2021-10-17 21:15:00,P0419,7,Mastercard,5048373651137303,T,16.66,1,18.09,18.09,16.66,1.4299999999999997
2045,2021-10-17 21:29:00,P0155,5,Mastercard,5048370923888788,F,7.92,3,8.39,25.17,23.759999999999998,1.4100000000000037
2046,2021-10-17 23:12:00,P0496,5,Americanexpress,374288328349773,T,13.53,2,14.79,29.58,27.06,2.5199999999999996
2047,2021-10-17 23:16:00,P0109,8,Visa,4041599011186,F,2.82,2,3.99,7.98,5.64,2.3400000000000007
2048,2021-10-18 01:52:00,P0425,6,Mastercard,5048374182774150,F,10.49,1,11.49,11.49,10.49,1.0
2049,2021-10-18 02:22:00,P0525,6,Americanexpress,374288402722283,F,13.86,5,14.89,74.45,69.3,5.150000000000006
2050,2021-10-18 03:01:00,P0408,5,Mastercard,5108752485222430,F,8.24,1,9.09,9.09,8.24,0.8499999999999996
2051,2021-10-18 05:10:00,P0433,9,Mastercard,5108757247111425,F,9.33,1,10.79,10.79,9.33,1.459999999999999
2052,2021-10-18 06:15:00,P0406,5,Mastercard,5048374052084813,F,7.19,2,8.19,16.38,14.38,1.9999999999999982
2053,2021-10-18 09:11:00,P0385,6,Mastercard,5048379627776918,F,13.22,1,14.69,14.69,13.22,1.4699999999999989
2054,2021-10-18 12:33:00,P0129,7,Mastercard,5048375379628331,F,8.54,1,9.59,9.59,8.54,1.0500000000000007
2055,2021-10-18 14:16:00,P0322,3,Americanexpress,374288387459729,F,13.65,1,14.89,14.89,13.65,1.2400000000000002
2056,2021-10-18 16:11:00,P0687,7,Visa,4041597882144643,F,16.69,1,18.09,18.09,16.69,1.3999999999999986
2057,2021-10-18 19:12:00,P0441,10,Mastercard,5048370727967416,F,1.98,2,2.49,4.98,3.96,1.0200000000000005
2058,2021-10-18 20:40:00,P0367,6,Americanexpress,374288986509908,F,11.63,2,12.89,25.78,23.26,2.5199999999999996
2059,2021-10-18 21:47:00,P0682,6,Americanexpress,374283752651224,F,6.92,2,8.09,16.18,13.84,2.34
2060,2021-10-18 23:34:00,P0489,2,Mastercard,5048378135170911,T,8.46,1,9.49,9.49,8.46,1.0299999999999994
2061,2021-10-18 23:46:00,P0455,8,Visa,4041592650397002,T,1.63,3,1.79,5.37,4.89,0.4800000000000004
2062,2021-10-19 00:37:00,P0098,8,Visa,4041590518106,F,0.74,1,1.59,1.59,0.74,0.8500000000000001
2063,2021-10-19 02:34:00,P0577,5,Mastercard,5108758414567373,F,7.24,1,8.19,8.19,7.24,0.9499999999999993
2064,2021-10-19 04:42:00,P0549,7,Unknown,677172452379737117,F,16.85,1,18.19,18.19,16.85,1.3399999999999999
2065,2021-10-19 11:09:00,P0517,2,Americanexpress,374288486847014,F,5.11,2,5.79,11.58,10.22,1.3599999999999994
2066,2021-10-19 12:02:00,P0429,4,Americanexpress,374283826312167,T,0.78,2,1.59,3.18,1.56,1.62
2067,2021-10-19 13:12:00,P0188,7,Visa,4041599529580239,F,6.75,2,7.99,15.98,13.5,2.4800000000000004
2068,2021-10-19 16:43:00,P0605,9,Americanexpress,374283555208271,F,4.77,1,5.09,5.09,4.77,0.3200000000000003
2069,2021-10-19 20:14:00,P0226,7,Visa,4041594400210873,F,8.06,1,8.69,8.69,8.06,0.629999999999999
2070,2021-10-19 23:26:00,P0453,5,Americanexpress,374283453807083,F,12.82,4,14.49,57.96,51.28,6.68
2071,2021-10-19 23:39:00,P0430,8,Mastercard,5048376805184816,F,17.67,2,18.99,37.98,35.34,2.6399999999999935
2072,2021-10-20 15:51:00,P0566,8,Mastercard,5048370849671862,F,1.77,1,2.09,2.09,1.77,0.31999999999999984
2073,2021-10-20 16:08:00,P0136,2,Mastercard,5108751567698020,F,3.23,4,4.39,17.56,12.92,4.639999999999999
2074,2021-10-20 20:39:00,P0339,5,Americanexpress,374288929082211,F,19.62,6,21.39,128.34,117.72,10.620000000000005
2075,2021-10-20 22:06:00,P0246,6,Visa,4041592341028,F,18.7,3,20.69,62.07000000000001,56.099999999999994,5.970000000000013
2076,2021-10-20 22:18:00,P0566,2,Mastercard,5048372270832740,F,1.77,1,2.09,2.09,1.77,0.31999999999999984
2077,2021-10-20 22:23:00,P0531,8,Americanexpress,374288266835361,F,3.2,1,4.39,4.39,3.2,1.1899999999999995
2078,2021-10-21 01:59:00,P0371,6,Visa,4041593064100693,F,5.38,1,6.29,6.29,5.38,0.9100000000000001
2079,2021-10-21 04:50:00,P0719,7,Visa,4041591022332168,F,5.75,3,6.89,20.669999999999998,17.25,3.419999999999998
2080,2021-10-21 05:40:00,P0550,9,Mastercard,5048376136291017,F,15.35,2,17.09,34.18,30.7,3.4800000000000004
2081,2021-10-21 06:44:00,P0290,7,Mastercard,5048374118430422,F,18.11,1,19.79,19.79,18.11,1.6799999999999997
2082,2021-10-21 11:55:00,P0217,8,Visa,4041594456964,F,14.96,4,16.49,65.96,59.84,6.11999999999999
2083,2021-10-21 13:29:00,P0593,6,Americanexpress,374283301358594,F,17.78,3,19.19,57.57000000000001,53.34,4.230000000000004
2084,2021-10-21 16:32:00,P0447,9,Visa,4041597451194,F,13.43,1,14.79,14.79,13.43,1.3599999999999994
2085,2021-10-21 21:08:00,P0428,4,Mastercard,5048373167917941,T,12.91,1,14.49,14.49,12.91,1.58
2086,2021-10-21 23:50:00,P0311,7,Americanexpress,374288971450498,F,9.99,3,11.39,34.17,29.97,4.200000000000003
2087,2021-10-22 08:38:00,P0164,6,Americanexpress,374288061802772,F,18.98,2,20.99,41.98,37.96,4.019999999999996
2088,2021-10-22 08:58:00,P0590,7,Mastercard,5048377410926112,F,8.1,1,8.79,8.79,8.1,0.6899999999999995
2089,2021-10-22 09:01:00,P0448,4,Unknown,6762693898568112344,F,7.11,2,8.19,16.38,14.22,2.1599999999999984
2090,2021-10-22 13:09:00,P0159,5,Visa,4041598131172781,F,12.16,2,13.69,27.38,24.32,3.0599999999999987
2091,2021-10-22 15:43:00,P0609,5,Visa,4041590856246304,F,6.31,2,7.69,15.38,12.62,2.7600000000000016
2092,2021-10-22 18:06:00,P0633,3,Mastercard,5108759160821030,T,10.04,1,11.39,11.39,10.04,1.3500000000000014
2093,2021-10-22 19:24:00,P0392,8,Unknown,3583915102561352,F,13.78,6,14.89,89.34,82.67999999999999,6.660000000000011
2094,2021-10-22 21:38:00,P0101,9,Visa,4041597544345,T,16.11,1,17.89,17.89,16.11,1.7800000000000011
2095,2021-10-22 23:54:00,P0270,9,Americanexpress,374288620844745,F,6.97,1,8.09,8.09,6.97,1.12
2096,2021-10-23 01:28:00,P0284,3,Americanexpress,374288175072502,F,1.03,1,1.59,1.59,1.03,0.56
2097,2021-10-23 03:58:00,P0183,6,Mastercard,5108753742268711,F,4.77,2,5.09,10.18,9.54,0.6400000000000006
2098,2021-10-23 04:26:00,P0517,8,Mastercard,5108757753661441,F,5.11,1,5.79,5.79,5.11,0.6799999999999997
2099,2021-10-23 05:03:00,P0438,5,Mastercard,5048370975360173,T,5.21,4,5.99,23.96,20.84,3.120000000000001
2100,2021-10-23 05:18:00,P0370,7,Visa,4041594582629,F,19.51,1,21.29,21.29,19.51,1.7799999999999976
2101,2021-10-23 06:49:00,P0621,6,Mastercard,5048372123436897,F,17.47,4,18.59,74.36,69.88,4.480000000000004
2102,2021-10-23 07:39:00,P0532,8,Americanexpress,374288909549882,F,8.96,1,10.29,10.29,8.96,1.3299999999999983
2103,2021-10-23 10:12:00,P0044,8,Visa,4041598323075917,F,12.64,2,14.29,28.58,25.28,3.299999999999997
2104,2021-10-23 14:53:00,P0594,7,Mastercard,5048372286746645,T,6.68,2,7.99,15.98,13.36,2.620000000000001
2105,2021-10-23 17:10:00,P0454,8,Visa,4041597374108700,T,5.79,5,6.99,34.95,28.95,6.0000000000000036
2106,2021-10-23 19:06:00,P0247,7,Visa,4041599300415,T,13.58,3,14.79,44.37,40.74,3.6299999999999955
2107,2021-10-23 20:01:00,P0170,7,Visa,4041598092419,F,8.13,2,8.89,17.78,16.26,1.5199999999999996
2108,2021-10-23 22:37:00,P0304,5,Americanexpress,374283387930621,T,9.19,2,10.69,21.38,18.38,3.0
2109,2021-10-24 02:56:00,P0408,8,Mastercard,5108755477052400,F,8.24,1,9.09,9.09,8.24,0.8499999999999996
2110,2021-10-24 04:20:00,P0512,6,Americanexpress,374283880254537,F,15.55,2,17.39,34.78,31.1,3.6799999999999997
2111,2021-10-24 08:36:00,P0254,6,Mastercard,5048376298192730,T,11.44,1,12.49,12.49,11.44,1.0500000000000007
2112,2021-10-24 12:40:00,P0675,4,Americanexpress,374283591743968,F,12.34,3,13.99,41.97,37.019999999999996,4.950000000000003
2113,2021-10-24 16:23:00,P0456,6,Americanexpress,374283548099720,F,18.35,1,20.19,20.19,18.35,1.8399999999999999
2114,2021-10-24 19:59:00,P0261,6,Americanexpress,374283591952072,F,2.43,2,3.39,6.78,4.86,1.92
2115,2021-10-24 20:12:00,P0282,6,Mastercard,5108757748993974,F,10.86,7,11.59,81.13,76.02,5.109999999999999
2116,2021-10-24 22:43:00,P0704,6,Mastercard,5108750802492587,F,13.67,1,14.89,14.89,13.67,1.2200000000000006
2117,2021-10-24 22:47:00,P0445,6,Americanexpress,374283471726588,F,0.15,1,1.19,1.19,0.15,1.04
2118,2021-10-25 02:37:00,P0644,7,Visa,4041594450496,F,11.48,2,12.59,25.18,22.96,2.219999999999999
2119,2021-10-25 09:14:00,P0412,3,Americanexpress,374288505451244,F,16.11,1,17.89,17.89,16.11,1.7800000000000011
2120,2021-10-25 13:04:00,P0369,8,Americanexpress,374283630523751,F,8.08,3,8.79,26.369999999999997,24.240000000000002,2.1299999999999955
2121,2021-10-25 14:58:00,P0593,4,Americanexpress,374288018632587,T,17.78,3,19.19,57.57000000000001,53.34,4.230000000000004
2122,2021-10-25 15:10:00,P0350,9,Visa,4041597483514889,F,17.21,4,18.19,72.76,68.84,3.9200000000000017
2123,2021-10-25 19:15:00,P0406,1,Americanexpress,374283778992461,F,7.19,2,8.19,16.38,14.38,1.9999999999999982
2124,2021-10-25 20:59:00,P0469,3,Visa,4041592072342,F,0.92,1,1.59,1.59,0.92,0.67
2125,2021-10-26 01:01:00,P0400,2,Visa,4041595303173,F,6.39,2,7.69,15.38,12.78,2.6000000000000014
2126,2021-10-26 05:49:00,P0257,6,Americanexpress,374288843319152,F,14.78,4,16.19,64.76,59.12,5.640000000000008
2127,2021-10-26 06:06:00,P0386,8,Mastercard,5108758511365663,F,19.79,2,21.39,42.78,39.58,3.200000000000003
2128,2021-10-26 06:29:00,P0339,9,Americanexpress,374283338418742,F,19.62,2,21.39,42.78,39.24,3.539999999999999
2129,2021-10-26 06:30:00,P0516,7,Mastercard,5048376420939586,F,6.12,4,7.49,29.96,24.48,5.48
2130,2021-10-26 08:29:00,P0639,6,Americanexpress,374283238149306,F,14.14,2,14.89,29.78,28.28,1.5
2131,2021-10-26 09:44:00,P0702,6,Americanexpress,374283190425629,F,6.51,1,7.89,7.89,6.51,1.38
2132,2021-10-26 10:28:00,P0170,5,Mastercard,5048374114131644,F,8.13,3,8.89,26.67,24.39,2.280000000000001
2133,2021-10-26 12:21:00,P0492,10,Americanexpress,374288199256768,F,16.12,4,17.89,71.56,64.48,7.079999999999998
2134,2021-10-26 17:50:00,P0339,7,Visa,4041597883321,F,19.62,2,21.39,42.78,39.24,3.539999999999999
2135,2021-10-26 18:25:00,P0364,5,Americanexpress,374288374818598,T,15.78,2,17.59,35.18,31.56,3.620000000000001
2136,2021-10-26 18:26:00,P0267,4,Visa,4041590907697,T,13.36,1,14.79,14.79,13.36,1.4299999999999997
2137,2021-10-26 21:20:00,P0606,4,Americanexpress,374288198608654,F,14.31,1,15.19,15.19,14.31,0.879999999999999
2138,2021-10-26 22:53:00,P0684,2,Americanexpress,374283939089991,F,6.15,1,7.49,7.49,6.15,1.3399999999999999
2139,2021-10-27 01:30:00,P0456,5,Visa,4041594146142331,F,18.35,2,20.19,40.38,36.7,3.6799999999999997
2140,2021-10-27 02:03:00,P0166,7,Americanexpress,374283134784792,F,10.88,7,11.59,81.13,76.16000000000001,4.969999999999985
2141,2021-10-27 03:27:00,P0217,7,Mastercard,5108757028569213,F,14.96,2,16.49,32.98,29.92,3.059999999999995
2142,2021-10-27 03:31:00,P0044,6,Mastercard,5048378965429502,T,12.64,5,14.29,71.44999999999999,63.2,8.249999999999986
2143,2021-10-27 06:01:00,P0270,6,Americanexpress,374283443818943,T,6.97,2,8.09,16.18,13.94,2.24
2144,2021-10-27 06:19:00,P0053,8,Americanexpress,374288495823527,F,0.33,1,1.29,1.29,0.33,0.96
2145,2021-10-27 06:31:00,P0159,8,Americanexpress,374288589247427,T,12.16,2,13.69,27.38,24.32,3.0599999999999987
2146,2021-10-27 10:27:00,P0456,5,Mastercard,5108757657836628,F,18.35,3,20.19,60.57000000000001,55.050000000000004,5.520000000000003
2147,2021-10-27 11:04:00,P0509,6,Americanexpress,374288368072293,F,11.66,2,12.89,25.78,23.32,2.460000000000001
2148,2021-10-27 13:12:00,P0105,7,Mastercard,5048373328167105,F,15.47,1,17.29,17.29,15.47,1.8199999999999985
2149,2021-10-27 15:56:00,P0112,2,Mastercard,5108754324331000,F,17.89,2,19.39,38.78,35.78,3.0
2150,2021-10-27 18:40:00,P0167,8,Americanexpress,374283693655037,F,13.32,6,14.79,88.74,79.92,8.819999999999993
2151,2021-10-27 18:48:00,P0540,7,Visa,4041595941513337,F,18.72,1,20.69,20.69,18.72,1.9700000000000024
2152,2021-10-27 19:00:00,P0363,4,Visa,4041590391343855,F,14.85,1,16.29,16.29,14.85,1.4399999999999995
2153,2021-10-27 19:33:00,P0345,7,Visa,4041598409212947,F,7.18,2,8.19,16.38,14.36,2.0199999999999996
2154,2021-10-28 00:11:00,P0294,3,Americanexpress,374283319516936,F,12.38,1,13.99,13.99,12.38,1.6099999999999994
2155,2021-10-28 00:14:00,P0593,6,Visa,4041590475752,F,17.78,4,19.19,76.76,71.12,5.640000000000001
2156,2021-10-28 00:26:00,P0195,7,Visa,4041593092042,F,17.91,2,19.39,38.78,35.82,2.960000000000001
2157,2021-10-28 02:01:00,P0176,4,Mastercard,5108756454858629,F,14.46,5,15.59,77.95,72.30000000000001,5.6499999999999915
2158,2021-10-28 03:53:00,P0223,5,Visa,4041592371782086,F,6.71,3,7.99,23.97,20.13,3.84
2159,2021-10-28 05:07:00,P0353,6,Visa,4041598795342,F,15.1,1,16.69,16.69,15.1,1.5900000000000016
2160,2021-10-28 05:09:00,P0437,6,Americanexpress,374288432974268,F,0.1,5,1.19,5.949999999999999,0.5,5.449999999999999
2161,2021-10-28 06:56:00,P0373,9,Visa,4041591909560055,F,12.85,3,14.49,43.47,38.55,4.920000000000002
2162,2021-10-28 08:21:00,P0572,4,Mastercard,5108758310857423,T,5.45,1,6.39,6.39,5.45,0.9399999999999995
2163,2021-10-28 09:49:00,P0222,1,Americanexpress,374283808321962,F,16.56,1,18.09,18.09,16.56,1.5300000000000011
2164,2021-10-28 10:48:00,P0356,5,Mastercard,5108750681147989,F,2.39,4,3.29,13.16,9.56,3.5999999999999996
2165,2021-10-28 12:53:00,P0220,8,Mastercard,5108751627127044,F,16.0,3,17.79,53.37,48.0,5.369999999999997
2166,2021-10-28 18:25:00,P0652,10,Visa,4041594039125,F,0.87,1,1.59,1.59,0.87,0.7200000000000001
2167,2021-10-29 00:25:00,P0676,9,Americanexpress,374283427298435,F,4.72,1,4.99,4.99,4.72,0.27000000000000046
2168,2021-10-29 01:55:00,P0172,7,Unknown,3586553645241229,F,19.67,1,21.39,21.39,19.67,1.7199999999999989
2169,2021-10-29 03:24:00,P0468,9,Americanexpress,374283394072698,F,13.48,3,14.79,44.37,40.44,3.9299999999999997
2170,2021-10-29 07:46:00,P0350,8,Visa,4041596567454731,F,17.21,4,18.19,72.76,68.84,3.9200000000000017
2171,2021-10-29 09:54:00,P0334,9,Visa,4041596200818227,F,5.53,3,6.59,19.77,16.59,3.1799999999999997
2172,2021-10-29 11:03:00,P0351,5,Visa,4041592941688268,F,10.04,1,11.39,11.39,10.04,1.3500000000000014
2173,2021-10-29 11:38:00,P0587,9,Mastercard,5048370799671854,F,13.88,2,14.89,29.78,27.76,2.0199999999999996
2174,2021-10-29 12:21:00,P0536,9,Americanexpress,374288548923456,F,16.97,2,18.19,36.38,33.94,2.440000000000005
2175,2021-10-29 14:13:00,P0352,3,Americanexpress,374288369166805,F,2.04,3,2.59,7.77,6.12,1.6499999999999995
2176,2021-10-29 14:58:00,P0733,8,Visa,4041590701603,F,9.98,2,11.39,22.78,19.96,2.8200000000000003
2177,2021-10-29 19:54:00,P0284,6,Americanexpress,374288039572754,F,1.03,6,1.59,9.540000000000001,6.18,3.360000000000001
2178,2021-10-30 02:21:00,P0599,7,Mastercard,5108756504655298,F,13.54,1,14.79,14.79,13.54,1.25
2179,2021-10-30 02:32:00,P0400,6,Americanexpress,374288008979857,F,6.39,5,7.69,38.45,31.95,6.5000000000000036
2180,2021-10-30 02:48:00,P0513,4,Visa,4041590770567637,F,0.97,6,1.59,9.540000000000001,5.82,3.7200000000000006
2181,2021-10-30 03:04:00,P0538,7,Mastercard,5048377923356179,F,5.83,1,7.09,7.09,5.83,1.2599999999999998
2182,2021-10-30 07:18:00,P0405,7,Americanexpress,374288679005933,F,18.2,3,19.99,59.97,54.599999999999994,5.3700000000000045
2183,2021-10-30 10:27:00,P0311,9,Visa,4041591186507,F,9.99,4,11.39,45.56,39.96,5.600000000000001
2184,2021-10-30 10:30:00,P0616,9,Visa,4041590421730048,F,11.41,1,12.39,12.39,11.41,0.9800000000000004
2185,2021-10-30 13:44:00,P0101,5,Americanexpress,374283239148273,F,16.11,4,17.89,71.56,64.44,7.1200000000000045
2186,2021-10-30 19:00:00,P0572,4,Visa,4041599354297,F,5.45,2,6.39,12.78,10.9,1.879999999999999
2187,2021-10-30 21:46:00,P0454,5,Visa,4041595880532553,F,5.79,2,6.99,13.98,11.58,2.4000000000000004
2188,2021-10-30 22:17:00,P0504,6,Visa,4041598807907,F,3.38,4,4.59,18.36,13.52,4.84
2189,2021-10-31 00:24:00,P0525,7,Americanexpress,374283690740576,F,13.86,2,14.89,29.78,27.72,2.0600000000000023
2190,2021-10-31 08:01:00,P0290,9,Americanexpress,374288317921285,F,18.11,2,19.79,39.58,36.22,3.3599999999999994
2191,2021-10-31 17:59:00,P0328,6,Americanexpress,374283727850943,F,3.18,1,4.39,4.39,3.18,1.2099999999999995
2192,2021-10-31 19:28:00,P0327,6,Americanexpress,374288928266815,F,7.13,1,8.19,8.19,7.13,1.0599999999999996
2193,2021-10-31 21:59:00,P0637,8,Americanexpress,374288377655039,F,15.32,2,17.09,34.18,30.64,3.539999999999999
2194,2021-11-01 00:40:00,P0281,8,Mastercard,5048378242586900,F,2.39,1,3.29,3.29,2.39,0.8999999999999999
2195,2021-11-01 09:20:00,P0173,7,Mastercard,5108758698652321,F,0.93,1,1.59,1.59,0.93,0.66
2196,2021-11-01 09:40:00,P0316,6,Visa,4041593712789,F,1.81,1,2.19,2.19,1.81,0.3799999999999999
2197,2021-11-01 12:09:00,P0278,8,Mastercard,5048372677204675,F,13.24,2,14.69,29.38,26.48,2.8999999999999986
2198,2021-11-01 14:23:00,P0412,3,Visa,4041590398921,F,16.11,3,17.89,53.67,48.33,5.340000000000003
2199,2021-11-01 15:48:00,P0123,7,Visa,4041592724923007,F,7.7,2,8.29,16.58,15.4,1.179999999999998
2200,2021-11-01 17:19:00,P0529,6,Visa,4041592863111042,F,17.59,3,18.79,56.37,52.769999999999996,3.6000000000000014
2201,2021-11-01 17:56:00,P0550,8,Americanexpress,374283886476654,F,15.35,2,17.09,34.18,30.7,3.4800000000000004
2202,2021-11-02 06:18:00,P0239,7,Mastercard,5108755526096085,F,0.32,8,1.29,10.32,2.56,7.76
2203,2021-11-02 09:15:00,P0554,3,Americanexpress,374283747539062,F,1.62,1,1.79,1.79,1.62,0.16999999999999993
2204,2021-11-02 09:52:00,P0581,5,Visa,4041598576944371,F,0.51,4,1.49,5.96,2.04,3.92
2205,2021-11-02 10:16:00,P0078,5,Mastercard,5108758767681714,F,17.81,1,19.29,19.29,17.81,1.4800000000000004
2206,2021-11-02 10:48:00,P0398,5,Mastercard,5108758409687590,F,1.75,1,2.09,2.09,1.75,0.33999999999999986
2207,2021-11-02 11:35:00,P0401,9,Americanexpress,374288075476688,F,16.69,2,18.09,36.18,33.38,2.799999999999997
2208,2021-11-02 13:03:00,P0625,8,Americanexpress,374288881156466,F,5.15,2,5.89,11.78,10.3,1.4799999999999986
2209,2021-11-02 13:07:00,P0075,5,Americanexpress,374288676492795,T,3.87,2,4.89,9.78,7.74,2.039999999999999
2210,2021-11-02 16:27:00,P0493,4,Americanexpress,374288710958132,F,18.02,1,19.69,19.69,18.02,1.6700000000000017
2211,2021-11-02 20:48:00,P0480,7,Mastercard,5108759769460974,F,12.02,1,13.49,13.49,12.02,1.4700000000000006
2212,2021-11-02 20:50:00,P0229,8,Americanexpress,374283853419273,F,12.15,4,13.69,54.76,48.6,6.159999999999997
2213,2021-11-02 20:53:00,P0418,5,Mastercard,5108759943938044,F,13.24,5,14.69,73.45,66.2,7.25
2214,2021-11-02 23:15:00,P0126,7,Visa,4041595151749357,F,12.18,1,13.79,13.79,12.18,1.6099999999999994
2215,2021-11-03 01:39:00,P0643,6,Visa,4041597085655627,F,17.61,1,18.89,18.89,17.61,1.2800000000000011
2216,2021-11-03 02:00:00,P0305,9,Americanexpress,374283118530567,F,8.74,5,9.99,49.95,43.7,6.25
2217,2021-11-03 02:24:00,P0510,7,Americanexpress,374283340573633,F,9.35,1,10.89,10.89,9.35,1.540000000000001
2218,2021-11-03 03:39:00,P0334,7,Americanexpress,374288376922067,F,5.53,1,6.59,6.59,5.53,1.0599999999999996
2219,2021-11-03 07:37:00,P0001,7,Americanexpress,374288532709705,F,1.58,2,1.69,3.38,3.16,0.21999999999999975
2220,2021-11-03 07:46:00,P0142,5,Visa,4041594844912,F,10.09,2,11.39,22.78,20.18,2.6000000000000014
2221,2021-11-03 07:49:00,P0396,4,Mastercard,5048379789464824,F,4.18,2,4.89,9.78,8.36,1.42
2222,2021-11-03 08:28:00,P0361,4,Visa,4041591496179,F,8.85,1,10.19,10.19,8.85,1.3399999999999999
2223,2021-11-03 08:42:00,P0293,9,Americanexpress,374283349148544,T,18.19,1,19.89,19.89,18.19,1.6999999999999993
2224,2021-11-03 11:58:00,P0460,4,Visa,4041596813201043,F,4.37,1,4.99,4.99,4.37,0.6200000000000001
2225,2021-11-03 12:57:00,P0267,6,Mastercard,5048377731966037,T,13.36,4,14.79,59.16,53.44,5.719999999999999
2226,2021-11-03 14:10:00,P0440,5,Americanexpress,374288527974314,F,8.88,1,10.19,10.19,8.88,1.3099999999999987
2227,2021-11-03 17:37:00,P0330,7,Visa,4041594276339,F,11.06,2,11.69,23.38,22.12,1.259999999999998
2228,2021-11-03 18:39:00,P0392,3,Visa,4041599122231,T,13.78,3,14.89,44.67,41.339999999999996,3.3300000000000054
2229,2021-11-03 23:27:00,P0317,9,Mastercard,5108757466699886,F,16.83,1,18.19,18.19,16.83,1.360000000000003
2230,2021-11-04 00:56:00,P0362,6,Americanexpress,374288438003823,F,3.73,3,4.79,14.370000000000001,11.19,3.1800000000000015
2231,2021-11-04 02:46:00,P0640,4,Americanexpress,374283646164392,F,9.92,1,11.29,11.29,9.92,1.3699999999999992
2232,2021-11-04 09:04:00,P0556,4,Visa,4041591482849,F,5.5,2,6.49,12.98,11.0,1.9800000000000004
2233,2021-11-04 10:25:00,P0247,6,Mastercard,5048379597813055,F,13.58,3,14.79,44.37,40.74,3.6299999999999955
2234,2021-11-04 16:40:00,P0355,5,Mastercard,5048372564195523,F,6.54,3,7.89,23.669999999999998,19.62,4.049999999999997
2235,2021-11-04 17:26:00,P0475,9,Unknown,3572752141295996,F,8.08,2,8.79,17.58,16.16,1.4199999999999982
2236,2021-11-04 18:10:00,P0441,5,Visa,4041597254952,F,1.98,1,2.49,2.49,1.98,0.5100000000000002
2237,2021-11-04 19:17:00,P0220,8,Americanexpress,374288888635694,T,16.0,2,17.79,35.58,32.0,3.5799999999999983
2238,2021-11-04 22:55:00,P0080,7,Mastercard,5108753413074919,F,11.33,1,12.29,12.29,11.33,0.9599999999999991
2239,2021-11-05 04:25:00,P0080,5,Americanexpress,374283880190707,F,11.33,4,12.29,49.16,45.32,3.8399999999999963
2240,2021-11-05 11:24:00,P0657,7,Americanexpress,374288273072404,F,16.73,1,18.09,18.09,16.73,1.3599999999999994
2241,2021-11-05 18:00:00,P0230,7,Visa,4041592893556,F,4.3,2,4.99,9.98,8.6,1.3800000000000008
2242,2021-11-05 23:10:00,P0613,5,Visa,4041590142872780,F,9.94,1,11.39,11.39,9.94,1.450000000000001
2243,2021-11-06 01:16:00,P0461,2,Mastercard,5048373494638574,F,15.83,2,17.69,35.38,31.66,3.7200000000000024
2244,2021-11-06 03:00:00,P0237,7,Mastercard,5108751910424371,F,10.43,1,11.49,11.49,10.43,1.0600000000000005
2245,2021-11-06 03:16:00,P0133,4,Visa,4041591559302303,F,14.2,1,14.99,14.99,14.2,0.7900000000000009
2246,2021-11-06 08:32:00,P0615,6,Americanexpress,374288930785745,F,19.95,3,21.39,64.17,59.849999999999994,4.320000000000007
2247,2021-11-06 09:19:00,P0458,10,Visa,4041596957456,F,9.0,7,10.39,72.73,63.0,9.730000000000004
2248,2021-11-06 10:18:00,P0636,9,Visa,4041594156378957,F,5.02,2,5.59,11.18,10.04,1.1400000000000006
2249,2021-11-06 11:00:00,P0313,6,Visa,4041590354942479,F,8.53,1,9.59,9.59,8.53,1.0600000000000005
2250,2021-11-06 11:32:00,P0346,9,Visa,4041596604620914,F,12.21,1,13.79,13.79,12.21,1.5799999999999983
2251,2021-11-06 13:58:00,P0599,6,Americanexpress,374288970060652,F,13.54,4,14.79,59.16,54.16,5.0
2252,2021-11-06 14:31:00,P0079,4,Mastercard,5048376620341922,F,0.09,3,1.09,3.2700000000000005,0.27,3.0000000000000004
2253,2021-11-06 15:15:00,P0665,4,Americanexpress,374283279804926,F,5.54,1,6.59,6.59,5.54,1.0499999999999998
2254,2021-11-06 19:58:00,P0554,4,Americanexpress,374288061173505,T,1.62,2,1.79,3.58,3.24,0.33999999999999986
2255,2021-11-06 21:28:00,P0206,8,Unknown,3550824992361049,T,0.58,1,1.49,1.49,0.58,0.91
2256,2021-11-06 23:58:00,P0100,1,Visa,4041595714395,F,12.05,3,13.59,40.769999999999996,36.150000000000006,4.61999999999999
2257,2021-11-07 02:06:00,P0512,2,Visa,4041590678879647,F,15.55,1,17.39,17.39,15.55,1.8399999999999999
2258,2021-11-07 03:14:00,P0621,6,Visa,4041591817432,F,17.47,1,18.59,18.59,17.47,1.120000000000001
2259,2021-11-07 03:23:00,P0673,7,Americanexpress,374288774443468,F,1.5,2,1.69,3.38,3.0,0.3799999999999999
2260,2021-11-07 06:02:00,P0451,6,Visa,4041593639800,F,2.41,3,3.29,9.870000000000001,7.23,2.6400000000000006
2261,2021-11-07 08:00:00,P0322,6,Mastercard,5048376268686216,F,13.65,3,14.89,44.67,40.95,3.719999999999999
2262,2021-11-07 11:13:00,P0515,4,Mastercard,5048378549355801,F,8.67,2,9.89,19.78,17.34,2.4400000000000013
2263,2021-11-07 12:38:00,P0078,2,Mastercard,5048372314754041,F,17.81,1,19.29,19.29,17.81,1.4800000000000004
2264,2021-11-07 13:54:00,P0169,7,Mastercard,5048370910266873,T,6.79,2,7.99,15.98,13.58,2.4000000000000004
2265,2021-11-07 15:47:00,P0128,8,Americanexpress,374288781409866,F,14.97,1,16.49,16.49,14.97,1.5199999999999978
2266,2021-11-07 15:55:00,P0384,9,Visa,4041593033070548,F,4.83,2,5.19,10.38,9.66,0.7200000000000006
2267,2021-11-07 17:38:00,P0282,12,Visa,4041597935659,F,10.86,2,11.59,23.18,21.72,1.4600000000000009
2268,2021-11-07 21:35:00,P0606,3,Visa,4041596415516913,F,14.31,2,15.19,30.38,28.62,1.759999999999998
2269,2021-11-08 03:37:00,P0063,6,Mastercard,5108755956586134,T,3.09,1,4.29,4.29,3.09,1.2000000000000002
2270,2021-11-08 06:14:00,P0329,4,Visa,4041591243837,F,3.45,3,4.59,13.77,10.350000000000001,3.419999999999998
2271,2021-11-08 07:19:00,P0367,6,Visa,4041590392130,F,11.63,1,12.89,12.89,11.63,1.2599999999999998
2272,2021-11-08 07:47:00,P0297,7,Mastercard,5048378353387338,F,17.82,5,19.29,96.44999999999999,89.1,7.349999999999994
2273,2021-11-08 10:40:00,P0167,8,Visa,4041595474944669,F,13.32,3,14.79,44.37,39.96,4.409999999999997
2274,2021-11-08 12:26:00,P0325,6,Americanexpress,374283525791018,F,5.35,4,6.29,25.16,21.4,3.7600000000000016
2275,2021-11-08 12:38:00,P0342,6,Visa,4041593419979643,F,18.73,2,20.69,41.38,37.46,3.9200000000000017
2276,2021-11-08 15:42:00,P0559,3,Americanexpress,374288597893592,F,6.29,1,7.69,7.69,6.29,1.4000000000000004
2277,2021-11-08 16:31:00,P0407,3,Americanexpress,374288488321448,F,12.35,1,13.99,13.99,12.35,1.6400000000000006
2278,2021-11-08 18:26:00,P0356,7,Mastercard,5048376783126649,F,2.39,2,3.29,6.58,4.78,1.7999999999999998
2279,2021-11-08 20:44:00,P0370,9,Americanexpress,374288038095641,F,19.51,2,21.29,42.58,39.02,3.559999999999995
2280,2021-11-08 21:21:00,P0747,7,Americanexpress,374288933932518,F,14.79,1,16.19,16.19,14.79,1.4000000000000021
2281,2021-11-08 22:49:00,P0550,7,Visa,4041596477808737,F,15.35,1,17.09,17.09,15.35,1.7400000000000002
2282,2021-11-08 23:08:00,P0228,7,Unknown,201603443552680,F,0.09,3,1.09,3.2700000000000005,0.27,3.0000000000000004
2283,2021-11-09 02:43:00,P0102,5,Mastercard,5048378287125119,F,16.26,2,17.99,35.98,32.52,3.4599999999999937
2284,2021-11-09 04:20:00,P0525,6,Americanexpress,374283250485109,F,13.86,2,14.89,29.78,27.72,2.0600000000000023
2285,2021-11-09 04:55:00,P0223,5,Americanexpress,374283878356955,F,6.71,2,7.99,15.98,13.42,2.5600000000000005
2286,2021-11-09 06:43:00,P0518,10,Americanexpress,374288677006149,F,16.41,3,17.99,53.97,49.230000000000004,4.739999999999995
2287,2021-11-09 08:09:00,P0696,8,Americanexpress,374283304840598,F,3.38,2,4.59,9.18,6.76,2.42
2288,2021-11-09 10:13:00,P0425,8,Visa,4041595662396,F,10.49,2,11.49,22.98,20.98,2.0
2289,2021-11-09 10:17:00,P0251,7,Visa,4041596177137296,F,2.11,1,2.79,2.79,2.11,0.6800000000000002
2290,2021-11-09 10:56:00,P0633,7,Americanexpress,374288724137889,F,10.04,2,11.39,22.78,20.08,2.700000000000003
2291,2021-11-09 13:25:00,P0180,7,Americanexpress,374288857135031,F,19.25,1,21.19,21.19,19.25,1.9400000000000013
2292,2021-11-09 14:51:00,P0501,6,Mastercard,5108752337291815,T,0.66,1,1.49,1.49,0.66,0.83
2293,2021-11-09 18:13:00,P0334,5,Mastercard,5048376543800160,F,5.53,4,6.59,26.36,22.12,4.239999999999998
2294,2021-11-09 18:35:00,P0180,5,Visa,4041591484400305,F,19.25,1,21.19,21.19,19.25,1.9400000000000013
2295,2021-11-09 18:56:00,P0678,6,Americanexpress,374283372493551,F,7.6,4,8.29,33.16,30.4,2.759999999999998
2296,2021-11-09 19:22:00,P0123,7,Visa,4041597256909951,F,7.7,1,8.29,8.29,7.7,0.589999999999999
2297,2021-11-09 20:22:00,P0538,7,Mastercard,5108755594599598,F,5.83,3,7.09,21.27,17.490000000000002,3.7799999999999976
2298,2021-11-09 23:09:00,P0235,2,Mastercard,5048375971150809,F,11.99,1,13.49,13.49,11.99,1.5
2299,2021-11-10 02:15:00,P0402,8,Mastercard,5048373803381684,F,11.61,2,12.79,25.58,23.22,2.3599999999999994
2300,2021-11-10 02:36:00,P0533,10,Americanexpress,374288534180905,F,1.5,3,1.69,5.07,4.5,0.5700000000000003
2301,2021-11-10 04:03:00,P0214,7,Visa,4041596254565,F,3.27,2,4.49,8.98,6.54,2.4400000000000004
2302,2021-11-10 04:10:00,P0237,7,Americanexpress,374283453229221,F,10.43,3,11.49,34.47,31.29,3.1799999999999997
2303,2021-11-10 04:21:00,P0602,3,Americanexpress,374283497796268,T,15.81,5,17.59,87.95,79.05,8.900000000000006
2304,2021-11-10 08:04:00,P0521,3,Mastercard,5108750545472805,F,16.37,1,17.99,17.99,16.37,1.6199999999999974
2305,2021-11-10 08:21:00,P0516,5,Americanexpress,374283536869530,F,6.12,3,7.49,22.47,18.36,4.109999999999999
2306,2021-11-10 11:30:00,P0543,7,Americanexpress,374283126093038,F,17.45,3,18.49,55.47,52.349999999999994,3.1200000000000045
2307,2021-11-10 12:30:00,P0458,4,Visa,4041594095261033,T,9.0,3,10.39,31.17,27.0,4.170000000000002
2308,2021-11-10 14:03:00,P0711,5,Mastercard,5108755085112372,F,9.87,4,11.29,45.16,39.48,5.68
2309,2021-11-10 16:58:00,P0432,9,Visa,4041599548104,F,17.36,1,18.39,18.39,17.36,1.0300000000000011
2310,2021-11-10 17:26:00,P0649,8,Visa,4041594440134984,F,18.36,5,20.19,100.95,91.8,9.150000000000006
2311,2021-11-10 23:38:00,P0623,4,Mastercard,5108752300430507,F,16.64,1,18.09,18.09,16.64,1.4499999999999993
2312,2021-11-11 00:08:00,P0607,5,Visa,4041590781387108,F,3.38,4,4.59,18.36,13.52,4.84
2313,2021-11-11 08:20:00,P0409,7,Americanexpress,374283900665290,F,18.03,2,19.69,39.38,36.06,3.3200000000000003
2314,2021-11-11 08:49:00,P0206,2,Americanexpress,374283249717265,F,0.58,4,1.49,5.96,2.32,3.64
2315,2021-11-11 10:45:00,P0554,3,Unknown,3585112380494559,F,1.62,1,1.79,1.79,1.62,0.16999999999999993
2316,2021-11-11 11:45:00,P0384,7,Visa,4041599063724,F,4.83,1,5.19,5.19,4.83,0.3600000000000003
2317,2021-11-11 11:52:00,P0177,1,Mastercard,5048376896412878,F,7.63,1,8.29,8.29,7.63,0.6599999999999993
2318,2021-11-11 12:35:00,P0341,6,Mastercard,5108753237077130,F,10.79,2,11.59,23.18,21.58,1.6000000000000014
2319,2021-11-11 13:45:00,P0687,6,Americanexpress,374288520981803,F,16.69,1,18.09,18.09,16.69,1.3999999999999986
2320,2021-11-11 14:28:00,P0127,2,Visa,4041590335671320,F,13.91,1,14.89,14.89,13.91,0.9800000000000004
2321,2021-11-11 14:50:00,P0456,7,Mastercard,5108757396503257,F,18.35,1,20.19,20.19,18.35,1.8399999999999999
2322,2021-11-11 15:37:00,P0539,7,Visa,4041592535957855,F,8.13,1,8.89,8.89,8.13,0.7599999999999998
2323,2021-11-11 15:54:00,P0387,8,Americanexpress,374288087234802,F,4.99,3,5.59,16.77,14.97,1.799999999999999
2324,2021-11-11 15:58:00,P0061,3,Visa,4041599081965,F,16.74,2,18.09,36.18,33.48,2.700000000000003
2325,2021-11-11 18:28:00,P0356,7,Americanexpress,374283767826282,F,2.39,1,3.29,3.29,2.39,0.8999999999999999
2326,2021-11-11 19:36:00,P0203,9,Mastercard,5048377495236627,T,4.78,3,5.09,15.27,14.34,0.9299999999999997
2327,2021-11-11 23:38:00,P0174,6,Visa,4041592886150902,F,2.25,4,2.99,11.96,9.0,2.960000000000001
2328,2021-11-12 06:30:00,P0353,3,Visa,4041593889510043,F,15.1,3,16.69,50.07000000000001,45.3,4.77000000000001
2329,2021-11-12 11:48:00,P0432,6,Mastercard,5048375532366936,F,17.36,3,18.39,55.17,52.08,3.0900000000000034
2330,2021-11-12 13:45:00,P0332,4,Visa,4041598843472784,F,16.62,1,18.09,18.09,16.62,1.4699999999999989
2331,2021-11-12 16:36:00,P0103,8,Americanexpress,374288362069303,F,10.61,1,11.59,11.59,10.61,0.9800000000000004
2332,2021-11-12 17:02:00,P0715,6,Mastercard,5048373478436094,F,7.6,1,8.29,8.29,7.6,0.6899999999999995
2333,2021-11-13 01:17:00,P0174,4,Americanexpress,374288322972687,F,2.25,4,2.99,11.96,9.0,2.960000000000001
2334,2021-11-13 02:55:00,P0069,5,Mastercard,5108754892928831,F,5.23,1,5.99,5.99,5.23,0.7599999999999998
2335,2021-11-13 04:49:00,P0633,8,Americanexpress,374283008751620,T,10.04,1,11.39,11.39,10.04,1.3500000000000014
2336,2021-11-13 06:28:00,P0468,4,Unknown,3539304689510956,T,13.48,1,14.79,14.79,13.48,1.3099999999999987
2337,2021-11-13 07:09:00,P0388,5,Americanexpress,374283707333209,F,17.9,1,19.39,19.39,17.9,1.490000000000002
2338,2021-11-13 07:32:00,P0671,8,Visa,4041595495555544,F,19.14,1,21.09,21.09,19.14,1.9499999999999993
2339,2021-11-13 14:30:00,P0292,7,Visa,4041595087917,F,10.49,1,11.49,11.49,10.49,1.0
2340,2021-11-13 15:41:00,P0329,4,Visa,4041597683209710,F,3.45,2,4.59,9.18,6.9,2.2799999999999994
2341,2021-11-13 16:19:00,P0699,6,Mastercard,5048377684620359,F,1.92,1,2.39,2.39,1.92,0.4700000000000002
2342,2021-11-13 19:07:00,P0429,5,Americanexpress,374283155961576,F,0.78,3,1.59,4.7700000000000005,2.34,2.4300000000000006
2343,2021-11-13 19:39:00,P0623,6,Mastercard,5048375282880383,F,16.64,3,18.09,54.269999999999996,49.92,4.349999999999994
2344,2021-11-14 00:03:00,P0154,7,Mastercard,5108754827248370,F,6.06,1,7.39,7.39,6.06,1.33
2345,2021-11-14 00:46:00,P0640,5,Mastercard,5048378262352670,F,9.92,3,11.29,33.87,29.759999999999998,4.109999999999999
2346,2021-11-14 06:48:00,P0365,6,Mastercard,5108754857001707,F,14.34,2,15.29,30.58,28.68,1.8999999999999986
2347,2021-11-14 07:40:00,P0617,10,Visa,4041591961592723,F,0.35,2,1.39,2.78,0.7,2.08
2348,2021-11-14 08:44:00,P0638,2,Mastercard,5048379459432770,F,16.92,4,18.19,72.76,67.68,5.079999999999998
2349,2021-11-14 13:28:00,P0104,5,Mastercard,5108755952889235,F,14.48,1,15.59,15.59,14.48,1.1099999999999994
2350,2021-11-14 13:32:00,P0396,9,Visa,4041594432263635,F,4.18,1,4.89,4.89,4.18,0.71
2351,2021-11-14 16:10:00,P0137,5,Visa,4041597320100,F,1.91,1,2.39,2.39,1.91,0.4800000000000002
2352,2021-11-14 16:54:00,P0386,7,Americanexpress,374288427017222,F,19.79,3,21.39,64.17,59.37,4.800000000000004
2353,2021-11-14 18:18:00,P0632,3,Americanexpress,374288481702859,T,7.68,1,8.29,8.29,7.68,0.6099999999999994
2354,2021-11-14 20:01:00,P0579,6,Unknown,5010120676692604,F,19.5,1,21.29,21.29,19.5,1.7899999999999991
2355,2021-11-15 01:28:00,P0257,7,Unknown,3536441868526529,F,14.78,1,16.19,16.19,14.78,1.410000000000002
2356,2021-11-15 02:43:00,P0036,3,Visa,4041590398097314,F,3.59,5,4.69,23.450000000000003,17.95,5.5000000000000036
2357,2021-11-15 03:26:00,P0540,10,Visa,4041591898750139,T,18.72,1,20.69,20.69,18.72,1.9700000000000024
2358,2021-11-15 05:04:00,P0543,3,Visa,4041597601588286,F,17.45,1,18.49,18.49,17.45,1.0399999999999991
2359,2021-11-15 05:08:00,P0012,7,Mastercard,5048374474555481,F,11.93,2,13.39,26.78,23.86,2.9200000000000017
2360,2021-11-15 05:29:00,P0622,6,Americanexpress,374288186621131,F,13.87,1,14.89,14.89,13.87,1.0200000000000014
2361,2021-11-15 05:34:00,P0569,5,Visa,4041597658715,F,6.84,1,8.09,8.09,6.84,1.25
2362,2021-11-15 05:54:00,P0136,11,Mastercard,5108757709932458,F,3.23,2,4.39,8.78,6.46,2.3199999999999994
2363,2021-11-15 06:55:00,P0730,7,Mastercard,5108754452604087,F,3.4,4,4.59,18.36,13.6,4.76
2364,2021-11-15 10:26:00,P0620,4,Visa,4041591606645,F,18.49,1,20.39,20.39,18.49,1.9000000000000021
2365,2021-11-15 11:17:00,P0184,7,Mastercard,5108752659702902,F,1.21,2,1.69,3.38,2.42,0.96
2366,2021-11-15 12:10:00,P0560,7,Visa,4041596922606264,F,1.4,1,1.69,1.69,1.4,0.29000000000000004
2367,2021-11-15 13:42:00,P0285,5,Mastercard,5048375171273898,F,2.73,4,3.79,15.16,10.92,4.24
2368,2021-11-15 16:17:00,P0376,7,Americanexpress,374283902181635,F,10.3,4,11.49,45.96,41.2,4.759999999999998
2369,2021-11-15 16:35:00,P0407,9,Americanexpress,374283241859511,F,12.35,2,13.99,27.98,24.7,3.280000000000001
2370,2021-11-15 20:19:00,P0606,8,Americanexpress,374288420572272,F,14.31,1,15.19,15.19,14.31,0.879999999999999
2371,2021-11-15 21:20:00,P0514,3,Unknown,3549150831012609,F,18.98,2,20.99,41.98,37.96,4.019999999999996
2372,2021-11-15 23:12:00,P0626,9,Visa,4041591686952624,F,7.33,2,8.19,16.38,14.66,1.7199999999999989
2373,2021-11-16 01:46:00,P0467,7,Visa,4041592710230474,F,4.66,3,4.99,14.97,13.98,0.9900000000000002
2454,2021-11-23 01:28:00,P0353,8,Mastercard,5048378992114465,F,15.1,2,16.69,33.38,30.2,3.1800000000000033
2374,2021-11-16 01:51:00,P0311,7,Americanexpress,374288831436943,F,9.99,1,11.39,11.39,9.99,1.4000000000000004
2375,2021-11-16 02:54:00,P0373,7,Mastercard,5108757799847558,F,12.85,1,14.49,14.49,12.85,1.6400000000000006
2376,2021-11-16 04:19:00,P0092,6,Mastercard,5048372973841733,F,3.11,1,4.29,4.29,3.11,1.1800000000000002
2377,2021-11-16 10:10:00,P0222,7,Mastercard,5048371478976283,F,16.56,1,18.09,18.09,16.56,1.5300000000000011
2378,2021-11-16 12:33:00,P0383,5,Visa,4041592262669665,F,12.53,1,14.19,14.19,12.53,1.6600000000000001
2379,2021-11-16 15:02:00,P0329,9,Visa,4041599125176,F,3.45,1,4.59,4.59,3.45,1.1399999999999997
2380,2021-11-16 15:20:00,P0465,5,Unknown,676219990148522820,F,9.61,2,11.09,22.18,19.22,2.960000000000001
2381,2021-11-16 16:24:00,P0284,6,Visa,4041598421987153,F,1.03,1,1.59,1.59,1.03,0.56
2382,2021-11-16 17:12:00,P0621,7,Visa,4041595695925,T,17.47,4,18.59,74.36,69.88,4.480000000000004
2383,2021-11-16 18:45:00,P0643,7,Mastercard,5048373414541981,F,17.61,3,18.89,56.67,52.83,3.8400000000000034
2384,2021-11-16 19:40:00,P0209,5,Mastercard,5048377982146230,F,6.02,1,7.29,7.29,6.02,1.2700000000000005
2385,2021-11-16 22:08:00,P0416,5,Visa,4041594241940001,F,9.88,4,11.29,45.16,39.52,5.6399999999999935
2386,2021-11-17 01:53:00,P0366,3,Mastercard,5048372683717389,T,13.27,4,14.69,58.76,53.08,5.68
2387,2021-11-17 02:18:00,P0181,4,Americanexpress,374283706316056,T,1.62,2,1.79,3.58,3.24,0.33999999999999986
2388,2021-11-17 02:25:00,P0478,6,Americanexpress,374283788018448,T,18.67,5,20.59,102.95,93.35000000000001,9.599999999999994
2389,2021-11-17 07:11:00,P0391,8,Visa,4041596310797,F,1.6,2,1.79,3.58,3.2,0.3799999999999999
2390,2021-11-17 12:09:00,P0570,6,Visa,4041594375800,F,2.32,1,3.19,3.19,2.32,0.8700000000000001
2391,2021-11-17 12:47:00,P0638,5,Visa,4041594394336718,F,16.92,3,18.19,54.57000000000001,50.760000000000005,3.8100000000000023
2392,2021-11-17 13:51:00,P0340,5,Mastercard,5048378672402883,F,19.56,2,21.29,42.58,39.12,3.460000000000001
2393,2021-11-17 14:21:00,P0430,6,Americanexpress,374283722646056,F,17.67,1,18.99,18.99,17.67,1.3199999999999967
2394,2021-11-17 19:10:00,P0361,6,Mastercard,5048375589912574,T,8.85,1,10.19,10.19,8.85,1.3399999999999999
2395,2021-11-18 04:39:00,P0606,4,Mastercard,5108753298766928,F,14.31,1,15.19,15.19,14.31,0.879999999999999
2396,2021-11-18 05:19:00,P0295,5,Americanexpress,374283658103353,T,1.43,2,1.69,3.38,2.86,0.52
2397,2021-11-18 07:40:00,P0455,3,Mastercard,5048372618632141,F,1.63,2,1.79,3.58,3.26,0.3200000000000003
2398,2021-11-18 12:53:00,P0266,12,Americanexpress,374283741972103,F,7.49,3,8.29,24.869999999999997,22.47,2.3999999999999986
2399,2021-11-18 14:12:00,P0286,6,Mastercard,5048377584434596,F,10.87,2,11.59,23.18,21.74,1.4400000000000013
2400,2021-11-18 15:40:00,P0466,8,Mastercard,5108755211800585,F,14.01,3,14.89,44.67,42.03,2.6400000000000006
2401,2021-11-18 15:58:00,P0521,5,Visa,4041592767901076,F,16.37,1,17.99,17.99,16.37,1.6199999999999974
2402,2021-11-18 16:10:00,P0310,6,Americanexpress,374283774042683,F,14.48,4,15.59,62.36,57.92,4.439999999999998
2403,2021-11-18 16:26:00,P0138,6,Mastercard,5048370106183544,F,10.34,2,11.49,22.98,20.68,2.3000000000000007
2404,2021-11-18 21:00:00,P0596,5,Americanexpress,374283597135656,T,12.28,6,13.89,83.34,73.67999999999999,9.66000000000001
2405,2021-11-18 21:55:00,P0544,7,Mastercard,5108754537132096,T,19.72,1,21.39,21.39,19.72,1.6700000000000017
2406,2021-11-18 22:06:00,P0469,5,Americanexpress,374283800161895,F,0.92,3,1.59,4.7700000000000005,2.7600000000000002,2.0100000000000002
2407,2021-11-18 23:53:00,P0300,7,Visa,4041597755809165,F,7.58,1,8.29,8.29,7.58,0.7099999999999991
2408,2021-11-19 02:07:00,P0549,6,Visa,4041593923632555,F,16.85,1,18.19,18.19,16.85,1.3399999999999999
2409,2021-11-19 02:23:00,P0517,10,Mastercard,5048371844083541,F,5.11,3,5.79,17.37,15.330000000000002,2.039999999999999
2410,2021-11-19 02:35:00,P0633,8,Mastercard,5108750935225870,F,10.04,2,11.39,22.78,20.08,2.700000000000003
2411,2021-11-19 02:38:00,P0327,5,Visa,4041593981495770,F,7.13,2,8.19,16.38,14.26,2.119999999999999
2412,2021-11-19 03:45:00,P0468,7,Mastercard,5108751801971142,F,13.48,1,14.79,14.79,13.48,1.3099999999999987
2413,2021-11-19 04:49:00,P0022,8,Visa,4041593126395299,F,1.16,1,1.69,1.69,1.16,0.53
2414,2021-11-19 05:21:00,P0414,2,Mastercard,5108751032279232,T,10.22,2,11.49,22.98,20.44,2.539999999999999
2415,2021-11-19 05:34:00,P0607,1,Visa,4041592747537941,F,3.38,2,4.59,9.18,6.76,2.42
2416,2021-11-19 07:11:00,P0498,4,Visa,4041598731231771,F,11.6,3,12.79,38.37,34.8,3.5700000000000003
2417,2021-11-19 12:14:00,P0221,5,Americanexpress,374288374310455,T,0.59,5,1.49,7.45,2.9499999999999997,4.5
2418,2021-11-19 13:42:00,P0697,9,Visa,4041594568983196,F,19.48,2,21.29,42.58,38.96,3.6199999999999974
2419,2021-11-19 21:09:00,P0114,6,Mastercard,5108758859227400,T,7.39,1,8.29,8.29,7.39,0.8999999999999995
2420,2021-11-19 21:12:00,P0425,8,Visa,4041594212087105,F,10.49,2,11.49,22.98,20.98,2.0
2421,2021-11-19 23:44:00,P0395,5,Visa,4041591028097682,F,2.55,5,3.59,17.95,12.75,5.199999999999999
2422,2021-11-20 02:00:00,P0051,3,Visa,4041594537000825,F,16.95,2,18.19,36.38,33.9,2.480000000000004
2423,2021-11-20 03:38:00,P0088,6,Mastercard,5048374567718947,F,15.63,1,17.49,17.49,15.63,1.8599999999999977
2424,2021-11-20 04:00:00,P0368,6,Americanexpress,374283936019454,F,9.52,1,10.99,10.99,9.52,1.4700000000000006
2425,2021-11-20 04:01:00,P0574,6,Mastercard,5108752087822595,F,9.21,2,10.69,21.38,18.42,2.9599999999999973
2426,2021-11-20 05:15:00,P0508,5,Visa,4041590836532,F,7.67,1,8.29,8.29,7.67,0.6199999999999992
2427,2021-11-20 07:21:00,P0688,6,Visa,4041598938140,F,0.81,1,1.59,1.59,0.81,0.78
2428,2021-11-20 10:13:00,P0335,5,Visa,4041590929170,F,17.17,4,18.19,72.76,68.68,4.079999999999998
2429,2021-11-20 11:38:00,P0671,8,Mastercard,5108752954879728,F,19.14,1,21.09,21.09,19.14,1.9499999999999993
2430,2021-11-20 12:40:00,P0340,5,Americanexpress,374288077063807,T,19.56,4,21.29,85.16,78.24,6.920000000000002
2431,2021-11-20 14:21:00,P0324,9,Mastercard,5108755701586496,F,4.58,1,4.99,4.99,4.58,0.41000000000000014
2432,2021-11-20 17:34:00,P0463,7,Mastercard,5048374726894381,F,12.96,2,14.59,29.18,25.92,3.259999999999998
2433,2021-11-21 05:56:00,P0518,8,Mastercard,5048372873048397,F,16.41,1,17.99,17.99,16.41,1.5799999999999983
2434,2021-11-21 08:20:00,P0467,7,Visa,4041599529010716,F,4.66,2,4.99,9.98,9.32,0.6600000000000001
2435,2021-11-21 08:57:00,P0468,5,Americanexpress,374288984230911,F,13.48,1,14.79,14.79,13.48,1.3099999999999987
2436,2021-11-21 10:18:00,P0491,7,Mastercard,5108758495542642,F,18.0,2,19.59,39.18,36.0,3.1799999999999997
2437,2021-11-21 10:50:00,P0012,3,Mastercard,5048379938823524,F,11.93,1,13.39,13.39,11.93,1.4600000000000009
2438,2021-11-21 13:42:00,P0364,5,Visa,4041591891866,T,15.78,3,17.59,52.769999999999996,47.339999999999996,5.43
2439,2021-11-21 14:43:00,P0568,6,Mastercard,5108752075141263,F,13.26,2,14.69,29.38,26.52,2.8599999999999994
2440,2021-11-21 16:21:00,P0196,4,Visa,4041596473538,F,13.84,3,14.89,44.67,41.519999999999996,3.1500000000000057
2441,2021-11-21 16:49:00,P0123,7,Visa,4041590968837586,F,7.7,1,8.29,8.29,7.7,0.589999999999999
2442,2021-11-21 17:21:00,P0242,4,Visa,4041593096083206,F,1.6,1,1.79,1.79,1.6,0.18999999999999995
2443,2021-11-21 21:50:00,P0468,4,Visa,4041596242333185,T,13.48,2,14.79,29.58,26.96,2.6199999999999974
2444,2021-11-21 22:23:00,P0138,6,Mastercard,5108757761848469,F,10.34,1,11.49,11.49,10.34,1.1500000000000004
2445,2021-11-22 02:49:00,P0731,8,Visa,4041594613499,F,13.22,5,14.69,73.45,66.10000000000001,7.349999999999994
2446,2021-11-22 04:36:00,P0670,2,Americanexpress,374283135431633,F,17.15,3,18.19,54.57000000000001,51.449999999999996,3.1200000000000117
2447,2021-11-22 12:29:00,P0536,5,Americanexpress,374288249701078,F,16.97,2,18.19,36.38,33.94,2.440000000000005
2448,2021-11-22 13:59:00,P0552,6,Americanexpress,374288460245292,F,11.36,2,12.29,24.58,22.72,1.8599999999999994
2449,2021-11-22 15:29:00,P0015,4,Visa,4041594372842208,F,2.25,1,2.99,2.99,2.25,0.7400000000000002
2450,2021-11-22 16:12:00,P0729,5,Visa,4041592741482,F,9.34,1,10.89,10.89,9.34,1.5500000000000007
2451,2021-11-22 20:49:00,P0577,9,Americanexpress,374288071768617,F,7.24,1,8.19,8.19,7.24,0.9499999999999993
2452,2021-11-22 20:50:00,P0676,7,Mastercard,5048372956591263,F,4.72,1,4.99,4.99,4.72,0.27000000000000046
2453,2021-11-22 21:25:00,P0312,4,Visa,4041591171309447,F,17.43,2,18.49,36.98,34.86,2.1199999999999974
2455,2021-11-23 01:37:00,P0660,7,Mastercard,5108754587866320,F,5.83,5,7.09,35.45,29.15,6.300000000000004
2456,2021-11-23 02:42:00,P0285,5,Americanexpress,374288963961619,F,2.73,2,3.79,7.58,5.46,2.12
2457,2021-11-23 03:19:00,P0687,3,Mastercard,5108752805976665,F,16.69,2,18.09,36.18,33.38,2.799999999999997
2458,2021-11-23 05:42:00,P0457,5,Visa,4041594821518870,F,2.02,2,2.59,5.18,4.04,1.1399999999999997
2459,2021-11-23 06:49:00,P0459,6,Unknown,3576054788146863,T,8.82,2,10.09,20.18,17.64,2.539999999999999
2460,2021-11-23 08:11:00,P0194,6,Mastercard,5048376549253489,F,10.82,1,11.59,11.59,10.82,0.7699999999999996
2461,2021-11-23 12:19:00,P0193,6,Visa,4041592578518424,F,18.76,2,20.69,41.38,37.52,3.8599999999999994
2462,2021-11-23 14:04:00,P0336,10,Mastercard,5048370755845138,F,8.17,6,8.89,53.34,49.019999999999996,4.320000000000007
2463,2021-11-23 18:30:00,P0259,4,Americanexpress,374283313064164,F,5.21,4,5.99,23.96,20.84,3.120000000000001
2464,2021-11-23 22:07:00,P0164,5,Unknown,3567816865057812,T,18.98,3,20.99,62.97,56.94,6.030000000000001
2465,2021-11-23 23:51:00,P0357,9,Visa,4041596144477,T,3.34,1,4.49,4.49,3.34,1.1500000000000004
2466,2021-11-24 00:08:00,P0021,5,Visa,4041595678574,F,14.13,2,14.89,29.78,28.26,1.5199999999999996
2467,2021-11-24 00:59:00,P0162,7,Unknown,3531686235974589,F,18.21,1,19.99,19.99,18.21,1.7799999999999976
2468,2021-11-24 01:24:00,P0171,6,Mastercard,5048379645526212,T,5.57,4,6.69,26.76,22.28,4.48
2469,2021-11-24 06:27:00,P0301,8,Visa,4041597346410333,F,15.18,1,16.79,16.79,15.18,1.6099999999999994
2470,2021-11-24 07:05:00,P0180,8,Mastercard,5108757156937497,F,19.25,1,21.19,21.19,19.25,1.9400000000000013
2471,2021-11-24 08:03:00,P0278,4,Mastercard,5048378592878733,T,13.24,1,14.69,14.69,13.24,1.4499999999999993
2472,2021-11-24 08:25:00,P0131,7,Visa,4041594450017,F,11.71,1,12.99,12.99,11.71,1.2799999999999994
2473,2021-11-24 11:14:00,P0660,7,Americanexpress,374288497928258,F,5.83,1,7.09,7.09,5.83,1.2599999999999998
2474,2021-11-24 13:43:00,P0102,4,Americanexpress,374288128459152,F,16.26,2,17.99,35.98,32.52,3.4599999999999937
2475,2021-11-24 17:11:00,P0008,5,Visa,4041592514842979,F,13.59,5,14.79,73.94999999999999,67.95,5.999999999999986
2476,2021-11-24 17:21:00,P0272,6,Americanexpress,374283179623681,F,5.35,1,6.29,6.29,5.35,0.9400000000000004
2477,2021-11-24 17:38:00,P0299,4,Visa,4041591872829602,F,13.5,1,14.79,14.79,13.5,1.2899999999999991
2478,2021-11-24 21:15:00,P0051,6,Mastercard,5108753011348038,F,16.95,1,18.19,18.19,16.95,1.240000000000002
2479,2021-11-25 03:00:00,P0073,7,Visa,4041591815777801,F,15.31,5,16.99,84.94999999999999,76.55,8.399999999999991
2480,2021-11-25 03:16:00,P0580,6,Mastercard,5048370124859281,F,3.39,3,4.59,13.77,10.17,3.5999999999999996
2481,2021-11-25 04:28:00,P0020,5,Americanexpress,374288770404605,F,19.41,1,21.29,21.29,19.41,1.879999999999999
2482,2021-11-25 05:03:00,P0549,5,Visa,4041597863208,F,16.85,1,18.19,18.19,16.85,1.3399999999999999
2483,2021-11-25 08:00:00,P0498,8,Visa,4041591413000,F,11.6,2,12.79,25.58,23.2,2.379999999999999
2484,2021-11-25 08:18:00,P0177,3,Mastercard,5048379767929731,F,7.63,1,8.29,8.29,7.63,0.6599999999999993
2485,2021-11-25 09:55:00,P0305,4,Americanexpress,374283010109247,F,8.74,1,9.99,9.99,8.74,1.25
2486,2021-11-25 12:49:00,P0545,2,Americanexpress,374288467841788,F,6.62,2,7.89,15.78,13.24,2.539999999999999
2487,2021-11-25 14:24:00,P0294,3,Visa,4041593612609,T,12.38,5,13.99,69.95,61.900000000000006,8.049999999999997
2488,2021-11-25 15:06:00,P0223,6,Americanexpress,374283961346764,F,6.71,2,7.99,15.98,13.42,2.5600000000000005
2489,2021-11-25 17:24:00,P0174,8,Visa,4041594659302,F,2.25,1,2.99,2.99,2.25,0.7400000000000002
2490,2021-11-25 17:50:00,P0289,6,Visa,4041595597014,F,12.12,5,13.69,68.45,60.599999999999994,7.8500000000000085
2491,2021-11-25 22:06:00,P0342,8,Visa,4041597263188003,F,18.73,2,20.69,41.38,37.46,3.9200000000000017
2492,2021-11-26 00:34:00,P0185,8,Visa,4041590038589373,F,12.05,1,13.59,13.59,12.05,1.5399999999999991
2493,2021-11-26 05:18:00,P0274,7,Visa,4041592325079233,F,11.65,4,12.89,51.56,46.6,4.960000000000001
2494,2021-11-26 07:39:00,P0456,6,Mastercard,5048378929127168,F,18.35,1,20.19,20.19,18.35,1.8399999999999999
2495,2021-11-26 09:49:00,P0278,7,Visa,4041592294284,F,13.24,1,14.69,14.69,13.24,1.4499999999999993
2496,2021-11-26 11:54:00,P0467,6,Mastercard,5048371707231278,F,4.66,1,4.99,4.99,4.66,0.33000000000000007
2497,2021-11-26 12:19:00,P0182,9,Visa,4041598074417,F,9.85,2,11.29,22.58,19.7,2.879999999999999
2498,2021-11-26 18:16:00,P0487,9,Mastercard,5108758626502614,F,11.44,3,12.49,37.47,34.32,3.1499999999999986
2499,2021-11-26 19:59:00,P0318,4,Visa,4041591117532805,T,6.76,1,7.99,7.99,6.76,1.2300000000000004
2500,2021-11-26 23:00:00,P0400,4,Americanexpress,374283810265306,F,6.39,1,7.69,7.69,6.39,1.3000000000000007
2501,2021-11-27 03:29:00,P0446,5,Visa,4041591264202442,F,16.57,3,18.09,54.269999999999996,49.71,4.559999999999995
2502,2021-11-27 04:37:00,P0115,1,Americanexpress,374288148170003,F,5.84,5,7.09,35.45,29.2,6.2500000000000036
2503,2021-11-27 05:47:00,P0506,8,Americanexpress,374283068028471,F,10.54,2,11.59,23.18,21.08,2.1000000000000014
2504,2021-11-27 08:00:00,P0425,9,Americanexpress,374283556877702,F,10.49,2,11.49,22.98,20.98,2.0
2505,2021-11-27 09:49:00,P0319,10,Visa,4041598407829098,T,3.51,2,4.69,9.38,7.02,2.360000000000001
2506,2021-11-27 12:17:00,P0094,7,Visa,4041599810315683,F,13.35,5,14.79,73.94999999999999,66.75,7.199999999999989
2507,2021-11-27 14:36:00,P0384,7,Visa,4041595657650075,T,4.83,4,5.19,20.76,19.32,1.4400000000000013
2508,2021-11-27 16:43:00,P0492,4,Mastercard,5108751009621630,F,16.12,2,17.89,35.78,32.24,3.539999999999999
2509,2021-11-27 19:33:00,P0527,4,Americanexpress,374283372647990,F,16.63,1,18.09,18.09,16.63,1.4600000000000009
2510,2021-11-27 21:02:00,P0664,7,Americanexpress,374288618004633,F,3.42,4,4.59,18.36,13.68,4.68
2511,2021-11-27 22:29:00,P0252,11,Americanexpress,374288372455138,F,3.86,4,4.89,19.56,15.44,4.119999999999999
2512,2021-11-28 00:40:00,P0343,4,Visa,4041590352563,F,3.66,2,4.79,9.58,7.32,2.26
2513,2021-11-28 00:49:00,P0433,7,Mastercard,5048379389070302,T,9.33,1,10.79,10.79,9.33,1.459999999999999
2514,2021-11-28 05:06:00,P0486,4,Americanexpress,374288162145519,F,6.52,2,7.89,15.78,13.04,2.74
2515,2021-11-28 06:18:00,P0110,8,Mastercard,5048376130894477,F,14.28,3,15.19,45.57,42.839999999999996,2.730000000000004
2516,2021-11-28 09:39:00,P0456,6,Visa,4041597825124,F,18.35,1,20.19,20.19,18.35,1.8399999999999999
2517,2021-11-28 14:42:00,P0322,6,Americanexpress,374288838817137,T,13.65,1,14.89,14.89,13.65,1.2400000000000002
2518,2021-11-28 23:07:00,P0632,9,Mastercard,5108750164492316,F,7.68,2,8.29,16.58,15.36,1.2199999999999989
2519,2021-11-29 01:38:00,P0152,7,Mastercard,5048370068047380,T,16.33,2,17.99,35.98,32.66,3.3200000000000003
2520,2021-11-29 03:14:00,P0252,5,Americanexpress,374283581507811,F,3.86,1,4.89,4.89,3.86,1.0299999999999998
2521,2021-11-29 04:15:00,P0413,5,Mastercard,5048375741679202,F,7.35,2,8.19,16.38,14.7,1.6799999999999997
2522,2021-11-29 04:44:00,P0614,6,Mastercard,5048378589470593,T,13.52,3,14.79,44.37,40.56,3.809999999999995
2523,2021-11-29 05:05:00,P0385,7,Unknown,4913187291568825,F,13.22,2,14.69,29.38,26.44,2.9399999999999977
2524,2021-11-29 06:08:00,P0533,4,Mastercard,5108751461583153,F,1.5,2,1.69,3.38,3.0,0.3799999999999999
2525,2021-11-29 08:22:00,P0399,5,Mastercard,5048372155917558,F,9.83,4,11.29,45.16,39.32,5.839999999999996
2526,2021-11-29 08:50:00,P0489,6,Americanexpress,374283229895016,F,8.46,2,9.49,18.98,16.92,2.0599999999999987
2527,2021-11-29 13:13:00,P0053,4,Americanexpress,374288309335445,F,0.33,1,1.29,1.29,0.33,0.96
2528,2021-11-29 16:01:00,P0556,9,Mastercard,5048378378429842,T,5.5,1,6.49,6.49,5.5,0.9900000000000002
2529,2021-11-29 20:05:00,P0681,1,Americanexpress,374283755412848,F,5.26,2,6.09,12.18,10.52,1.6600000000000001
2530,2021-11-30 08:13:00,P0182,4,Mastercard,5048377130751675,F,9.85,1,11.29,11.29,9.85,1.4399999999999995
2531,2021-11-30 09:02:00,P0255,6,Americanexpress,374288991950311,F,18.85,3,20.79,62.37,56.550000000000004,5.819999999999993
2532,2021-11-30 10:30:00,P0460,7,Visa,4041593752090,F,4.37,2,4.99,9.98,8.74,1.2400000000000002
2533,2021-11-30 12:13:00,P0352,7,Visa,4041593388583871,F,2.04,2,2.59,5.18,4.08,1.0999999999999996
2534,2021-11-30 13:00:00,P0444,9,Visa,4041596585066921,F,13.93,1,14.89,14.89,13.93,0.9600000000000009
2535,2021-11-30 13:49:00,P0329,6,Mastercard,5108756086594113,F,3.45,1,4.59,4.59,3.45,1.1399999999999997
2536,2021-11-30 14:00:00,P0274,9,Visa,4041592525963533,F,11.65,3,12.89,38.67,34.95,3.719999999999999
2537,2021-11-30 16:54:00,P0487,5,Americanexpress,374283611318288,F,11.44,3,12.49,37.47,34.32,3.1499999999999986
2538,2021-12-01 02:47:00,P0155,6,Americanexpress,374288780451281,F,7.92,2,8.39,16.78,15.84,0.9400000000000013
2539,2021-12-01 07:17:00,P0477,5,Visa,4041596466755,F,2.19,3,2.89,8.67,6.57,2.0999999999999996
2540,2021-12-01 08:31:00,P0568,3,Visa,4041592699580220,F,13.26,4,14.69,58.76,53.04,5.719999999999999
2541,2021-12-01 08:52:00,P0177,5,Americanexpress,374283326853942,F,7.63,3,8.29,24.869999999999997,22.89,1.9799999999999969
2542,2021-12-01 15:45:00,P0484,10,Mastercard,5108755784602343,F,10.9,3,11.59,34.769999999999996,32.7,2.069999999999993
2543,2021-12-01 16:37:00,P0372,7,Visa,4041594211120,F,5.75,1,6.89,6.89,5.75,1.1399999999999997
2544,2021-12-01 19:39:00,P0256,7,Mastercard,5108757070676908,F,2.08,1,2.69,2.69,2.08,0.6099999999999999
2545,2021-12-01 19:53:00,P0499,6,Americanexpress,374283409151917,F,16.3,4,17.99,71.96,65.2,6.759999999999991
2546,2021-12-01 22:33:00,P0561,6,Mastercard,5108753019743586,F,18.52,2,20.39,40.78,37.04,3.740000000000002
2547,2021-12-01 22:57:00,P0422,4,Americanexpress,374288217683092,F,4.3,2,4.99,9.98,8.6,1.3800000000000008
2548,2021-12-02 01:57:00,P0747,5,Visa,4041593826973635,F,14.79,1,16.19,16.19,14.79,1.4000000000000021
2549,2021-12-02 02:02:00,P0592,7,Mastercard,5108753163606407,F,7.44,3,8.29,24.869999999999997,22.32,2.549999999999997
2550,2021-12-02 03:47:00,P0439,5,Americanexpress,374288796462025,T,18.12,2,19.79,39.58,36.24,3.3399999999999963
2551,2021-12-02 04:08:00,P0309,10,Americanexpress,374283817743388,F,18.17,2,19.89,39.78,36.34,3.4399999999999977
2552,2021-12-02 04:39:00,P0387,7,Unknown,3556773439248489,F,4.99,1,5.59,5.59,4.99,0.5999999999999996
2553,2021-12-02 05:49:00,P0441,5,Mastercard,5108757015065134,T,1.98,3,2.49,7.470000000000001,5.9399999999999995,1.5300000000000011
2554,2021-12-02 08:45:00,P0509,7,Americanexpress,374288521868579,F,11.66,3,12.89,38.67,34.980000000000004,3.6899999999999977
2555,2021-12-02 10:46:00,P0331,2,Visa,4041597363761,F,15.79,2,17.59,35.18,31.58,3.6000000000000014
2556,2021-12-02 12:39:00,P0486,9,Visa,4041591259288,F,6.52,1,7.89,7.89,6.52,1.37
2557,2021-12-02 12:58:00,P0279,8,Americanexpress,374288055681299,F,1.49,4,1.69,6.76,5.96,0.7999999999999998
2558,2021-12-02 13:39:00,P0270,9,Americanexpress,374288555412948,F,6.97,1,8.09,8.09,6.97,1.12
2559,2021-12-02 16:47:00,P0658,9,Mastercard,5048376967677763,F,2.92,3,4.09,12.27,8.76,3.51
2560,2021-12-02 19:10:00,P0176,5,Visa,4041597656492038,F,14.46,3,15.59,46.769999999999996,43.38,3.3899999999999935
2561,2021-12-02 19:26:00,P0658,7,Mastercard,5108752575422296,F,2.92,2,4.09,8.18,5.84,2.34
2562,2021-12-03 01:43:00,P0399,7,Mastercard,5048377613939706,T,9.83,2,11.29,22.58,19.66,2.919999999999998
2563,2021-12-03 03:52:00,P0412,7,Americanexpress,374288869713932,F,16.11,2,17.89,35.78,32.22,3.5600000000000023
2564,2021-12-03 04:43:00,P0429,7,Mastercard,5048378390689977,F,0.78,1,1.59,1.59,0.78,0.81
2565,2021-12-03 07:26:00,P0180,4,Americanexpress,374288374316528,F,19.25,3,21.19,63.57000000000001,57.75,5.820000000000007
2566,2021-12-03 08:11:00,P0710,7,Americanexpress,374288627720930,F,4.36,2,4.99,9.98,8.72,1.2599999999999998
2567,2021-12-03 10:51:00,P0209,8,Visa,4041591514435,T,6.02,1,7.29,7.29,6.02,1.2700000000000005
2568,2021-12-03 11:34:00,P0104,3,Americanexpress,374288690988281,F,14.48,1,15.59,15.59,14.48,1.1099999999999994
2569,2021-12-03 12:06:00,P0297,3,Visa,4041599343175,F,17.82,4,19.29,77.16,71.28,5.8799999999999955
2570,2021-12-03 12:35:00,P0263,6,Americanexpress,374283399837152,F,2.27,2,3.09,6.18,4.54,1.6399999999999997
2571,2021-12-03 13:53:00,P0280,7,Mastercard,5048377629554689,F,6.26,3,7.59,22.77,18.78,3.9899999999999984
2572,2021-12-03 14:31:00,P0173,4,Mastercard,5108751999682584,F,0.93,1,1.59,1.59,0.93,0.66
2573,2021-12-03 16:02:00,P0309,5,Visa,4041590110367,F,18.17,1,19.89,19.89,18.17,1.7199999999999989
2574,2021-12-03 17:38:00,P0510,7,Mastercard,5048379767520357,F,9.35,1,10.89,10.89,9.35,1.540000000000001
2575,2021-12-03 18:10:00,P0217,8,Americanexpress,374288579892521,T,14.96,3,16.49,49.47,44.88,4.589999999999996
2576,2021-12-03 23:27:00,P0556,6,Mastercard,5048377525018029,F,5.5,4,6.49,25.96,22.0,3.960000000000001
2577,2021-12-04 01:25:00,P0373,9,Americanexpress,374288697303567,F,12.85,2,14.49,28.98,25.7,3.280000000000001
2578,2021-12-04 02:09:00,P0285,4,Americanexpress,374283098605496,F,2.73,3,3.79,11.370000000000001,8.19,3.1800000000000015
2579,2021-12-04 04:05:00,P0208,6,Visa,4041595854084,F,4.0,3,4.89,14.669999999999998,12.0,2.669999999999998
2580,2021-12-04 05:23:00,P0387,6,Americanexpress,374283881917934,F,4.99,1,5.59,5.59,4.99,0.5999999999999996
2581,2021-12-04 06:05:00,P0172,5,Mastercard,5048371235976402,F,19.67,2,21.39,42.78,39.34,3.4399999999999977
2582,2021-12-04 06:23:00,P0195,6,Americanexpress,374283789062999,F,17.91,1,19.39,19.39,17.91,1.4800000000000004
2583,2021-12-04 09:45:00,P0269,7,Americanexpress,374288106499030,T,13.6,2,14.79,29.58,27.2,2.379999999999999
2584,2021-12-04 13:35:00,P0218,12,Americanexpress,374283810378752,F,8.4,1,9.39,9.39,8.4,0.9900000000000002
2585,2021-12-04 16:21:00,P0383,5,Visa,4041594733560,F,12.53,1,14.19,14.19,12.53,1.6600000000000001
2586,2021-12-04 16:40:00,P0549,6,Mastercard,5108757318084600,F,16.85,1,18.19,18.19,16.85,1.3399999999999999
2587,2021-12-04 19:43:00,P0324,6,Unknown,67594359907303961,F,4.58,2,4.99,9.98,9.16,0.8200000000000003
2588,2021-12-04 20:57:00,P0283,7,Mastercard,5108750268775681,F,1.68,2,1.89,3.78,3.36,0.41999999999999993
2589,2021-12-05 00:47:00,P0228,6,Americanexpress,374288956798549,F,0.09,1,1.09,1.09,0.09,1.0
2590,2021-12-05 02:05:00,P0427,2,Americanexpress,374288333124658,F,12.94,5,14.59,72.95,64.7,8.25
2591,2021-12-05 02:53:00,P0326,8,Mastercard,5048376917161165,F,12.66,1,14.29,14.29,12.66,1.629999999999999
2592,2021-12-05 04:21:00,P0323,7,Mastercard,5108751846537007,F,0.34,2,1.29,2.58,0.68,1.9
2593,2021-12-05 04:40:00,P0064,9,Mastercard,5108752892848777,F,0.98,3,1.59,4.7700000000000005,2.94,1.8300000000000005
2594,2021-12-05 06:56:00,P0372,5,Visa,4041590424401670,F,5.75,2,6.89,13.78,11.5,2.2799999999999994
2595,2021-12-05 07:43:00,P0271,8,Visa,4041590716633196,F,15.16,1,16.79,16.79,15.16,1.629999999999999
2596,2021-12-05 10:40:00,P0658,5,Americanexpress,374283582994513,T,2.92,2,4.09,8.18,5.84,2.34
2597,2021-12-05 11:01:00,P0744,3,Americanexpress,374283101710549,F,7.42,1,8.29,8.29,7.42,0.8699999999999992
2598,2021-12-05 14:53:00,P0439,8,Americanexpress,374288140257634,T,18.12,3,19.79,59.37,54.36,5.009999999999998
2599,2021-12-05 21:54:00,P0166,4,Visa,4041591332648,F,10.88,5,11.59,57.95,54.400000000000006,3.549999999999997
2600,2021-12-06 00:05:00,P0616,10,Mastercard,5108755709781339,F,11.41,4,12.39,49.56,45.64,3.9200000000000017
2601,2021-12-06 04:21:00,P0637,5,Americanexpress,374283234559631,T,15.32,3,17.09,51.269999999999996,45.96,5.309999999999995
2602,2021-12-06 04:36:00,P0241,6,Mastercard,5048376389050532,T,2.03,1,2.59,2.59,2.03,0.56
2603,2021-12-06 05:52:00,P0570,6,Visa,4041594331043,F,2.32,3,3.19,9.57,6.959999999999999,2.610000000000001
2604,2021-12-06 09:15:00,P0109,11,Americanexpress,374283244448981,F,2.82,2,3.99,7.98,5.64,2.3400000000000007
2605,2021-12-06 09:45:00,P0480,6,Visa,4041595754839,F,12.02,4,13.49,53.96,48.08,5.880000000000003
2606,2021-12-06 11:10:00,P0267,5,Unknown,6759565860429009029,F,13.36,3,14.79,44.37,40.08,4.289999999999999
2607,2021-12-06 11:35:00,P0023,7,Mastercard,5048376188511957,F,17.79,2,19.19,38.38,35.58,2.8000000000000043
2608,2021-12-06 11:49:00,P0251,9,Mastercard,5048372601116037,F,2.11,1,2.79,2.79,2.11,0.6800000000000002
2609,2021-12-06 12:48:00,P0642,8,Visa,4041590027436271,F,5.45,1,6.39,6.39,5.45,0.9399999999999995
2610,2021-12-06 14:24:00,P0117,4,Mastercard,5048371198482661,T,8.82,1,10.09,10.09,8.82,1.2699999999999996
2611,2021-12-06 16:11:00,P0361,6,Visa,4041591260872,F,8.85,2,10.19,20.38,17.7,2.6799999999999997
2612,2021-12-06 17:53:00,P0032,5,Mastercard,5048378101351933,T,5.52,1,6.59,6.59,5.52,1.0700000000000003
2613,2021-12-06 18:03:00,P0097,6,Americanexpress,374288111991229,F,9.91,1,11.29,11.29,9.91,1.379999999999999
2614,2021-12-06 18:12:00,P0125,3,Mastercard,5108756495653914,F,0.81,3,1.59,4.7700000000000005,2.43,2.3400000000000003
2615,2021-12-06 18:50:00,P0574,5,Mastercard,5048375955818272,F,9.21,1,10.69,10.69,9.21,1.4799999999999986
2616,2021-12-06 22:29:00,P0376,4,Mastercard,5108755308760775,F,10.3,1,11.49,11.49,10.3,1.1899999999999995
2617,2021-12-06 23:54:00,P0256,6,Visa,4041593001936,F,2.08,1,2.69,2.69,2.08,0.6099999999999999
2618,2021-12-07 00:27:00,P0177,5,Americanexpress,374283602236796,F,7.63,5,8.29,41.449999999999996,38.15,3.299999999999997
2619,2021-12-07 00:46:00,P0164,2,Americanexpress,374288691473879,F,18.98,2,20.99,41.98,37.96,4.019999999999996
2620,2021-12-07 00:58:00,P0452,6,Mastercard,5048375620456243,F,8.33,4,9.29,37.16,33.32,3.8399999999999963
2621,2021-12-07 03:31:00,P0333,5,Americanexpress,374288242694833,F,16.61,2,18.09,36.18,33.22,2.960000000000001
2622,2021-12-07 03:59:00,P0250,7,Visa,4041592930284905,F,16.08,2,17.89,35.78,32.16,3.6200000000000045
2623,2021-12-07 04:39:00,P0375,5,Visa,4041592856421,F,15.75,2,17.59,35.18,31.5,3.6799999999999997
2624,2021-12-07 06:26:00,P0600,3,Unknown,201445266618606,F,7.38,2,8.29,16.58,14.76,1.8199999999999985
2625,2021-12-07 07:54:00,P0115,10,Visa,4041591813439529,F,5.84,5,7.09,35.45,29.2,6.2500000000000036
2626,2021-12-07 09:09:00,P0135,6,Unknown,4844218839728284,F,2.03,2,2.59,5.18,4.06,1.12
2627,2021-12-07 09:16:00,P0297,10,Americanexpress,374283691334742,F,17.82,1,19.29,19.29,17.82,1.4699999999999989
2628,2021-12-07 09:55:00,P0453,8,Visa,4041593374858204,F,12.82,1,14.49,14.49,12.82,1.67
2629,2021-12-07 10:15:00,P0439,5,Mastercard,5108753141464721,F,18.12,2,19.79,39.58,36.24,3.3399999999999963
2630,2021-12-07 10:22:00,P0318,9,Mastercard,5048373396177929,F,6.76,1,7.99,7.99,6.76,1.2300000000000004
2631,2021-12-07 11:57:00,P0369,5,Americanexpress,374283378112262,F,8.08,1,8.79,8.79,8.08,0.7099999999999991
2632,2021-12-07 12:14:00,P0704,7,Mastercard,5108758483318070,F,13.67,1,14.89,14.89,13.67,1.2200000000000006
2633,2021-12-07 15:33:00,P0673,7,Visa,4041597316292851,F,1.5,1,1.69,1.69,1.5,0.18999999999999995
2634,2021-12-07 17:23:00,P0656,5,Mastercard,5108757503054822,F,12.94,5,14.59,72.95,64.7,8.25
2635,2021-12-07 23:08:00,P0331,8,Visa,4041597609238470,F,15.79,2,17.59,35.18,31.58,3.6000000000000014
2636,2021-12-08 00:04:00,P0154,8,Americanexpress,374288857978968,F,6.06,2,7.39,14.78,12.12,2.66
2637,2021-12-08 01:59:00,P0422,6,Americanexpress,374288006269988,F,4.3,3,4.99,14.97,12.899999999999999,2.070000000000002
2638,2021-12-08 04:25:00,P0395,5,Visa,4041597517544712,F,2.55,1,3.59,3.59,2.55,1.04
2639,2021-12-08 06:25:00,P0382,4,Visa,4041597880832900,F,14.22,2,15.09,30.18,28.44,1.7399999999999984
2640,2021-12-08 06:45:00,P0592,4,Americanexpress,374283775571763,F,7.44,4,8.29,33.16,29.76,3.399999999999995
2641,2021-12-08 07:28:00,P0540,7,Visa,4041597643733,F,18.72,4,20.69,82.76,74.88,7.88000000000001
2642,2021-12-08 07:59:00,P0549,5,Americanexpress,374283265436840,F,16.85,5,18.19,90.95,84.25,6.700000000000003
2643,2021-12-08 12:17:00,P0043,9,Unknown,6304038871996013,F,18.52,3,20.39,61.17,55.56,5.609999999999999
2644,2021-12-08 14:00:00,P0396,4,Americanexpress,374283070637426,F,4.18,1,4.89,4.89,4.18,0.71
2645,2021-12-08 14:07:00,P0528,4,Mastercard,5048374141473456,F,0.62,3,1.49,4.47,1.8599999999999999,2.61
2646,2021-12-08 16:05:00,P0137,7,Visa,4041593861909,F,1.91,5,2.39,11.950000000000001,9.549999999999999,2.400000000000002
2647,2021-12-08 18:13:00,P0344,6,Mastercard,5108757984641345,F,9.86,1,11.29,11.29,9.86,1.4299999999999997
2648,2021-12-08 19:45:00,P0510,6,Americanexpress,374283718807969,T,9.35,1,10.89,10.89,9.35,1.540000000000001
2649,2021-12-09 03:41:00,P0324,6,Mastercard,5108754873392403,F,4.58,2,4.99,9.98,9.16,0.8200000000000003
2650,2021-12-09 05:32:00,P0208,4,Mastercard,5048374573614791,F,4.0,1,4.89,4.89,4.0,0.8899999999999997
2651,2021-12-09 05:35:00,P0423,3,Mastercard,5048371407065901,F,14.04,2,14.89,29.78,28.08,1.7000000000000028
2652,2021-12-09 06:26:00,P0658,2,Visa,4041594513462635,F,2.92,2,4.09,8.18,5.84,2.34
2653,2021-12-09 06:50:00,P0340,6,Mastercard,5048375823495451,T,19.56,1,21.29,21.29,19.56,1.7300000000000004
2654,2021-12-09 13:21:00,P0215,3,Americanexpress,374288327871728,F,0.81,2,1.59,3.18,1.62,1.56
2655,2021-12-09 14:06:00,P0064,5,Mastercard,5048375358799020,F,0.98,3,1.59,4.7700000000000005,2.94,1.8300000000000005
2656,2021-12-09 20:00:00,P0276,3,Mastercard,5048374587560386,F,18.02,4,19.69,78.76,72.08,6.680000000000007
2657,2021-12-09 20:17:00,P0705,7,Americanexpress,374288232089416,F,16.57,4,18.09,72.36,66.28,6.079999999999998
2658,2021-12-09 21:37:00,P0364,6,Visa,4041595595946734,F,15.78,3,17.59,52.769999999999996,47.339999999999996,5.43
2659,2021-12-09 22:44:00,P0441,8,Visa,4041599112968,F,1.98,1,2.49,2.49,1.98,0.5100000000000002
2660,2021-12-09 23:35:00,P0486,8,Visa,4041597481530,F,6.52,3,7.89,23.669999999999998,19.56,4.109999999999999
2661,2021-12-10 01:59:00,P0457,6,Americanexpress,374288736221101,T,2.02,3,2.59,7.77,6.0600000000000005,1.709999999999999
2662,2021-12-10 03:25:00,P0049,3,Visa,4041594266465769,T,19.78,3,21.39,64.17,59.34,4.829999999999998
2663,2021-12-10 06:33:00,P0265,2,Visa,4041594086159,F,19.23,1,21.19,21.19,19.23,1.9600000000000009
2664,2021-12-10 07:14:00,P0242,6,Americanexpress,374283649365368,F,1.6,2,1.79,3.58,3.2,0.3799999999999999
2665,2021-12-10 08:12:00,P0541,5,Visa,4041598773079872,F,2.8,3,3.89,11.67,8.399999999999999,3.2700000000000014
2666,2021-12-10 11:02:00,P0164,6,Mastercard,5108758099148481,F,18.98,5,20.99,104.94999999999999,94.9,10.049999999999983
2667,2021-12-10 13:26:00,P0642,7,Mastercard,5108750370832479,F,5.45,1,6.39,6.39,5.45,0.9399999999999995
2668,2021-12-10 14:15:00,P0741,8,Americanexpress,374283741919740,F,8.06,2,8.69,17.38,16.12,1.259999999999998
2669,2021-12-10 14:56:00,P0346,7,Americanexpress,374288385984793,F,12.21,3,13.79,41.37,36.63,4.739999999999995
2670,2021-12-10 16:49:00,P0171,5,Americanexpress,374288396742404,F,5.57,2,6.69,13.38,11.14,2.24
2671,2021-12-10 17:53:00,P0278,7,Americanexpress,374288533538111,F,13.24,1,14.69,14.69,13.24,1.4499999999999993
2672,2021-12-10 18:17:00,P0543,10,Visa,4041590114559,F,17.45,1,18.49,18.49,17.45,1.0399999999999991
2673,2021-12-10 20:14:00,P0533,5,Americanexpress,374283259373850,F,1.5,1,1.69,1.69,1.5,0.18999999999999995
2674,2021-12-10 20:45:00,P0261,5,Americanexpress,374288178341375,F,2.43,1,3.39,3.39,2.43,0.96
2675,2021-12-10 22:16:00,P0548,7,Mastercard,5108754750792907,F,12.25,2,13.89,27.78,24.5,3.280000000000001
2676,2021-12-10 22:53:00,P0372,6,Americanexpress,374288961520946,F,5.75,5,6.89,34.449999999999996,28.75,5.699999999999996
2677,2021-12-10 23:31:00,P0529,5,Mastercard,5048375879138377,T,17.59,2,18.79,37.58,35.18,2.3999999999999986
2678,2021-12-10 23:58:00,P0382,7,Visa,4041590635686,F,14.22,2,15.09,30.18,28.44,1.7399999999999984
2679,2021-12-11 00:26:00,P0218,6,Visa,4041599691521920,F,8.4,2,9.39,18.78,16.8,1.9800000000000004
2680,2021-12-11 05:47:00,P0514,4,Visa,4041590806418722,T,18.98,1,20.99,20.99,18.98,2.009999999999998
2681,2021-12-11 06:57:00,P0463,4,Mastercard,5048374973056148,F,12.96,3,14.59,43.769999999999996,38.88,4.8899999999999935
2682,2021-12-11 09:47:00,P0361,8,Americanexpress,374288167557478,F,8.85,3,10.19,30.57,26.549999999999997,4.020000000000003
2683,2021-12-11 11:06:00,P0200,7,Americanexpress,374283847720034,F,19.29,2,21.19,42.38,38.58,3.8000000000000043
2684,2021-12-11 19:50:00,P0513,3,Unknown,372301382541813,F,0.97,1,1.59,1.59,0.97,0.6200000000000001
2685,2021-12-11 20:59:00,P0140,6,Americanexpress,374283706971090,F,1.11,1,1.69,1.69,1.11,0.5799999999999998
2686,2021-12-11 21:59:00,P0679,7,Mastercard,5108754656332568,F,10.51,1,11.59,11.59,10.51,1.08
2687,2021-12-12 00:45:00,P0623,6,Mastercard,5108759995801330,F,16.64,1,18.09,18.09,16.64,1.4499999999999993
2688,2021-12-12 05:05:00,P0469,6,Visa,4041599006641207,F,0.92,3,1.59,4.7700000000000005,2.7600000000000002,2.0100000000000002
2689,2021-12-12 05:15:00,P0358,4,Americanexpress,374283485846802,F,8.86,2,10.19,20.38,17.72,2.66
2690,2021-12-12 06:53:00,P0222,8,Americanexpress,374283872210570,F,16.56,2,18.09,36.18,33.12,3.0600000000000023
2691,2021-12-12 12:35:00,P0568,7,Mastercard,5048379041506073,F,13.26,2,14.69,29.38,26.52,2.8599999999999994
2692,2021-12-12 12:36:00,P0478,6,Visa,4041591493817218,T,18.67,1,20.59,20.59,18.67,1.9199999999999982
2693,2021-12-12 13:50:00,P0112,7,Visa,4041593455381803,F,17.89,4,19.39,77.56,71.56,6.0
2694,2021-12-12 15:04:00,P0478,7,Visa,4041599997798,F,18.67,1,20.59,20.59,18.67,1.9199999999999982
2695,2021-12-12 16:54:00,P0293,6,Visa,4041598868982,F,18.19,3,19.89,59.67,54.57000000000001,5.099999999999994
2696,2021-12-12 17:59:00,P0440,2,Mastercard,5108752853439699,T,8.88,3,10.19,30.57,26.64,3.9299999999999997
2697,2021-12-12 23:07:00,P0279,1,Mastercard,5048376494801811,T,1.49,3,1.69,5.07,4.47,0.6000000000000005
2698,2021-12-13 01:34:00,P0595,3,Visa,4041593900939,F,17.58,1,18.79,18.79,17.58,1.2100000000000009
2699,2021-12-13 01:45:00,P0276,7,Mastercard,5048377136290694,F,18.02,1,19.69,19.69,18.02,1.6700000000000017
2700,2021-12-13 07:21:00,P0521,6,Visa,4041593276982730,F,16.37,2,17.99,35.98,32.74,3.239999999999995
2701,2021-12-13 11:34:00,P0511,7,Visa,4041590989240,F,7.06,4,8.19,32.76,28.24,4.52
2702,2021-12-13 11:50:00,P0331,6,Americanexpress,374288351706782,F,15.79,2,17.59,35.18,31.58,3.6000000000000014
2703,2021-12-13 12:01:00,P0658,11,Mastercard,5108758104448082,F,2.92,3,4.09,12.27,8.76,3.51
2704,2021-12-13 12:56:00,P0362,4,Mastercard,5048371261154726,F,3.73,5,4.79,23.95,18.65,5.300000000000001
2705,2021-12-13 16:24:00,P0178,5,Mastercard,5048372565577877,F,15.78,1,17.59,17.59,15.78,1.8100000000000005
2706,2021-12-13 16:43:00,P0521,7,Mastercard,5108753793945670,F,16.37,1,17.99,17.99,16.37,1.6199999999999974
2707,2021-12-13 17:39:00,P0505,3,Mastercard,5048372286455700,F,3.97,1,4.89,4.89,3.97,0.9199999999999995
2708,2021-12-13 22:29:00,P0328,5,Americanexpress,374283274887066,F,3.18,1,4.39,4.39,3.18,1.2099999999999995
2709,2021-12-13 23:25:00,P0432,5,Unknown,3556369223574519,F,17.36,4,18.39,73.56,69.44,4.1200000000000045
2710,2021-12-14 00:34:00,P0384,6,Mastercard,5048371806770887,F,4.83,1,5.19,5.19,4.83,0.3600000000000003
2711,2021-12-14 02:07:00,P0381,5,Visa,4041593828841,F,5.05,2,5.69,11.38,10.1,1.2800000000000011
2712,2021-12-14 04:34:00,P0259,9,Americanexpress,374288434079033,F,5.21,1,5.99,5.99,5.21,0.7800000000000002
2713,2021-12-14 05:50:00,P0176,6,Mastercard,5108755935250380,F,14.46,1,15.59,15.59,14.46,1.129999999999999
2714,2021-12-14 07:58:00,P0478,5,Americanexpress,374288739432275,F,18.67,3,20.59,61.769999999999996,56.010000000000005,5.759999999999991
2715,2021-12-14 10:32:00,P0352,7,Mastercard,5048371071131914,T,2.04,1,2.59,2.59,2.04,0.5499999999999998
2716,2021-12-14 10:39:00,P0055,3,Visa,4041596054775,F,4.06,3,4.89,14.669999999999998,12.18,2.4899999999999984
2717,2021-12-14 12:06:00,P0096,7,Visa,4041593056192567,F,15.64,2,17.49,34.98,31.28,3.6999999999999957
2718,2021-12-14 16:56:00,P0318,5,Mastercard,5048377449298871,F,6.76,2,7.99,15.98,13.52,2.460000000000001
2719,2021-12-14 19:06:00,P0403,4,Americanexpress,374283341708063,F,18.82,3,20.79,62.37,56.46,5.909999999999997
2720,2021-12-14 20:26:00,P0739,6,Visa,4041599187945,F,10.65,1,11.59,11.59,10.65,0.9399999999999995
2721,2021-12-14 20:54:00,P0290,7,Visa,4041597704287,F,18.11,2,19.79,39.58,36.22,3.3599999999999994
2722,2021-12-14 21:12:00,P0390,11,Americanexpress,374283964052054,F,14.31,2,15.19,30.38,28.62,1.759999999999998
2723,2021-12-14 21:33:00,P0399,9,Visa,4041595941527,F,9.83,3,11.29,33.87,29.490000000000002,4.3799999999999955
2724,2021-12-14 23:52:00,P0127,7,Mastercard,5048379526167508,F,13.91,1,14.89,14.89,13.91,0.9800000000000004
2725,2021-12-15 01:28:00,P0446,9,Visa,4041599014982,F,16.57,1,18.09,18.09,16.57,1.5199999999999996
2726,2021-12-15 02:16:00,P0103,3,Mastercard,5048376852141230,F,10.61,4,11.59,46.36,42.44,3.9200000000000017
2727,2021-12-15 07:40:00,P0426,2,Visa,4041590092417057,F,16.0,1,17.79,17.79,16.0,1.7899999999999991
2728,2021-12-15 07:49:00,P0118,6,Visa,4041590604223225,F,2.82,2,3.99,7.98,5.64,2.3400000000000007
2729,2021-12-15 07:52:00,P0336,6,Mastercard,5108751080912288,F,8.17,1,8.89,8.89,8.17,0.7200000000000006
2730,2021-12-15 09:01:00,P0166,2,Visa,4041599381313851,F,10.88,1,11.59,11.59,10.88,0.7099999999999991
2731,2021-12-15 15:58:00,P0575,9,Visa,4041593143620661,T,2.81,3,3.99,11.97,8.43,3.540000000000001
2732,2021-12-15 16:11:00,P0563,8,Mastercard,5048376938543649,F,9.86,4,11.29,45.16,39.44,5.719999999999999
2733,2021-12-15 17:33:00,P0541,5,Visa,4041594127485394,T,2.8,3,3.89,11.67,8.399999999999999,3.2700000000000014
2734,2021-12-15 17:40:00,P0293,6,Americanexpress,374288025733170,F,18.19,2,19.89,39.78,36.38,3.3999999999999986
2735,2021-12-15 20:26:00,P0000,3,Visa,4041599338626603,F,19.02,1,20.99,20.99,19.02,1.9699999999999989
2736,2021-12-15 20:48:00,P0079,8,Americanexpress,374288182296292,F,0.09,3,1.09,3.2700000000000005,0.27,3.0000000000000004
2737,2021-12-15 22:40:00,P0565,4,Visa,4041596217368620,T,16.25,4,17.99,71.96,65.0,6.959999999999994
2738,2021-12-16 00:09:00,P0328,3,Visa,4041591498043,F,3.18,2,4.39,8.78,6.36,2.419999999999999
2739,2021-12-16 00:58:00,P0728,5,Visa,4041591607729739,F,12.25,1,13.89,13.89,12.25,1.6400000000000006
2740,2021-12-16 04:57:00,P0360,6,Americanexpress,374288392540554,T,5.54,5,6.59,32.95,27.7,5.2500000000000036
2741,2021-12-16 05:10:00,P0211,5,Americanexpress,374283834710329,F,17.54,2,18.69,37.38,35.08,2.3000000000000043
2742,2021-12-16 10:57:00,P0394,8,Americanexpress,374288063745391,F,8.44,2,9.49,18.98,16.88,2.1000000000000014
2743,2021-12-16 11:26:00,P0435,5,Visa,4041597703185023,F,7.88,2,8.39,16.78,15.76,1.0200000000000014
2744,2021-12-16 12:47:00,P0347,10,Mastercard,5048375856972350,F,5.37,2,6.29,12.58,10.74,1.8399999999999999
2745,2021-12-16 14:32:00,P0510,10,Americanexpress,374283639807940,F,9.35,2,10.89,21.78,18.7,3.080000000000002
2746,2021-12-16 15:08:00,P0467,5,Visa,4041592230429,F,4.66,1,4.99,4.99,4.66,0.33000000000000007
2747,2021-12-16 16:09:00,P0297,4,Americanexpress,374288515275245,F,17.82,2,19.29,38.58,35.64,2.9399999999999977
2748,2021-12-16 18:12:00,P0468,6,Americanexpress,374288906465561,F,13.48,2,14.79,29.58,26.96,2.6199999999999974
2749,2021-12-16 20:23:00,P0295,8,Visa,4041592653760,F,1.43,2,1.69,3.38,2.86,0.52
2750,2021-12-16 21:10:00,P0029,4,Americanexpress,374283138479654,F,5.05,2,5.69,11.38,10.1,1.2800000000000011
2751,2021-12-17 00:50:00,P0407,7,Mastercard,5048376360676131,F,12.35,3,13.99,41.97,37.05,4.920000000000002
2752,2021-12-17 00:59:00,P0435,10,Americanexpress,374288911635836,T,7.88,1,8.39,8.39,7.88,0.5100000000000007
2753,2021-12-17 02:01:00,P0519,6,Americanexpress,374283262627045,F,12.45,2,14.09,28.18,24.9,3.280000000000001
2754,2021-12-17 02:50:00,P0567,7,Americanexpress,374288287725815,F,1.46,2,1.69,3.38,2.92,0.45999999999999996
2755,2021-12-17 06:26:00,P0719,7,Mastercard,5108750189333768,F,5.75,4,6.89,27.56,23.0,4.559999999999999
2756,2021-12-17 06:44:00,P0463,6,Americanexpress,374283273270603,F,12.96,1,14.59,14.59,12.96,1.629999999999999
2757,2021-12-17 08:05:00,P0463,5,Visa,4041596391954591,F,12.96,4,14.59,58.36,51.84,6.519999999999996
2758,2021-12-17 09:51:00,P0374,8,Visa,4041594771224941,F,6.65,2,7.99,15.98,13.3,2.6799999999999997
2759,2021-12-17 14:06:00,P0602,6,Visa,4041591070842,F,15.81,1,17.59,17.59,15.81,1.7799999999999994
2760,2021-12-17 15:56:00,P0397,8,Mastercard,5108752506245501,F,13.67,3,14.89,44.67,41.01,3.6600000000000037
2761,2021-12-17 17:35:00,P0356,5,Visa,4041598866838,T,2.39,5,3.29,16.45,11.950000000000001,4.499999999999998
2762,2021-12-17 18:52:00,P0389,5,Mastercard,5108751783539073,T,5.95,1,7.19,7.19,5.95,1.2400000000000002
2763,2021-12-18 00:34:00,P0327,6,Mastercard,5108753035312622,T,7.13,1,8.19,8.19,7.13,1.0599999999999996
2764,2021-12-18 02:02:00,P0324,6,Mastercard,5108759976495813,F,4.58,4,4.99,19.96,18.32,1.6400000000000006
2765,2021-12-18 02:35:00,P0441,3,Americanexpress,374288704300424,F,1.98,2,2.49,4.98,3.96,1.0200000000000005
2766,2021-12-18 06:16:00,P0483,7,Americanexpress,374283679650788,F,17.52,5,18.69,93.45,87.6,5.8500000000000085
2767,2021-12-18 10:51:00,P0339,7,Mastercard,5048379027985036,F,19.62,1,21.39,21.39,19.62,1.7699999999999996
2768,2021-12-18 13:21:00,P0192,7,Visa,4041593156856152,F,6.58,1,7.89,7.89,6.58,1.3099999999999996
2769,2021-12-18 15:12:00,P0581,5,Mastercard,5108758866838876,F,0.51,2,1.49,2.98,1.02,1.96
2770,2021-12-18 18:48:00,P0250,4,Visa,4041593493884552,F,16.08,1,17.89,17.89,16.08,1.8100000000000023
2771,2021-12-18 20:29:00,P0298,8,Mastercard,5108757880996074,T,5.0,6,5.59,33.54,30.0,3.539999999999999
2772,2021-12-18 22:36:00,P0256,3,Americanexpress,374288262568180,F,2.08,3,2.69,8.07,6.24,1.83
2773,2021-12-18 23:58:00,P0598,7,Americanexpress,374288249601237,T,11.99,5,13.49,67.45,59.95,7.5
2774,2021-12-19 00:37:00,P0645,5,Mastercard,5048376631842108,F,8.65,1,9.79,9.79,8.65,1.1399999999999988
2775,2021-12-19 02:21:00,P0171,7,Mastercard,5048374340835653,T,5.57,1,6.69,6.69,5.57,1.12
2776,2021-12-19 03:35:00,P0282,6,Americanexpress,374283205018013,F,10.86,2,11.59,23.18,21.72,1.4600000000000009
2777,2021-12-19 03:39:00,P0395,7,Americanexpress,374288072629263,F,2.55,2,3.59,7.18,5.1,2.08
2778,2021-12-19 04:13:00,P0347,5,Americanexpress,374288683092653,T,5.37,2,6.29,12.58,10.74,1.8399999999999999
2779,2021-12-19 05:38:00,P0111,5,Americanexpress,374283009023805,F,11.74,2,13.09,26.18,23.48,2.6999999999999993
2780,2021-12-19 06:20:00,P0366,4,Visa,4041598449279476,F,13.27,1,14.69,14.69,13.27,1.42
2781,2021-12-19 08:48:00,P0376,6,Americanexpress,374283315463257,F,10.3,4,11.49,45.96,41.2,4.759999999999998
2782,2021-12-19 10:36:00,P0545,7,Unknown,30520056069082,F,6.62,2,7.89,15.78,13.24,2.539999999999999
2783,2021-12-19 11:11:00,P0339,8,Mastercard,5108752772432619,F,19.62,1,21.39,21.39,19.62,1.7699999999999996
2784,2021-12-19 12:04:00,P0395,7,Americanexpress,374283398479097,F,2.55,2,3.59,7.18,5.1,2.08
2785,2021-12-19 13:46:00,P0400,7,Mastercard,5048375565090494,T,6.39,2,7.69,15.38,12.78,2.6000000000000014
2786,2021-12-19 21:21:00,P0510,8,Mastercard,5048370633881776,T,9.35,1,10.89,10.89,9.35,1.540000000000001
2787,2021-12-20 02:23:00,P0371,7,Mastercard,5048377615539207,F,5.38,4,6.29,25.16,21.52,3.6400000000000006
2788,2021-12-20 03:03:00,P0314,4,Americanexpress,374288100530954,F,14.84,1,16.29,16.29,14.84,1.4499999999999993
2789,2021-12-20 03:25:00,P0550,8,Americanexpress,374288937509015,F,15.35,2,17.09,34.18,30.7,3.4800000000000004
2790,2021-12-20 06:36:00,P0358,6,Americanexpress,374283847888096,F,8.86,1,10.19,10.19,8.86,1.33
2791,2021-12-20 06:37:00,P0503,3,Americanexpress,374283876756420,F,12.07,1,13.59,13.59,12.07,1.5199999999999996
2792,2021-12-20 07:22:00,P0383,4,Mastercard,5108752888816408,F,12.53,1,14.19,14.19,12.53,1.6600000000000001
2793,2021-12-20 09:32:00,P0469,9,Americanexpress,374283361673023,F,0.92,5,1.59,7.95,4.6000000000000005,3.3499999999999996
2794,2021-12-20 10:55:00,P0490,4,Americanexpress,374283096125513,F,5.54,4,6.59,26.36,22.16,4.199999999999999
2795,2021-12-20 11:27:00,P0027,3,Mastercard,5108759291432046,F,12.28,1,13.89,13.89,12.28,1.6100000000000012
2796,2021-12-20 22:28:00,P0219,7,Visa,4041590260923,F,13.98,4,14.89,59.56,55.92,3.6400000000000006
2797,2021-12-21 00:19:00,P0459,4,Visa,4041595800020,F,8.82,1,10.09,10.09,8.82,1.2699999999999996
2798,2021-12-21 00:57:00,P0583,5,Americanexpress,374288593317224,F,12.32,5,13.99,69.95,61.6,8.350000000000001
2799,2021-12-21 03:55:00,P0343,5,Visa,4041598120582,F,3.66,1,4.79,4.79,3.66,1.13
2800,2021-12-21 03:56:00,P0534,5,Mastercard,5048378225678484,F,7.63,2,8.29,16.58,15.26,1.3199999999999985
2801,2021-12-21 05:06:00,P0033,6,Americanexpress,374288408102274,F,14.84,2,16.29,32.58,29.68,2.8999999999999986
2802,2021-12-21 05:30:00,P0251,5,Visa,4041594793997482,F,2.11,2,2.79,5.58,4.22,1.3600000000000003
2803,2021-12-21 06:21:00,P0383,5,Mastercard,5108750376936951,F,12.53,1,14.19,14.19,12.53,1.6600000000000001
2804,2021-12-21 08:35:00,P0319,0,Unknown,6759406474978095091,F,3.51,1,4.69,4.69,3.51,1.1800000000000006
2805,2021-12-21 08:44:00,P0681,8,Mastercard,5108750211200720,F,5.26,2,6.09,12.18,10.52,1.6600000000000001
2806,2021-12-21 09:16:00,P0252,8,Visa,4041597201573,F,3.86,3,4.89,14.669999999999998,11.58,3.089999999999998
2807,2021-12-21 11:13:00,P0646,5,Americanexpress,374283619072705,F,17.92,4,19.49,77.96,71.68,6.279999999999987
2808,2021-12-21 11:14:00,P0112,7,Visa,4041597678200,F,17.89,1,19.39,19.39,17.89,1.5
2809,2021-12-21 11:36:00,P0679,3,Americanexpress,374288820155207,F,10.51,2,11.59,23.18,21.02,2.16
2810,2021-12-21 16:32:00,P0299,6,Visa,4041595131319,T,13.5,3,14.79,44.37,40.5,3.8699999999999974
2811,2021-12-21 16:42:00,P0086,5,Americanexpress,374283536173354,T,1.77,1,2.09,2.09,1.77,0.31999999999999984
2812,2021-12-21 18:56:00,P0441,8,Visa,4041597977032,F,1.98,1,2.49,2.49,1.98,0.5100000000000002
2813,2021-12-21 20:05:00,P0385,6,Americanexpress,374288278834543,T,13.22,1,14.69,14.69,13.22,1.4699999999999989
2814,2021-12-21 21:40:00,P0399,6,Visa,4041599334869,F,9.83,4,11.29,45.16,39.32,5.839999999999996
2815,2021-12-21 22:03:00,P0436,6,Unknown,3578735089932088,T,5.89,1,7.19,7.19,5.89,1.3000000000000007
2816,2021-12-21 22:23:00,P0375,2,Americanexpress,374283944646538,T,15.75,3,17.59,52.769999999999996,47.25,5.519999999999996
2817,2021-12-21 22:47:00,P0321,7,Visa,4041597027892726,T,17.35,2,18.29,36.58,34.7,1.8799999999999955
2818,2021-12-22 03:19:00,P0295,6,Mastercard,5108757221269124,F,1.43,1,1.69,1.69,1.43,0.26
2819,2021-12-22 06:21:00,P0534,8,Mastercard,5048376918118156,F,7.63,2,8.29,16.58,15.26,1.3199999999999985
2820,2021-12-22 08:16:00,P0518,5,Visa,4041598123234060,F,16.41,1,17.99,17.99,16.41,1.5799999999999983
2821,2021-12-22 09:32:00,P0186,6,Unknown,3537855993155574,F,11.46,1,12.49,12.49,11.46,1.0299999999999994
2822,2021-12-22 12:29:00,P0437,4,Visa,4041598199636,F,0.1,1,1.19,1.19,0.1,1.0899999999999999
2823,2021-12-22 12:36:00,P0568,5,Mastercard,5048377793679478,T,13.26,2,14.69,29.38,26.52,2.8599999999999994
2824,2021-12-22 12:52:00,P0455,6,Americanexpress,374288365984391,F,1.63,1,1.79,1.79,1.63,0.16000000000000014
2825,2021-12-22 12:55:00,P0512,7,Visa,4041594875012069,F,15.55,2,17.39,34.78,31.1,3.6799999999999997
2826,2021-12-22 14:36:00,P0339,3,Mastercard,5048375651753450,F,19.62,1,21.39,21.39,19.62,1.7699999999999996
2827,2021-12-22 18:46:00,P0161,5,Mastercard,5048377595031746,F,19.42,1,21.29,21.29,19.42,1.8699999999999974
2828,2021-12-22 22:26:00,P0346,9,Mastercard,5048373327145649,F,12.21,5,13.79,68.94999999999999,61.050000000000004,7.899999999999984
2829,2021-12-23 05:23:00,P0693,4,Mastercard,5048372965597210,F,15.07,1,16.69,16.69,15.07,1.620000000000001
2830,2021-12-23 05:42:00,P0327,9,Visa,4041593424305032,F,7.13,2,8.19,16.38,14.26,2.119999999999999
2831,2021-12-23 07:13:00,P0678,4,Unknown,30144173126871,F,7.6,2,8.29,16.58,15.2,1.379999999999999
2832,2021-12-23 12:08:00,P0222,7,Visa,4041591039383,F,16.56,1,18.09,18.09,16.56,1.5300000000000011
2833,2021-12-23 15:39:00,P0390,6,Mastercard,5108754485042016,F,14.31,1,15.19,15.19,14.31,0.879999999999999
2834,2021-12-23 17:12:00,P0188,7,Mastercard,5108755255041674,F,6.75,1,7.99,7.99,6.75,1.2400000000000002
2835,2021-12-23 18:47:00,P0703,10,Americanexpress,374288333507068,F,17.42,2,18.49,36.98,34.84,2.1399999999999935
2836,2021-12-23 19:05:00,P0486,5,Mastercard,5048379425916211,F,6.52,4,7.89,31.56,26.08,5.48
2837,2021-12-23 19:26:00,P0375,7,Mastercard,5108756148592501,F,15.75,1,17.59,17.59,15.75,1.8399999999999999
2838,2021-12-23 20:14:00,P0643,9,Americanexpress,374288652130948,F,17.61,1,18.89,18.89,17.61,1.2800000000000011
2839,2021-12-23 21:56:00,P0386,5,Americanexpress,374288540712717,T,19.79,1,21.39,21.39,19.79,1.6000000000000014
2840,2021-12-23 23:22:00,P0516,8,Americanexpress,374283821513942,F,6.12,3,7.49,22.47,18.36,4.109999999999999
2841,2021-12-24 01:12:00,P0326,5,Mastercard,5048373635298171,F,12.66,3,14.29,42.87,37.980000000000004,4.8899999999999935
2842,2021-12-24 03:30:00,P0521,5,Visa,4041599338795,F,16.37,3,17.99,53.97,49.11,4.859999999999999
2843,2021-12-24 06:52:00,P0200,3,Visa,4041594019353916,F,19.29,3,21.19,63.57000000000001,57.87,5.70000000000001
2844,2021-12-24 07:07:00,P0265,2,Americanexpress,374283506665389,F,19.23,1,21.19,21.19,19.23,1.9600000000000009
2845,2021-12-24 11:08:00,P0521,4,Mastercard,5108757526570366,F,16.37,2,17.99,35.98,32.74,3.239999999999995
2846,2021-12-24 11:18:00,P0064,5,Mastercard,5108754839044817,T,0.98,1,1.59,1.59,0.98,0.6100000000000001
2847,2021-12-24 12:22:00,P0430,9,Visa,4041590510852596,F,17.67,1,18.99,18.99,17.67,1.3199999999999967
2848,2021-12-24 14:49:00,P0344,7,Unknown,67635448866074068,F,9.86,1,11.29,11.29,9.86,1.4299999999999997
2849,2021-12-24 17:14:00,P0108,8,Americanexpress,374288992569185,T,16.62,1,18.09,18.09,16.62,1.4699999999999989
2850,2021-12-24 17:44:00,P0390,6,Americanexpress,374283661729939,F,14.31,1,15.19,15.19,14.31,0.879999999999999
2851,2021-12-24 17:53:00,P0335,5,Visa,4041594551777910,F,17.17,3,18.19,54.57000000000001,51.510000000000005,3.0600000000000023
2852,2021-12-24 19:10:00,P0625,6,Mastercard,5048375324320646,F,5.15,1,5.89,5.89,5.15,0.7399999999999993
2853,2021-12-24 20:21:00,P0553,7,Mastercard,5108756351870529,F,6.79,1,7.99,7.99,6.79,1.2000000000000002
2854,2021-12-24 20:56:00,P0386,7,Americanexpress,374283312411697,F,19.79,2,21.39,42.78,39.58,3.200000000000003
2855,2021-12-24 21:39:00,P0092,5,Mastercard,5048378515100413,F,3.11,4,4.29,17.16,12.44,4.720000000000001
2856,2021-12-24 23:10:00,P0339,4,Visa,4041594332504,F,19.62,1,21.39,21.39,19.62,1.7699999999999996
2857,2021-12-25 00:51:00,P0527,3,Americanexpress,374288323963248,F,16.63,2,18.09,36.18,33.26,2.9200000000000017
2858,2021-12-25 02:08:00,P0235,7,Americanexpress,374288854178414,F,11.99,3,13.49,40.47,35.97,4.5
2859,2021-12-25 04:13:00,P0452,8,Visa,4041599410335875,F,8.33,1,9.29,9.29,8.33,0.9599999999999991
2861,2021-12-25 07:44:00,P0657,9,Americanexpress,374283281765529,F,16.73,1,18.09,18.09,16.73,1.3599999999999994
2862,2021-12-25 14:42:00,P0708,12,Mastercard,5108755065977331,F,17.79,3,19.19,57.57000000000001,53.37,4.20000000000001
2863,2021-12-25 14:59:00,P0313,5,Mastercard,5108751672466123,F,8.53,3,9.59,28.77,25.589999999999996,3.1800000000000033
2864,2021-12-25 15:27:00,P0190,5,Americanexpress,374283362446395,F,18.93,1,20.89,20.89,18.93,1.9600000000000009
2865,2021-12-25 15:37:00,P0738,5,Visa,4041592910822,F,15.42,3,17.19,51.57000000000001,46.26,5.310000000000009
2866,2021-12-25 16:49:00,P0162,7,Visa,4041591869805,F,18.21,1,19.99,19.99,18.21,1.7799999999999976
2867,2021-12-25 18:08:00,P0178,7,Americanexpress,374283047296009,T,15.78,2,17.59,35.18,31.56,3.620000000000001
2868,2021-12-25 21:01:00,P0433,5,Visa,4041593751895969,F,9.33,1,10.79,10.79,9.33,1.459999999999999
2869,2021-12-25 21:16:00,P0487,6,Visa,4041596901405,F,11.44,1,12.49,12.49,11.44,1.0500000000000007
2870,2021-12-25 22:10:00,P0337,7,Americanexpress,374288067254390,T,19.24,1,21.19,21.19,19.24,1.9500000000000028
2871,2021-12-26 03:46:00,P0283,5,Americanexpress,374283156850794,F,1.68,1,1.89,1.89,1.68,0.20999999999999996
2872,2021-12-26 04:55:00,P0328,10,Mastercard,5048379749269560,F,3.18,1,4.39,4.39,3.18,1.2099999999999995
2873,2021-12-26 05:13:00,P0309,5,Mastercard,5108752560487239,F,18.17,1,19.89,19.89,18.17,1.7199999999999989
2874,2021-12-26 07:10:00,P0486,4,Americanexpress,374283384583704,F,6.52,4,7.89,31.56,26.08,5.48
2875,2021-12-26 08:39:00,P0129,9,Americanexpress,374283442755021,T,8.54,2,9.59,19.18,17.08,2.1000000000000014
2876,2021-12-26 11:01:00,P0680,6,Visa,4041591451460837,F,19.16,1,21.09,21.09,19.16,1.9299999999999997
2877,2021-12-26 12:39:00,P0357,3,Americanexpress,374288323139039,F,3.34,1,4.49,4.49,3.34,1.1500000000000004
2878,2021-12-26 13:31:00,P0348,4,Mastercard,5048370263712408,T,6.83,1,8.09,8.09,6.83,1.2599999999999998
2879,2021-12-26 15:13:00,P0321,6,Visa,4041598292134,F,17.35,1,18.29,18.29,17.35,0.9399999999999977
2880,2021-12-26 19:52:00,P0393,6,Mastercard,5108751043391265,F,10.94,1,11.59,11.59,10.94,0.6500000000000004
2881,2021-12-26 20:15:00,P0222,4,Mastercard,5048374244588184,F,16.56,2,18.09,36.18,33.12,3.0600000000000023
2882,2021-12-26 21:42:00,P0475,7,Americanexpress,374283379138423,F,8.08,3,8.79,26.369999999999997,24.240000000000002,2.1299999999999955
2883,2021-12-27 00:25:00,P0412,9,Mastercard,5108753579568688,F,16.11,4,17.89,71.56,64.44,7.1200000000000045
2884,2021-12-27 01:38:00,P0392,4,Visa,4041591837364,F,13.78,3,14.89,44.67,41.339999999999996,3.3300000000000054
2885,2021-12-27 01:40:00,P0197,8,Americanexpress,374288563343143,F,18.94,1,20.89,20.89,18.94,1.9499999999999993
2886,2021-12-27 02:39:00,P0334,8,Americanexpress,374288034482421,F,5.53,2,6.59,13.18,11.06,2.119999999999999
2887,2021-12-27 03:02:00,P0401,4,Mastercard,5048375954953450,F,16.69,1,18.09,18.09,16.69,1.3999999999999986
2888,2021-12-27 04:01:00,P0256,7,Visa,4041595091491839,T,2.08,1,2.69,2.69,2.08,0.6099999999999999
2889,2021-12-27 06:21:00,P0391,3,Unknown,3563201111624588,F,1.6,4,1.79,7.16,6.4,0.7599999999999998
2890,2021-12-27 07:03:00,P0461,7,Americanexpress,374283333246130,F,15.83,3,17.69,53.07000000000001,47.49,5.580000000000005
2891,2021-12-27 07:08:00,P0419,7,Visa,4041590265039,F,16.66,3,18.09,54.269999999999996,49.980000000000004,4.289999999999992
2892,2021-12-27 07:53:00,P0238,6,Visa,4041599648830770,F,6.0,2,7.29,14.58,12.0,2.58
2893,2021-12-27 10:23:00,P0411,5,Mastercard,5048377899480722,F,13.46,2,14.79,29.58,26.92,2.6599999999999966
2894,2021-12-27 11:48:00,P0571,4,Mastercard,5108756398584158,F,4.35,3,4.99,14.97,13.049999999999999,1.9200000000000017
2895,2021-12-27 12:43:00,P0301,3,Americanexpress,374288857922008,F,15.18,4,16.79,67.16,60.72,6.439999999999998
2896,2021-12-27 15:26:00,P0534,4,Mastercard,5108751198089326,F,7.63,1,8.29,8.29,7.63,0.6599999999999993
2897,2021-12-27 21:07:00,P0589,4,Mastercard,5048370628563470,F,12.01,1,13.49,13.49,12.01,1.4800000000000004
2898,2021-12-27 21:23:00,P0640,5,Americanexpress,374283792360760,F,9.92,3,11.29,33.87,29.759999999999998,4.109999999999999
2899,2021-12-28 02:43:00,P0302,5,Visa,4041593332422,F,5.98,2,7.29,14.58,11.96,2.619999999999999
2900,2021-12-28 04:55:00,P0684,6,Visa,4041597773977,F,6.15,2,7.49,14.98,12.3,2.6799999999999997
2901,2021-12-28 05:02:00,P0604,6,Visa,4041592052741914,T,1.36,3,1.69,5.07,4.08,0.9900000000000002
2902,2021-12-28 06:35:00,P0216,6,Mastercard,5108759053807260,F,13.96,2,14.89,29.78,27.92,1.8599999999999994
2903,2021-12-28 11:32:00,P0418,6,Visa,4041593326689,F,13.24,4,14.69,58.76,52.96,5.799999999999997
2904,2021-12-28 12:10:00,P0112,4,Americanexpress,374283202244067,F,17.89,1,19.39,19.39,17.89,1.5
2905,2021-12-28 13:01:00,P0295,8,Mastercard,5108752603590098,F,1.43,1,1.69,1.69,1.43,0.26
2906,2021-12-28 15:19:00,P0495,7,Visa,4041599240447338,F,4.23,2,4.99,9.98,8.46,1.5199999999999996
2907,2021-12-28 17:16:00,P0392,8,Visa,4041593860109120,F,13.78,1,14.89,14.89,13.78,1.1100000000000012
2908,2021-12-28 17:46:00,P0437,3,Visa,4041599837863137,F,0.1,4,1.19,4.76,0.4,4.359999999999999
2909,2021-12-28 19:46:00,P0224,6,Mastercard,5108751384189807,F,16.48,1,18.09,18.09,16.48,1.6099999999999994
2910,2021-12-28 22:23:00,P0507,8,Visa,4041599812505133,F,8.17,1,8.89,8.89,8.17,0.7200000000000006
2911,2021-12-28 23:11:00,P0448,7,Mastercard,5108759221005524,F,7.11,1,8.19,8.19,7.11,1.0799999999999992
2912,2021-12-28 23:50:00,P0387,8,Americanexpress,374288667479975,F,4.99,9,5.59,50.31,44.910000000000004,5.399999999999999
2913,2021-12-28 23:51:00,P0429,7,Visa,4041591876957086,F,0.78,2,1.59,3.18,1.56,1.62
2914,2021-12-29 00:16:00,P0431,7,Americanexpress,374283156191546,F,10.67,4,11.59,46.36,42.68,3.6799999999999997
2915,2021-12-29 00:56:00,P0454,3,Mastercard,5108752163053891,F,5.79,1,6.99,6.99,5.79,1.2000000000000002
2916,2021-12-29 01:01:00,P0302,3,Mastercard,5108759835824708,T,5.98,1,7.29,7.29,5.98,1.3099999999999996
2917,2021-12-29 01:34:00,P0646,7,Mastercard,5048373263596458,F,17.92,1,19.49,19.49,17.92,1.5699999999999967
2918,2021-12-29 01:39:00,P0545,4,Mastercard,5108754577786884,T,6.62,3,7.89,23.669999999999998,19.86,3.8099999999999987
2919,2021-12-29 04:08:00,P0254,2,Visa,4041591580808,F,11.44,2,12.49,24.98,22.88,2.1000000000000014
2920,2021-12-29 06:54:00,P0285,6,Visa,4041595597634,F,2.73,3,3.79,11.370000000000001,8.19,3.1800000000000015
2921,2021-12-29 07:44:00,P0675,4,Americanexpress,374283880103999,F,12.34,1,13.99,13.99,12.34,1.6500000000000004
2922,2021-12-29 07:53:00,P0630,8,Unknown,5177646247069178,F,5.45,3,6.39,19.169999999999998,16.35,2.8199999999999967
2923,2021-12-29 09:37:00,P0284,9,Mastercard,5108756149972199,F,1.03,1,1.59,1.59,1.03,0.56
2924,2021-12-29 12:43:00,P0296,6,Americanexpress,374283128609914,T,2.96,1,4.09,4.09,2.96,1.13
2925,2021-12-29 19:39:00,P0567,6,Mastercard,5108752788765242,F,1.46,1,1.69,1.69,1.46,0.22999999999999998
2926,2021-12-29 21:01:00,P0675,8,Mastercard,5108752276455504,F,12.34,1,13.99,13.99,12.34,1.6500000000000004
2927,2021-12-29 21:19:00,P0534,6,Visa,4041590219684522,F,7.63,1,8.29,8.29,7.63,0.6599999999999993
2928,2021-12-30 00:19:00,P0578,6,Visa,4041591947374808,F,19.78,1,21.39,21.39,19.78,1.6099999999999994
2929,2021-12-30 02:58:00,P0156,7,Visa,4041594158873013,F,11.37,1,12.39,12.39,11.37,1.0200000000000014
2930,2021-12-30 03:27:00,P0554,7,Americanexpress,374283253305247,F,1.62,4,1.79,7.16,6.48,0.6799999999999997
2931,2021-12-30 04:01:00,P0430,7,Mastercard,5108755636923517,F,17.67,2,18.99,37.98,35.34,2.6399999999999935
2932,2021-12-30 06:43:00,P0154,8,Americanexpress,374288276998837,T,6.06,2,7.39,14.78,12.12,2.66
2933,2021-12-30 09:01:00,P0405,6,Mastercard,5048375189601080,F,18.2,1,19.99,19.99,18.2,1.7899999999999991
2934,2021-12-30 13:05:00,P0501,3,Visa,4041594168343791,F,0.66,1,1.49,1.49,0.66,0.83
2935,2021-12-30 13:35:00,P0214,6,Americanexpress,374288284755385,F,3.27,5,4.49,22.450000000000003,16.35,6.100000000000001
2936,2021-12-30 15:04:00,P0567,3,Americanexpress,374283454146358,F,1.46,7,1.69,11.83,10.219999999999999,1.6100000000000012
2937,2021-12-30 15:45:00,P0133,4,Americanexpress,374288098795213,F,14.2,4,14.99,59.96,56.8,3.1600000000000037
2938,2021-12-30 16:15:00,P0570,6,Americanexpress,374283708352851,F,2.32,3,3.19,9.57,6.959999999999999,2.610000000000001
2939,2021-12-30 16:59:00,P0477,8,Visa,4041590718258505,T,2.19,4,2.89,11.56,8.76,2.8000000000000007
2940,2021-12-30 20:37:00,P0480,5,Mastercard,5108758960661562,F,12.02,2,13.49,26.98,24.04,2.9400000000000013
2941,2021-12-30 21:48:00,P0393,6,Mastercard,5108751856777923,F,10.94,4,11.59,46.36,43.76,2.6000000000000014
2942,2021-12-31 05:22:00,P0376,9,Mastercard,5108750450211339,F,10.3,1,11.49,11.49,10.3,1.1899999999999995
2943,2021-12-31 08:37:00,P0428,5,Mastercard,5048378036592999,F,12.91,1,14.49,14.49,12.91,1.58
2944,2021-12-31 10:56:00,P0343,6,Visa,4041596250191,T,3.66,1,4.79,4.79,3.66,1.13
2945,2021-12-31 12:09:00,P0588,7,Mastercard,5108751696230109,F,12.31,2,13.89,27.78,24.62,3.16
2946,2021-12-31 12:18:00,P0333,5,Mastercard,5048373543082147,T,16.61,2,18.09,36.18,33.22,2.960000000000001
2947,2021-12-31 13:39:00,P0726,9,Americanexpress,374283153094487,F,9.71,3,11.19,33.57,29.130000000000003,4.439999999999998
2948,2021-12-31 13:56:00,P0501,7,Visa,4041590270120,T,0.66,1,1.49,1.49,0.66,0.83
2949,2021-12-31 17:29:00,P0410,2,Americanexpress,374283333815652,T,2.95,4,4.09,16.36,11.8,4.559999999999999
2950,2021-12-31 19:25:00,P0611,5,Mastercard,5108750442245700,T,17.9,1,19.39,19.39,17.9,1.490000000000002
2951,2021-12-31 21:28:00,P0344,8,Americanexpress,374283512593138,F,9.86,3,11.29,33.87,29.58,4.289999999999999
2952,2021-12-31 23:12:00,P0682,7,Americanexpress,374288919035005,T,6.92,2,8.09,16.18,13.84,2.34
2953,2022-01-01 01:02:00,P0078,2,Americanexpress,374283838511012,F,17.81,2,19.29,38.58,35.62,2.960000000000001
2954,2022-01-01 04:14:00,P0339,6,Mastercard,5108753509567669,F,19.62,1,21.39,21.39,19.62,1.7699999999999996
2955,2022-01-01 12:47:00,P0657,7,Mastercard,5108752601718071,F,16.73,3,18.09,54.269999999999996,50.19,4.079999999999998
2956,2022-01-01 16:16:00,P0173,3,Mastercard,5048377075581681,F,0.93,2,1.59,3.18,1.86,1.32
2957,2022-01-01 19:10:00,P0482,2,Visa,4041596984989,F,2.75,3,3.89,11.67,8.25,3.42
2958,2022-01-01 20:17:00,P0304,6,Americanexpress,374283118636323,F,9.19,1,10.69,10.69,9.19,1.5
2959,2022-01-01 20:49:00,P0332,4,Americanexpress,374288239402687,F,16.62,1,18.09,18.09,16.62,1.4699999999999989
2960,2022-01-01 21:15:00,P0652,4,Mastercard,5108751243446273,F,0.87,2,1.59,3.18,1.74,1.4400000000000002
2961,2022-01-01 23:19:00,P0109,4,Mastercard,5048379097959879,F,2.82,1,3.99,3.99,2.82,1.1700000000000004
2962,2022-01-02 02:58:00,P0710,8,Mastercard,5048379732938296,F,4.36,2,4.99,9.98,8.72,1.2599999999999998
2963,2022-01-02 03:35:00,P0411,3,Mastercard,5048377195987263,F,13.46,2,14.79,29.58,26.92,2.6599999999999966
2964,2022-01-02 09:40:00,P0218,6,Mastercard,5048371732173693,F,8.4,1,9.39,9.39,8.4,0.9900000000000002
2965,2022-01-02 11:24:00,P0293,5,Mastercard,5048374681813475,F,18.19,3,19.89,59.67,54.57000000000001,5.099999999999994
2966,2022-01-02 12:24:00,P0099,10,Mastercard,5048370329633382,F,5.98,4,7.29,29.16,23.92,5.239999999999998
2967,2022-01-02 12:25:00,P0178,6,Visa,4041591970512,F,15.78,1,17.59,17.59,15.78,1.8100000000000005
2968,2022-01-02 12:54:00,P0374,4,Mastercard,5108751550839722,F,6.65,1,7.99,7.99,6.65,1.3399999999999999
2969,2022-01-02 13:23:00,P0023,4,Visa,4041594094930,F,17.79,3,19.19,57.57000000000001,53.37,4.20000000000001
2970,2022-01-02 13:35:00,P0470,9,Visa,4041590996959980,F,18.14,3,19.89,59.67,54.42,5.25
2971,2022-01-02 14:33:00,P0417,5,Mastercard,5108757765129528,T,16.73,1,18.09,18.09,16.73,1.3599999999999994
2972,2022-01-02 15:28:00,P0441,6,Americanexpress,374288273892850,F,1.98,1,2.49,2.49,1.98,0.5100000000000002
2973,2022-01-02 16:34:00,P0199,9,Americanexpress,374283631538253,F,6.42,2,7.79,15.58,12.84,2.74
2974,2022-01-02 16:57:00,P0601,7,Visa,4041596661445791,F,4.54,1,4.99,4.99,4.54,0.4500000000000002
2975,2022-01-02 19:59:00,P0094,9,Mastercard,5108751474109715,F,13.35,2,14.79,29.58,26.7,2.879999999999999
2976,2022-01-02 22:06:00,P0507,1,Visa,4041593018362498,F,8.17,1,8.89,8.89,8.17,0.7200000000000006
2977,2022-01-02 22:35:00,P0414,6,Mastercard,5108759444990536,F,10.22,2,11.49,22.98,20.44,2.539999999999999
2978,2022-01-02 23:49:00,P0128,9,Mastercard,5048376515438858,F,14.97,1,16.49,16.49,14.97,1.5199999999999978
2979,2022-01-03 00:05:00,P0076,8,Visa,4041598715183,T,6.89,2,8.09,16.18,13.78,2.4000000000000004
2980,2022-01-03 04:49:00,P0440,7,Visa,4041598015022,F,8.88,3,10.19,30.57,26.64,3.9299999999999997
2981,2022-01-03 11:09:00,P0352,1,Visa,4041598407039,F,2.04,4,2.59,10.36,8.16,2.1999999999999993
2982,2022-01-03 11:56:00,P0703,7,Americanexpress,374288754742566,F,17.42,4,18.49,73.96,69.68,4.279999999999987
2983,2022-01-03 16:48:00,P0355,3,Visa,4041596873927,F,6.54,1,7.89,7.89,6.54,1.3499999999999996
2984,2022-01-03 20:20:00,P0714,6,Visa,4041597696971686,T,0.66,3,1.49,4.47,1.98,2.4899999999999998
2985,2022-01-03 20:59:00,P0390,8,Visa,4041594879199,F,14.31,3,15.19,45.57,42.93,2.6400000000000006
2986,2022-01-03 22:09:00,P0280,4,Visa,4041597064435,F,6.26,2,7.59,15.18,12.52,2.66
2987,2022-01-03 22:26:00,P0695,6,Mastercard,5108751469596801,F,3.74,3,4.79,14.370000000000001,11.22,3.1500000000000004
2988,2022-01-04 01:35:00,P0576,8,Mastercard,5108754786809311,F,4.25,2,4.99,9.98,8.5,1.4800000000000004
2989,2022-01-04 03:34:00,P0339,4,Mastercard,5108750671404747,F,19.62,5,21.39,106.95,98.10000000000001,8.849999999999994
2990,2022-01-04 05:01:00,P0254,10,Mastercard,5108753211100254,F,11.44,3,12.49,37.47,34.32,3.1499999999999986
2991,2022-01-04 05:57:00,P0213,7,Americanexpress,374283447196098,F,11.19,1,11.99,11.99,11.19,0.8000000000000007
2992,2022-01-04 05:59:00,P0553,6,Mastercard,5048373513615579,F,6.79,3,7.99,23.97,20.37,3.599999999999998
2993,2022-01-04 08:39:00,P0637,7,Americanexpress,374288577279705,F,15.32,3,17.09,51.269999999999996,45.96,5.309999999999995
2994,2022-01-04 14:47:00,P0336,9,Visa,4041591506274,T,8.17,1,8.89,8.89,8.17,0.7200000000000006
2995,2022-01-04 16:23:00,P0397,5,Visa,4041598625408550,F,13.67,1,14.89,14.89,13.67,1.2200000000000006
2996,2022-01-04 19:33:00,P0292,5,Americanexpress,374288967725770,F,10.49,1,11.49,11.49,10.49,1.0
2997,2022-01-04 19:49:00,P0156,8,Americanexpress,374288936811206,F,11.37,1,12.39,12.39,11.37,1.0200000000000014
2998,2022-01-04 20:06:00,P0319,4,Mastercard,5048373439423819,F,3.51,4,4.69,18.76,14.04,4.720000000000002
2999,2022-01-05 02:58:00,P0497,7,Americanexpress,374288015489163,F,19.75,3,21.39,64.17,59.25,4.920000000000002
3000,2022-01-05 11:17:00,P0020,10,Mastercard,5108756054505141,T,19.41,1,21.29,21.29,19.41,1.879999999999999
3001,2022-01-05 12:33:00,P0466,6,Mastercard,5108755082381087,F,14.01,6,14.89,89.34,84.06,5.280000000000001
3002,2022-01-05 20:43:00,P0486,7,Mastercard,5048371956399669,F,6.52,1,7.89,7.89,6.52,1.37
3003,2022-01-06 03:58:00,P0483,6,Mastercard,5108754506821547,F,17.52,4,18.69,74.76,70.08,4.680000000000007
3004,2022-01-06 06:31:00,P0575,8,Americanexpress,374288999997215,F,2.81,1,3.99,3.99,2.81,1.1800000000000002
3005,2022-01-06 06:54:00,P0170,11,Visa,4041590071262,F,8.13,1,8.89,8.89,8.13,0.7599999999999998
3006,2022-01-06 07:53:00,P0237,6,Americanexpress,374288114851503,F,10.43,2,11.49,22.98,20.86,2.120000000000001
3007,2022-01-06 11:36:00,P0547,8,Visa,4041595625632031,T,20.0,2,21.49,42.98,40.0,2.979999999999997
3008,2022-01-06 11:41:00,P0456,8,Visa,4041597280700,F,18.35,3,20.19,60.57000000000001,55.050000000000004,5.520000000000003
3009,2022-01-06 15:08:00,P0115,7,Mastercard,5108752199773280,F,5.84,3,7.09,21.27,17.52,3.75
3010,2022-01-06 17:22:00,P0339,6,Mastercard,5108754512281439,F,19.62,2,21.39,42.78,39.24,3.539999999999999
3011,2022-01-06 21:08:00,P0446,6,Americanexpress,374288852384717,F,16.57,1,18.09,18.09,16.57,1.5199999999999996
3012,2022-01-06 23:57:00,P0287,4,Visa,4041591583224,T,13.95,1,14.89,14.89,13.95,0.9400000000000013
3013,2022-01-07 01:20:00,P0517,4,Americanexpress,374283639515873,F,5.11,1,5.79,5.79,5.11,0.6799999999999997
3014,2022-01-07 02:38:00,P0499,6,Americanexpress,374288395157562,F,16.3,5,17.99,89.94999999999999,81.5,8.449999999999989
3015,2022-01-07 03:02:00,P0599,3,Americanexpress,374288058414417,F,13.54,2,14.79,29.58,27.08,2.5
3016,2022-01-07 04:59:00,P0225,4,Americanexpress,374288323392133,F,7.79,1,8.29,8.29,7.79,0.4999999999999991
3017,2022-01-07 06:29:00,P0343,3,Mastercard,5108752025531886,F,3.66,2,4.79,9.58,7.32,2.26
3018,2022-01-07 11:10:00,P0353,3,Mastercard,5048371654522760,F,15.1,1,16.69,16.69,15.1,1.5900000000000016
3019,2022-01-07 12:07:00,P0363,5,Americanexpress,374283347490591,F,14.85,2,16.29,32.58,29.7,2.879999999999999
3020,2022-01-07 12:15:00,P0245,7,Mastercard,5108750386965636,F,4.19,1,4.89,4.89,4.19,0.6999999999999993
3021,2022-01-07 13:35:00,P0534,7,Americanexpress,374288331962489,F,7.63,2,8.29,16.58,15.26,1.3199999999999985
3022,2022-01-07 15:18:00,P0466,4,Mastercard,5048376402718776,T,14.01,1,14.89,14.89,14.01,0.8800000000000008
3023,2022-01-07 18:50:00,P0712,3,Visa,4041593517113285,F,17.46,4,18.59,74.36,69.84,4.519999999999996
3024,2022-01-07 20:34:00,P0212,5,Americanexpress,374283034282244,F,1.86,1,2.29,2.29,1.86,0.42999999999999994
3025,2022-01-07 21:26:00,P0393,6,Visa,4041595255001,F,10.94,1,11.59,11.59,10.94,0.6500000000000004
3026,2022-01-07 22:46:00,P0442,4,Americanexpress,374288051926599,F,14.89,1,16.39,16.39,14.89,1.5
3027,2022-01-07 23:00:00,P0132,4,Unknown,5048376693219609,F,14.45,2,15.49,30.98,28.9,2.080000000000002
3028,2022-01-07 23:18:00,P0477,4,Visa,4041599476603,F,2.19,2,2.89,5.78,4.38,1.4000000000000004
3029,2022-01-07 23:30:00,P0353,0,Americanexpress,374283631275203,F,15.1,1,16.69,16.69,15.1,1.5900000000000016
3030,2022-01-08 01:50:00,P0358,7,Visa,4041594524951295,T,8.86,2,10.19,20.38,17.72,2.66
3031,2022-01-08 06:14:00,P0032,4,Visa,4041596502508815,F,5.52,2,6.59,13.18,11.04,2.1400000000000006
3032,2022-01-08 06:32:00,P0605,9,Visa,4041594711129,F,4.77,2,5.09,10.18,9.54,0.6400000000000006
3033,2022-01-08 10:31:00,P0450,7,Visa,4041599944410582,F,3.76,2,4.79,9.58,7.52,2.0600000000000005
3034,2022-01-08 11:10:00,P0339,4,Mastercard,5048373576034957,T,19.62,4,21.39,85.56,78.48,7.079999999999998
3035,2022-01-08 18:46:00,P0673,7,Visa,4041596439699554,F,1.5,3,1.69,5.07,4.5,0.5700000000000003
3036,2022-01-08 19:42:00,P0715,7,Mastercard,5048379987513182,F,7.6,1,8.29,8.29,7.6,0.6899999999999995
3037,2022-01-09 00:54:00,P0657,4,Mastercard,5108759933906217,F,16.73,5,18.09,90.45,83.65,6.799999999999997
3038,2022-01-09 01:42:00,P0574,5,Americanexpress,374283995801669,F,9.21,4,10.69,42.76,36.84,5.919999999999995
3039,2022-01-09 08:49:00,P0290,5,Mastercard,5108755186816624,F,18.11,1,19.79,19.79,18.11,1.6799999999999997
3040,2022-01-09 08:54:00,P0440,7,Visa,4041592327159,F,8.88,2,10.19,20.38,17.76,2.6199999999999974
3041,2022-01-09 09:15:00,P0412,5,Unknown,3561917816554067,F,16.11,6,17.89,107.34,96.66,10.680000000000007
3042,2022-01-09 09:30:00,P0625,6,Visa,4041590824731262,F,5.15,3,5.89,17.669999999999998,15.450000000000001,2.219999999999997
3043,2022-01-09 12:46:00,P0495,1,Americanexpress,374288159446235,F,4.23,3,4.99,14.97,12.690000000000001,2.2799999999999994
3044,2022-01-09 14:06:00,P0401,6,Mastercard,5048374844838765,F,16.69,4,18.09,72.36,66.76,5.599999999999994
3045,2022-01-09 14:35:00,P0406,7,Mastercard,5108750275730513,F,7.19,1,8.19,8.19,7.19,0.9999999999999991
3046,2022-01-09 17:10:00,P0258,6,Mastercard,5108757893277082,F,16.65,4,18.09,72.36,66.6,5.760000000000005
3047,2022-01-10 00:15:00,P0255,6,Visa,4041599482531617,F,18.85,2,20.79,41.58,37.7,3.8799999999999955
3048,2022-01-10 04:18:00,P0397,8,Americanexpress,374283779712041,F,13.67,4,14.89,59.56,54.68,4.880000000000003
3049,2022-01-10 05:21:00,P0366,6,Visa,4041595073639397,T,13.27,2,14.69,29.38,26.54,2.84
3050,2022-01-10 05:58:00,P0232,4,Americanexpress,374283742472475,F,1.66,3,1.89,5.67,4.9799999999999995,0.6900000000000004
3051,2022-01-10 06:48:00,P0002,1,Mastercard,5108755840893316,F,3.31,3,4.49,13.47,9.93,3.540000000000001
3052,2022-01-10 07:01:00,P0486,5,Americanexpress,374288880492573,T,6.52,1,7.89,7.89,6.52,1.37
3053,2022-01-10 08:34:00,P0724,6,Mastercard,5048376883777820,F,17.83,1,19.29,19.29,17.83,1.4600000000000009
3054,2022-01-10 09:12:00,P0072,4,Americanexpress,374283390606077,T,13.26,4,14.69,58.76,53.04,5.719999999999999
3055,2022-01-10 15:47:00,P0478,5,Americanexpress,374288052209581,T,18.67,3,20.59,61.769999999999996,56.010000000000005,5.759999999999991
3056,2022-01-10 16:04:00,P0467,6,Americanexpress,374283490987351,F,4.66,5,4.99,24.950000000000003,23.3,1.6500000000000021
3057,2022-01-10 17:35:00,P0396,10,Visa,4041593491897879,F,4.18,4,4.89,19.56,16.72,2.84
3058,2022-01-10 18:05:00,P0258,7,Visa,4041590299538234,T,16.65,1,18.09,18.09,16.65,1.4400000000000013
3059,2022-01-10 21:42:00,P0458,7,Mastercard,5048374682919339,F,9.0,3,10.39,31.17,27.0,4.170000000000002
3060,2022-01-10 22:21:00,P0413,6,Mastercard,5108756211058059,F,7.35,1,8.19,8.19,7.35,0.8399999999999999
3061,2022-01-11 01:31:00,P0450,10,Americanexpress,374288473552031,F,3.76,3,4.79,14.370000000000001,11.28,3.0900000000000016
3062,2022-01-11 03:45:00,P0177,8,Mastercard,5108756289164342,F,7.63,5,8.29,41.449999999999996,38.15,3.299999999999997
3063,2022-01-11 05:01:00,P0527,10,Americanexpress,374288275755535,F,16.63,1,18.09,18.09,16.63,1.4600000000000009
3064,2022-01-11 05:28:00,P0590,7,Visa,4041597616391304,T,8.1,2,8.79,17.58,16.2,1.379999999999999
3065,2022-01-11 07:03:00,P0422,2,Americanexpress,374288617561203,F,4.3,1,4.99,4.99,4.3,0.6900000000000004
3066,2022-01-11 07:51:00,P0579,3,Mastercard,5048378085497611,F,19.5,2,21.29,42.58,39.0,3.5799999999999983
3067,2022-01-11 14:48:00,P0496,5,Americanexpress,374288252535678,F,13.53,1,14.79,14.79,13.53,1.2599999999999998
3068,2022-01-11 15:46:00,P0676,5,Visa,4041594585200657,F,4.72,2,4.99,9.98,9.44,0.5400000000000009
3069,2022-01-11 17:43:00,P0581,5,Americanexpress,374288247054785,F,0.51,1,1.49,1.49,0.51,0.98
3070,2022-01-11 18:33:00,P0263,8,Visa,4041590684460,F,2.27,2,3.09,6.18,4.54,1.6399999999999997
3071,2022-01-11 21:33:00,P0606,7,Americanexpress,374283233571348,F,14.31,1,15.19,15.19,14.31,0.879999999999999
3072,2022-01-11 22:16:00,P0019,6,Unknown,3549515679656172,F,8.58,1,9.69,9.69,8.58,1.1099999999999994
3073,2022-01-12 01:57:00,P0278,7,Americanexpress,374283703555250,F,13.24,3,14.69,44.07,39.72,4.350000000000001
3074,2022-01-12 04:31:00,P0506,9,Unknown,6394485060583279,F,10.54,1,11.59,11.59,10.54,1.0500000000000007
3075,2022-01-12 04:32:00,P0170,7,Visa,4041590773990570,F,8.13,2,8.89,17.78,16.26,1.5199999999999996
3076,2022-01-12 04:50:00,P0154,7,Americanexpress,374288304662447,F,6.06,2,7.39,14.78,12.12,2.66
3077,2022-01-12 08:10:00,P0593,9,Visa,4041592461262593,F,17.78,1,19.19,19.19,17.78,1.4100000000000001
3078,2022-01-12 08:25:00,P0458,6,Visa,4041593102960603,F,9.0,5,10.39,51.95,45.0,6.950000000000003
3079,2022-01-12 08:52:00,P0231,4,Visa,4041598615607,F,6.94,2,8.09,16.18,13.88,2.299999999999999
3080,2022-01-12 08:58:00,P0331,5,Mastercard,5108759396651821,F,15.79,2,17.59,35.18,31.58,3.6000000000000014
3081,2022-01-12 10:01:00,P0366,6,Americanexpress,374288891252230,F,13.27,3,14.69,44.07,39.81,4.259999999999998
3082,2022-01-12 10:38:00,P0581,7,Visa,4041591626304035,F,0.51,6,1.49,8.94,3.06,5.879999999999999
3083,2022-01-12 13:28:00,P0676,6,Visa,4041594557753,F,4.72,2,4.99,9.98,9.44,0.5400000000000009
3084,2022-01-12 15:21:00,P0676,6,Americanexpress,374288285186572,F,4.72,2,4.99,9.98,9.44,0.5400000000000009
3085,2022-01-12 15:30:00,P0304,7,Mastercard,5048374346866850,F,9.19,3,10.69,32.07,27.57,4.5
3086,2022-01-12 15:50:00,P0311,7,Mastercard,5048371962624381,F,9.99,1,11.39,11.39,9.99,1.4000000000000004
3087,2022-01-12 17:59:00,P0569,10,Americanexpress,374283878783687,F,6.84,3,8.09,24.27,20.52,3.75
3088,2022-01-12 20:51:00,P0620,8,Americanexpress,374283138403548,F,18.49,1,20.39,20.39,18.49,1.9000000000000021
3089,2022-01-12 21:25:00,P0455,8,Mastercard,5048376243471262,F,1.63,1,1.79,1.79,1.63,0.16000000000000014
3090,2022-01-13 00:36:00,P0094,7,Americanexpress,374288118745990,F,13.35,1,14.79,14.79,13.35,1.4399999999999995
3091,2022-01-13 02:15:00,P0473,6,Americanexpress,374283098807357,F,4.79,1,5.19,5.19,4.79,0.40000000000000036
3092,2022-01-13 07:35:00,P0322,6,Americanexpress,374288469872815,F,13.65,1,14.89,14.89,13.65,1.2400000000000002
3093,2022-01-13 08:40:00,P0414,1,Mastercard,5048379836601105,F,10.22,3,11.49,34.47,30.660000000000004,3.809999999999995
3094,2022-01-13 08:55:00,P0526,4,Mastercard,5048376558479827,T,3.83,4,4.79,19.16,15.32,3.84
3095,2022-01-13 09:07:00,P0535,4,Unknown,4844000218484048,F,12.16,1,13.69,13.69,12.16,1.5299999999999994
3096,2022-01-13 10:18:00,P0380,13,Americanexpress,374288484405914,F,10.56,2,11.59,23.18,21.12,2.0599999999999987
3097,2022-01-13 11:03:00,P0234,6,Mastercard,5048373531479875,F,3.13,3,4.29,12.870000000000001,9.39,3.4800000000000004
3098,2022-01-13 13:24:00,P0280,6,Americanexpress,374288756192042,F,6.26,2,7.59,15.18,12.52,2.66
3099,2022-01-13 15:17:00,P0440,5,Americanexpress,374288009047829,F,8.88,5,10.19,50.949999999999996,44.400000000000006,6.54999999999999
3100,2022-01-13 22:04:00,P0210,3,Mastercard,5048374802495178,F,2.78,2,3.89,7.78,5.56,2.2200000000000006
3101,2022-01-13 23:00:00,P0445,5,Americanexpress,374283021204342,F,0.15,2,1.19,2.38,0.3,2.08
3102,2022-01-13 23:01:00,P0104,6,Unknown,4175009574304566,F,14.48,4,15.59,62.36,57.92,4.439999999999998
3103,2022-01-13 23:55:00,P0279,5,Unknown,3580160824028066,F,1.49,5,1.69,8.45,7.45,0.9999999999999991
3104,2022-01-14 02:01:00,P0331,8,Unknown,3558962001757971,F,15.79,2,17.59,35.18,31.58,3.6000000000000014
3105,2022-01-14 02:21:00,P0225,9,Mastercard,5048377074030680,F,7.79,2,8.29,16.58,15.58,0.9999999999999982
3106,2022-01-14 06:23:00,P0574,2,Mastercard,5048372807690975,F,9.21,1,10.69,10.69,9.21,1.4799999999999986
3107,2022-01-14 10:03:00,P0482,7,Americanexpress,374288331418862,F,2.75,1,3.89,3.89,2.75,1.1400000000000001
3108,2022-01-14 12:04:00,P0377,6,Americanexpress,374288516947800,F,0.12,2,1.19,2.38,0.24,2.1399999999999997
3109,2022-01-14 13:25:00,P0418,3,Americanexpress,374283698724739,F,13.24,3,14.69,44.07,39.72,4.350000000000001
3110,2022-01-14 17:28:00,P0333,9,Mastercard,5108750233459718,F,16.61,2,18.09,36.18,33.22,2.960000000000001
3111,2022-01-14 17:45:00,P0096,8,Visa,4041592353622730,F,15.64,1,17.49,17.49,15.64,1.8499999999999979
3112,2022-01-14 18:19:00,P0158,7,Visa,4041598739168306,F,3.02,1,4.19,4.19,3.02,1.1700000000000004
3113,2022-01-14 18:30:00,P0403,8,Visa,4041597638568,F,18.82,3,20.79,62.37,56.46,5.909999999999997
3114,2022-01-14 19:06:00,P0384,7,Mastercard,5048371861449542,F,4.83,2,5.19,10.38,9.66,0.7200000000000006
3115,2022-01-14 22:27:00,P0163,8,Americanexpress,374288099016270,F,4.21,1,4.99,4.99,4.21,0.7800000000000002
3116,2022-01-15 00:48:00,P0279,6,Mastercard,5108751149153718,F,1.49,1,1.69,1.69,1.49,0.19999999999999996
3117,2022-01-15 03:19:00,P0635,8,Americanexpress,374283644016388,F,7.98,3,8.59,25.77,23.94,1.8299999999999983
3118,2022-01-15 06:21:00,P0486,2,Mastercard,5108755458577276,F,6.52,4,7.89,31.56,26.08,5.48
3119,2022-01-15 06:54:00,P0501,5,Visa,4041595782814,F,0.66,4,1.49,5.96,2.64,3.32
3120,2022-01-15 14:29:00,P0464,8,Visa,4041598113488,F,9.81,4,11.29,45.16,39.24,5.919999999999995
3121,2022-01-15 16:13:00,P0475,6,Americanexpress,374288044500675,T,8.08,3,8.79,26.369999999999997,24.240000000000002,2.1299999999999955
3122,2022-01-15 17:51:00,P0376,7,Unknown,5610902282625273143,F,10.3,2,11.49,22.98,20.6,2.379999999999999
3123,2022-01-15 20:20:00,P0585,4,Visa,4041590944311003,F,3.81,4,4.79,19.16,15.24,3.92
3124,2022-01-15 23:27:00,P0520,6,Americanexpress,374283459509501,F,18.18,1,19.89,19.89,18.18,1.7100000000000009
3125,2022-01-15 23:37:00,P0037,5,Mastercard,5048372262362870,T,18.48,1,20.39,20.39,18.48,1.9100000000000001
3126,2022-01-16 00:55:00,P0692,2,Visa,4041593945082,F,11.98,1,13.49,13.49,11.98,1.5099999999999998
3127,2022-01-16 04:12:00,P0067,5,Visa,4041595491736262,F,17.72,3,19.09,57.269999999999996,53.16,4.109999999999999
3128,2022-01-16 08:59:00,P0321,7,Americanexpress,374288135176161,F,17.35,3,18.29,54.87,52.050000000000004,2.819999999999993
3129,2022-01-16 11:56:00,P0269,5,Americanexpress,374288549447174,F,13.6,3,14.79,44.37,40.8,3.5700000000000003
3130,2022-01-16 12:09:00,P0436,1,Mastercard,5048376530715439,F,5.89,1,7.19,7.19,5.89,1.3000000000000007
3131,2022-01-16 14:56:00,P0689,6,Visa,4041595653635,F,15.35,3,17.09,51.269999999999996,46.05,5.219999999999999
3132,2022-01-16 19:54:00,P0559,4,Americanexpress,374288119683604,F,6.29,1,7.69,7.69,6.29,1.4000000000000004
3133,2022-01-16 21:20:00,P0313,8,Mastercard,5108759076544239,F,8.53,6,9.59,57.54,51.17999999999999,6.3600000000000065
3134,2022-01-16 23:41:00,P0141,6,Mastercard,5108752369105065,F,14.75,1,16.09,16.09,14.75,1.3399999999999999
3135,2022-01-17 02:33:00,P0587,5,Americanexpress,374288380127935,F,13.88,1,14.89,14.89,13.88,1.0099999999999998
3136,2022-01-17 03:38:00,P0529,6,Americanexpress,374283193885654,F,17.59,1,18.79,18.79,17.59,1.1999999999999993
3137,2022-01-17 04:44:00,P0533,8,Unknown,490320512571318708,F,1.5,1,1.69,1.69,1.5,0.18999999999999995
3138,2022-01-17 05:51:00,P0438,3,Mastercard,5108752342737893,F,5.21,1,5.99,5.99,5.21,0.7800000000000002
3139,2022-01-17 14:33:00,P0643,7,Americanexpress,374288094674370,F,17.61,1,18.89,18.89,17.61,1.2800000000000011
3140,2022-01-17 20:05:00,P0185,5,Americanexpress,374283247231632,F,12.05,2,13.59,27.18,24.1,3.0799999999999983
3141,2022-01-17 20:20:00,P0035,5,Mastercard,5108752737684221,F,11.76,1,13.09,13.09,11.76,1.33
3142,2022-01-17 21:35:00,P0414,8,Americanexpress,374288865596471,F,10.22,2,11.49,22.98,20.44,2.539999999999999
3143,2022-01-17 23:37:00,P0393,7,Mastercard,5048373158881247,F,10.94,1,11.59,11.59,10.94,0.6500000000000004
3144,2022-01-18 00:05:00,P0332,6,Mastercard,5108754416012955,T,16.62,3,18.09,54.269999999999996,49.86,4.409999999999997
3145,2022-01-18 02:16:00,P0541,5,Visa,4041595501852810,F,2.8,4,3.89,15.56,11.2,4.360000000000001
3146,2022-01-18 02:36:00,P0069,9,Mastercard,5108758883880877,F,5.23,1,5.99,5.99,5.23,0.7599999999999998
3147,2022-01-18 09:46:00,P0467,6,Mastercard,5108758143626078,F,4.66,2,4.99,9.98,9.32,0.6600000000000001
3148,2022-01-18 12:47:00,P0493,4,Mastercard,5108753280264718,F,18.02,1,19.69,19.69,18.02,1.6700000000000017
3149,2022-01-18 14:28:00,P0402,6,Mastercard,5108751065562918,F,11.61,4,12.79,51.16,46.44,4.719999999999999
3150,2022-01-18 15:38:00,P0408,5,Americanexpress,374288619461568,F,8.24,1,9.09,9.09,8.24,0.8499999999999996
3151,2022-01-18 16:07:00,P0505,9,Visa,4041591265350323,F,3.97,1,4.89,4.89,3.97,0.9199999999999995
3152,2022-01-18 17:51:00,P0286,4,Visa,4041592049175,F,10.87,1,11.59,11.59,10.87,0.7200000000000006
3153,2022-01-18 18:54:00,P0310,3,Visa,4041594581548,F,14.48,2,15.59,31.18,28.96,2.219999999999999
3154,2022-01-18 23:34:00,P0549,6,Visa,4041590327495464,F,16.85,1,18.19,18.19,16.85,1.3399999999999999
3155,2022-01-19 00:05:00,P0685,6,Mastercard,5048378332313470,F,16.26,4,17.99,71.96,65.04,6.9199999999999875
3156,2022-01-19 00:17:00,P0556,7,Americanexpress,374283431960780,T,5.5,1,6.49,6.49,5.5,0.9900000000000002
3157,2022-01-19 06:14:00,P0178,7,Visa,4041598756215220,F,15.78,2,17.59,35.18,31.56,3.620000000000001
3158,2022-01-19 08:51:00,P0223,8,Mastercard,5108752541811507,F,6.71,1,7.99,7.99,6.71,1.2800000000000002
3159,2022-01-19 10:15:00,P0040,3,Mastercard,5048371278644768,F,15.75,4,17.59,70.36,63.0,7.359999999999999
3160,2022-01-19 10:55:00,P0701,10,Visa,4041596193664,F,11.06,1,11.69,11.69,11.06,0.629999999999999
3161,2022-01-19 16:29:00,P0211,9,Americanexpress,374283572194538,T,17.54,1,18.69,18.69,17.54,1.1500000000000021
3162,2022-01-19 16:31:00,P0300,3,Mastercard,5108751558198501,F,7.58,3,8.29,24.869999999999997,22.740000000000002,2.1299999999999955
3163,2022-01-19 16:48:00,P0374,7,Americanexpress,374288197731887,F,6.65,1,7.99,7.99,6.65,1.3399999999999999
3164,2022-01-19 18:27:00,P0182,2,Visa,4041593651714,F,9.85,1,11.29,11.29,9.85,1.4399999999999995
3165,2022-01-19 18:28:00,P0527,4,Mastercard,5108754298809106,F,16.63,1,18.09,18.09,16.63,1.4600000000000009
3166,2022-01-19 22:53:00,P0466,3,Visa,4041590708301,F,14.01,1,14.89,14.89,14.01,0.8800000000000008
3167,2022-01-20 01:52:00,P0095,6,Visa,4041593153190,F,3.42,4,4.59,18.36,13.68,4.68
3168,2022-01-20 03:21:00,P0151,1,Mastercard,5108757867267846,F,16.15,2,17.89,35.78,32.3,3.480000000000004
3169,2022-01-20 03:37:00,P0198,4,Visa,4041597622570,F,17.0,1,18.19,18.19,17.0,1.1900000000000013
3170,2022-01-20 04:41:00,P0439,3,Visa,4041595360095550,F,18.12,2,19.79,39.58,36.24,3.3399999999999963
3171,2022-01-20 07:04:00,P0355,7,Mastercard,5048371819853043,F,6.54,3,7.89,23.669999999999998,19.62,4.049999999999997
3172,2022-01-20 09:00:00,P0078,3,Visa,4041594546848,F,17.81,1,19.29,19.29,17.81,1.4800000000000004
3173,2022-01-20 10:14:00,P0411,6,Mastercard,5048378926138515,F,13.46,2,14.79,29.58,26.92,2.6599999999999966
3174,2022-01-20 11:36:00,P0552,7,Mastercard,5048370415851054,F,11.36,2,12.29,24.58,22.72,1.8599999999999994
3175,2022-01-20 12:57:00,P0652,8,Mastercard,5108752385563552,F,0.87,1,1.59,1.59,0.87,0.7200000000000001
3176,2022-01-20 15:06:00,P0684,6,Visa,4041597857622,F,6.15,1,7.49,7.49,6.15,1.3399999999999999
3177,2022-01-20 17:20:00,P0514,4,Americanexpress,374288205897837,F,18.98,2,20.99,41.98,37.96,4.019999999999996
3178,2022-01-20 19:02:00,P0497,7,Americanexpress,374283075849687,T,19.75,5,21.39,106.95,98.75,8.200000000000003
3179,2022-01-20 22:46:00,P0147,4,Americanexpress,374288293620430,F,18.0,3,19.59,58.769999999999996,54.0,4.769999999999996
3180,2022-01-20 23:01:00,P0165,6,Mastercard,5108756792252451,F,0.94,1,1.59,1.59,0.94,0.6500000000000001
3181,2022-01-20 23:12:00,P0401,8,Americanexpress,374288349381185,F,16.69,2,18.09,36.18,33.38,2.799999999999997
3182,2022-01-20 23:26:00,P0213,8,Mastercard,5048372925930485,F,11.19,1,11.99,11.99,11.19,0.8000000000000007
3183,2022-01-20 23:32:00,P0550,4,Mastercard,5108756166185964,F,15.35,1,17.09,17.09,15.35,1.7400000000000002
3184,2022-01-21 00:27:00,P0559,7,Visa,4041591823041398,F,6.29,2,7.69,15.38,12.58,2.8000000000000007
3185,2022-01-21 01:47:00,P0322,5,Americanexpress,374288542693683,F,13.65,3,14.89,44.67,40.95,3.719999999999999
3186,2022-01-21 01:55:00,P0277,9,Visa,4041599033594,T,3.87,1,4.89,4.89,3.87,1.0199999999999996
3187,2022-01-21 03:43:00,P0252,7,Visa,4041599979956244,F,3.86,2,4.89,9.78,7.72,2.0599999999999996
3188,2022-01-21 04:00:00,P0437,4,Americanexpress,374283525326930,F,0.1,1,1.19,1.19,0.1,1.0899999999999999
3189,2022-01-21 04:50:00,P0333,4,Americanexpress,374288469056799,F,16.61,1,18.09,18.09,16.61,1.4800000000000004
3190,2022-01-21 08:12:00,P0188,7,Unknown,3538867299286077,F,6.75,2,7.99,15.98,13.5,2.4800000000000004
3191,2022-01-21 11:37:00,P0343,4,Americanexpress,374288497752310,F,3.66,4,4.79,19.16,14.64,4.52
3192,2022-01-21 15:16:00,P0270,8,Mastercard,5048371280582303,F,6.97,2,8.09,16.18,13.94,2.24
3193,2022-01-21 16:24:00,P0364,5,Americanexpress,374288347617218,F,15.78,3,17.59,52.769999999999996,47.339999999999996,5.43
3194,2022-01-21 16:40:00,P0303,5,Americanexpress,374283887451441,F,19.07,1,21.09,21.09,19.07,2.0199999999999996
3195,2022-01-21 18:20:00,P0337,7,Americanexpress,374288434250519,F,19.24,1,21.19,21.19,19.24,1.9500000000000028
3196,2022-01-21 19:45:00,P0196,7,Americanexpress,374283373548866,F,13.84,1,14.89,14.89,13.84,1.0500000000000007
3197,2022-01-21 23:18:00,P0281,6,Visa,4041593088594,F,2.39,2,3.29,6.58,4.78,1.7999999999999998
3198,2022-01-21 23:39:00,P0382,2,Americanexpress,374288973785032,F,14.22,2,15.09,30.18,28.44,1.7399999999999984
3199,2022-01-22 13:04:00,P0280,5,Mastercard,5048373337677912,F,6.26,1,7.59,7.59,6.26,1.33
3200,2022-01-22 17:27:00,P0332,5,Mastercard,5108756530101572,F,16.62,1,18.09,18.09,16.62,1.4699999999999989
3201,2022-01-22 18:47:00,P0235,1,Visa,4041591730221,F,11.99,4,13.49,53.96,47.96,6.0
3202,2022-01-22 20:39:00,P0496,7,Mastercard,5108753606996183,T,13.53,2,14.79,29.58,27.06,2.5199999999999996
3203,2022-01-23 01:15:00,P0321,6,Americanexpress,374283481784361,F,17.35,3,18.29,54.87,52.050000000000004,2.819999999999993
3204,2022-01-23 01:39:00,P0448,5,Visa,4041599155914587,F,7.11,4,8.19,32.76,28.44,4.319999999999997
3205,2022-01-23 04:02:00,P0364,10,Unknown,56022164005081203,F,15.78,3,17.59,52.769999999999996,47.339999999999996,5.43
3206,2022-01-23 06:14:00,P0681,6,Americanexpress,374288431745909,T,5.26,2,6.09,12.18,10.52,1.6600000000000001
3207,2022-01-23 07:52:00,P0310,8,Americanexpress,374288158102508,F,14.48,1,15.59,15.59,14.48,1.1099999999999994
3208,2022-01-23 09:43:00,P0396,9,Mastercard,5108756099159318,F,4.18,3,4.89,14.669999999999998,12.54,2.129999999999999
3209,2022-01-23 11:32:00,P0498,4,Mastercard,5048373617959238,F,11.6,1,12.79,12.79,11.6,1.1899999999999995
3210,2022-01-23 11:56:00,P0010,4,Mastercard,5048379178565280,F,3.3,1,4.49,4.49,3.3,1.1900000000000004
3211,2022-01-23 13:21:00,P0387,7,Mastercard,5108758947156405,F,4.99,2,5.59,11.18,9.98,1.1999999999999993
3212,2022-01-23 14:54:00,P0247,7,Americanexpress,374288537827486,T,13.58,3,14.79,44.37,40.74,3.6299999999999955
3213,2022-01-23 15:24:00,P0015,4,Visa,4041598482362,F,2.25,1,2.99,2.99,2.25,0.7400000000000002
3214,2022-01-23 16:24:00,P0487,0,Visa,4041593242312087,F,11.44,3,12.49,37.47,34.32,3.1499999999999986
3215,2022-01-23 17:22:00,P0369,6,Americanexpress,374288829082576,F,8.08,1,8.79,8.79,8.08,0.7099999999999991
3216,2022-01-23 17:57:00,P0613,5,Americanexpress,374283475040986,F,9.94,2,11.39,22.78,19.88,2.900000000000002
3217,2022-01-23 18:10:00,P0494,7,Visa,4041598770246,F,17.33,3,18.29,54.87,51.989999999999995,2.8800000000000026
3218,2022-01-23 20:24:00,P0500,7,Visa,4041595160474,F,7.53,1,8.29,8.29,7.53,0.7599999999999989
3219,2022-01-23 20:35:00,P0545,7,Visa,4041591863415296,F,6.62,1,7.89,7.89,6.62,1.2699999999999996
3220,2022-01-23 22:19:00,P0038,3,Americanexpress,374288473038262,F,4.71,2,4.99,9.98,9.42,0.5600000000000005
3221,2022-01-23 23:25:00,P0580,7,Visa,4041597090372879,F,3.39,2,4.59,9.18,6.78,2.3999999999999995
3222,2022-01-24 02:21:00,P0336,7,Mastercard,5108755757205082,F,8.17,1,8.89,8.89,8.17,0.7200000000000006
3223,2022-01-24 03:01:00,P0460,4,Americanexpress,374283556951606,F,4.37,1,4.99,4.99,4.37,0.6200000000000001
3224,2022-01-24 05:55:00,P0173,7,Visa,4041595557174,F,0.93,6,1.59,9.540000000000001,5.58,3.960000000000001
3225,2022-01-24 07:16:00,P0713,9,Americanexpress,374283210693099,F,11.32,2,12.29,24.58,22.64,1.9399999999999977
3226,2022-01-24 08:11:00,P0439,8,Visa,4041590777826465,F,18.12,1,19.79,19.79,18.12,1.6699999999999982
3227,2022-01-24 08:19:00,P0155,7,Americanexpress,374283902983915,F,7.92,3,8.39,25.17,23.759999999999998,1.4100000000000037
3228,2022-01-24 11:08:00,P0323,7,Americanexpress,374283916158124,F,0.34,5,1.29,6.45,1.7000000000000002,4.75
3229,2022-01-24 11:43:00,P0594,5,Mastercard,5108757434218587,T,6.68,3,7.99,23.97,20.04,3.9299999999999997
3230,2022-01-24 18:09:00,P0144,9,Visa,4041590324646,F,4.51,2,4.99,9.98,9.02,0.9600000000000009
3231,2022-01-24 18:31:00,P0017,6,Americanexpress,374288130795510,T,17.54,3,18.69,56.07000000000001,52.62,3.45000000000001
3232,2022-01-24 19:19:00,P0636,10,Mastercard,5048376780660764,T,5.02,5,5.59,27.95,25.099999999999998,2.8500000000000014
3233,2022-01-24 22:10:00,P0532,7,Mastercard,5108756010628532,F,8.96,1,10.29,10.29,8.96,1.3299999999999983
3234,2022-01-24 22:15:00,P0397,6,Americanexpress,374283059216861,F,13.67,1,14.89,14.89,13.67,1.2200000000000006
3235,2022-01-24 23:51:00,P0569,3,Americanexpress,374288786794791,T,6.84,2,8.09,16.18,13.68,2.5
3236,2022-01-25 03:40:00,P0725,9,Visa,4041592245414528,F,3.07,1,4.29,4.29,3.07,1.2200000000000002
3237,2022-01-25 06:06:00,P0316,5,Americanexpress,374283880609128,F,1.81,1,2.19,2.19,1.81,0.3799999999999999
3238,2022-01-25 13:14:00,P0453,7,Mastercard,5048378296605689,F,12.82,1,14.49,14.49,12.82,1.67
3239,2022-01-25 14:57:00,P0316,5,Visa,4041591285036,F,1.81,4,2.19,8.76,7.24,1.5199999999999996
3240,2022-01-25 18:30:00,P0670,8,Visa,4041593357395,F,17.15,1,18.19,18.19,17.15,1.0400000000000027
3241,2022-01-25 19:36:00,P0166,6,Visa,4041590263646,F,10.88,1,11.59,11.59,10.88,0.7099999999999991
3242,2022-01-25 20:56:00,P0582,8,Americanexpress,374283417725553,F,5.55,2,6.59,13.18,11.1,2.08
3243,2022-01-26 01:19:00,P0354,4,Mastercard,5048374202337871,F,15.35,1,17.09,17.09,15.35,1.7400000000000002
3244,2022-01-26 05:15:00,P0683,8,Americanexpress,374288229920631,F,11.0,1,11.59,11.59,11.0,0.5899999999999999
3245,2022-01-26 06:34:00,P0579,2,Americanexpress,374283066484197,F,19.5,1,21.29,21.29,19.5,1.7899999999999991
3246,2022-01-26 07:52:00,P0502,7,Mastercard,5048378701179296,F,1.37,2,1.69,3.38,2.74,0.6399999999999997
3247,2022-01-26 08:17:00,P0438,5,Americanexpress,374283012587531,F,5.21,4,5.99,23.96,20.84,3.120000000000001
3248,2022-01-26 09:05:00,P0597,5,Visa,4041594947928540,F,12.19,2,13.79,27.58,24.38,3.1999999999999993
3249,2022-01-26 09:27:00,P0392,5,Americanexpress,374288694673004,F,13.78,3,14.89,44.67,41.339999999999996,3.3300000000000054
3250,2022-01-26 09:49:00,P0084,6,Americanexpress,374288105402951,F,9.69,2,11.19,22.38,19.38,3.0
3251,2022-01-26 10:02:00,P0210,9,Americanexpress,374283045755436,T,2.78,2,3.89,7.78,5.56,2.2200000000000006
3252,2022-01-26 11:29:00,P0059,6,Mastercard,5108751379164724,F,11.0,3,11.59,34.769999999999996,33.0,1.769999999999996
3253,2022-01-26 13:58:00,P0475,7,Visa,4041598788139943,F,8.08,2,8.79,17.58,16.16,1.4199999999999982
3254,2022-01-26 14:22:00,P0400,4,Americanexpress,374288765861447,F,6.39,1,7.69,7.69,6.39,1.3000000000000007
3255,2022-01-26 14:54:00,P0460,8,Mastercard,5108754758895884,T,4.37,1,4.99,4.99,4.37,0.6200000000000001
3256,2022-01-26 15:20:00,P0104,6,Visa,4041596503805,F,14.48,1,15.59,15.59,14.48,1.1099999999999994
3257,2022-01-26 16:53:00,P0323,6,Mastercard,5108754694022601,T,0.34,2,1.29,2.58,0.68,1.9
3258,2022-01-26 17:47:00,P0293,6,Mastercard,5048376895341052,F,18.19,3,19.89,59.67,54.57000000000001,5.099999999999994
3259,2022-01-26 23:59:00,P0079,3,Americanexpress,374283150171239,F,0.09,1,1.09,1.09,0.09,1.0
3260,2022-01-27 00:22:00,P0587,8,Americanexpress,374288297021767,F,13.88,1,14.89,14.89,13.88,1.0099999999999998
3261,2022-01-27 01:32:00,P0347,6,Americanexpress,374288621688430,F,5.37,1,6.29,6.29,5.37,0.9199999999999999
3262,2022-01-27 03:37:00,P0140,5,Americanexpress,374288435450811,F,1.11,4,1.69,6.76,4.44,2.3199999999999994
3263,2022-01-27 12:28:00,P0360,4,Mastercard,5048371027829157,F,5.54,1,6.59,6.59,5.54,1.0499999999999998
3264,2022-01-27 14:08:00,P0453,5,Mastercard,5048377304484269,F,12.82,1,14.49,14.49,12.82,1.67
3265,2022-01-27 16:59:00,P0396,3,Mastercard,5108757512184412,F,4.18,1,4.89,4.89,4.18,0.71
3266,2022-01-27 18:40:00,P0104,9,Mastercard,5048375266784247,F,14.48,2,15.59,31.18,28.96,2.219999999999999
3267,2022-01-27 19:17:00,P0196,7,Americanexpress,374288193915625,F,13.84,2,14.89,29.78,27.68,2.1000000000000014
3268,2022-01-28 00:55:00,P0563,4,Visa,4041591119862,F,9.86,5,11.29,56.449999999999996,49.3,7.149999999999999
3269,2022-01-28 01:29:00,P0489,7,Mastercard,5108757235301194,F,8.46,1,9.49,9.49,8.46,1.0299999999999994
3270,2022-01-28 02:42:00,P0345,5,Americanexpress,374288638842327,F,7.18,1,8.19,8.19,7.18,1.0099999999999998
3271,2022-01-28 04:21:00,P0366,8,Mastercard,5048378883078878,F,13.27,1,14.69,14.69,13.27,1.42
3272,2022-01-28 05:35:00,P0369,7,Americanexpress,374283270555980,T,8.08,2,8.79,17.58,16.16,1.4199999999999982
3273,2022-01-28 06:26:00,P0283,5,Mastercard,5048371910536398,F,1.68,4,1.89,7.56,6.72,0.8399999999999999
3274,2022-01-28 07:03:00,P0389,7,Visa,4041590086740,T,5.95,3,7.19,21.57,17.85,3.719999999999999
3275,2022-01-28 08:03:00,P0312,5,Visa,4041595073239289,F,17.43,2,18.49,36.98,34.86,2.1199999999999974
3276,2022-01-28 09:50:00,P0519,7,Mastercard,5048374337342101,F,12.45,1,14.09,14.09,12.45,1.6400000000000006
3277,2022-01-28 11:48:00,P0409,9,Visa,4041597600303,F,18.03,1,19.69,19.69,18.03,1.6600000000000001
3278,2022-01-28 12:48:00,P0599,4,Mastercard,5048372058050697,F,13.54,5,14.79,73.94999999999999,67.69999999999999,6.25
3279,2022-01-28 13:34:00,P0679,7,Visa,4041591894713453,F,10.51,2,11.59,23.18,21.02,2.16
3280,2022-01-28 15:06:00,P0615,7,Visa,4041598246179093,F,19.95,3,21.39,64.17,59.849999999999994,4.320000000000007
3281,2022-01-28 16:33:00,P0009,9,Visa,4041593673030521,F,16.69,4,18.09,72.36,66.76,5.599999999999994
3282,2022-01-28 16:42:00,P0077,6,Americanexpress,374288692530651,F,6.54,1,7.89,7.89,6.54,1.3499999999999996
3283,2022-01-28 17:47:00,P0241,7,Mastercard,5108751843971720,F,2.03,1,2.59,2.59,2.03,0.56
3284,2022-01-28 18:51:00,P0467,5,Mastercard,5048370760684639,F,4.66,2,4.99,9.98,9.32,0.6600000000000001
3285,2022-01-29 00:04:00,P0116,8,Mastercard,5108755195255996,F,12.24,2,13.89,27.78,24.48,3.3000000000000007
3286,2022-01-29 03:02:00,P0484,3,Mastercard,5108752966692713,F,10.9,6,11.59,69.53999999999999,65.4,4.139999999999986
3287,2022-01-29 07:20:00,P0499,6,Mastercard,5048378187541845,F,16.3,1,17.99,17.99,16.3,1.6899999999999977
3288,2022-01-29 09:48:00,P0572,4,Visa,4041591397909061,F,5.45,1,6.39,6.39,5.45,0.9399999999999995
3289,2022-01-29 14:08:00,P0581,5,Visa,4041595295591319,F,0.51,4,1.49,5.96,2.04,3.92
3290,2022-01-29 17:51:00,P0293,5,Mastercard,5108753831871235,F,18.19,3,19.89,59.67,54.57000000000001,5.099999999999994
3291,2022-01-29 20:33:00,P0708,4,Americanexpress,374283775255714,F,17.79,2,19.19,38.38,35.58,2.8000000000000043
3292,2022-01-29 21:52:00,P0435,8,Americanexpress,374288195306229,F,7.88,3,8.39,25.17,23.64,1.5300000000000011
3293,2022-01-29 22:24:00,P0556,4,Visa,4041594261426386,F,5.5,1,6.49,6.49,5.5,0.9900000000000002
3294,2022-01-30 01:16:00,P0399,3,Americanexpress,374288814258496,F,9.83,3,11.29,33.87,29.490000000000002,4.3799999999999955
3295,2022-01-30 07:30:00,P0059,7,Americanexpress,374288495663089,F,11.0,1,11.59,11.59,11.0,0.5899999999999999
3296,2022-01-30 08:25:00,P0595,8,Mastercard,5108757948276584,F,17.58,2,18.79,37.58,35.16,2.4200000000000017
3297,2022-01-30 10:17:00,P0422,2,Americanexpress,374288457339785,F,4.3,1,4.99,4.99,4.3,0.6900000000000004
3298,2022-01-30 10:37:00,P0687,7,Visa,4041593858699,F,16.69,1,18.09,18.09,16.69,1.3999999999999986
3299,2022-01-30 12:57:00,P0050,7,Americanexpress,374283585498371,T,16.93,3,18.19,54.57000000000001,50.79,3.7800000000000082
3300,2022-01-30 14:48:00,P0247,7,Mastercard,5108753794976807,F,13.58,3,14.79,44.37,40.74,3.6299999999999955
3301,2022-01-30 17:43:00,P0396,5,Visa,4041599116098165,F,4.18,3,4.89,14.669999999999998,12.54,2.129999999999999
3302,2022-01-30 18:28:00,P0452,5,Visa,4041598230589,F,8.33,2,9.29,18.58,16.66,1.9199999999999982
3303,2022-01-30 18:58:00,P0592,9,Mastercard,5048377420110608,F,7.44,1,8.29,8.29,7.44,0.8499999999999988
3304,2022-01-30 19:18:00,P0395,5,Americanexpress,374283928726603,F,2.55,4,3.59,14.36,10.2,4.16
3305,2022-01-30 21:19:00,P0108,5,Visa,4041596992393736,F,16.62,4,18.09,72.36,66.48,5.8799999999999955
3306,2022-01-31 00:39:00,P0683,5,Americanexpress,374288825663890,F,11.0,3,11.59,34.769999999999996,33.0,1.769999999999996
3307,2022-01-31 02:34:00,P0547,4,Visa,4041591098712806,F,20.0,2,21.49,42.98,40.0,2.979999999999997
3308,2022-01-31 02:44:00,P0127,7,Visa,4041590593762118,T,13.91,1,14.89,14.89,13.91,0.9800000000000004
3309,2022-01-31 05:10:00,P0355,3,Visa,4041595624362,F,6.54,3,7.89,23.669999999999998,19.62,4.049999999999997
3310,2022-01-31 08:28:00,P0189,4,Mastercard,5108755181385609,F,13.1,1,14.69,14.69,13.1,1.5899999999999999
3311,2022-01-31 08:57:00,P0608,6,Americanexpress,374288614703576,F,11.04,3,11.69,35.07,33.12,1.9500000000000028
3312,2022-01-31 09:27:00,P0328,8,Visa,4041596275776,F,3.18,2,4.39,8.78,6.36,2.419999999999999
3313,2022-01-31 09:41:00,P0403,6,Americanexpress,374288184622941,T,18.82,1,20.79,20.79,18.82,1.9699999999999989
3314,2022-01-31 11:16:00,P0419,4,Mastercard,5108758012246388,F,16.66,1,18.09,18.09,16.66,1.4299999999999997
3315,2022-01-31 12:58:00,P0431,4,Americanexpress,374288382338803,F,10.67,3,11.59,34.769999999999996,32.01,2.759999999999998
3316,2022-01-31 13:05:00,P0534,7,Mastercard,5048379510806335,F,7.63,1,8.29,8.29,7.63,0.6599999999999993
3317,2022-01-31 13:37:00,P0222,8,Americanexpress,374283237905633,F,16.56,1,18.09,18.09,16.56,1.5300000000000011
3318,2022-01-31 19:55:00,P0440,4,Visa,4041597411800,T,8.88,5,10.19,50.949999999999996,44.400000000000006,6.54999999999999
3319,2022-01-31 20:17:00,P0511,9,Americanexpress,374288979497244,F,7.06,2,8.19,16.38,14.12,2.26
3320,2022-01-31 23:45:00,P0352,8,Americanexpress,374288279638208,T,2.04,5,2.59,12.95,10.2,2.75
3321,2022-02-01 00:05:00,P0319,8,Mastercard,5048376211348971,F,3.51,1,4.69,4.69,3.51,1.1800000000000006
3322,2022-02-01 00:45:00,P0451,6,Americanexpress,374288701616285,F,2.41,3,3.29,9.870000000000001,7.23,2.6400000000000006
3323,2022-02-01 02:17:00,P0458,6,Visa,4041593772957,F,9.0,1,10.39,10.39,9.0,1.3900000000000006
3324,2022-02-01 04:21:00,P0403,8,Mastercard,5108750009573510,F,18.82,1,20.79,20.79,18.82,1.9699999999999989
3325,2022-02-01 08:18:00,P0485,6,Visa,4041595109216,F,19.85,3,21.39,64.17,59.550000000000004,4.619999999999997
3326,2022-02-01 10:36:00,P0405,4,Americanexpress,374283410001853,F,18.2,2,19.99,39.98,36.4,3.5799999999999983
3327,2022-02-01 10:59:00,P0429,4,Visa,4041598936500632,F,0.78,2,1.59,3.18,1.56,1.62
3328,2022-02-01 11:07:00,P0454,4,Visa,4041596955724,F,5.79,1,6.99,6.99,5.79,1.2000000000000002
3329,2022-02-01 11:48:00,P0266,5,Americanexpress,374283272542531,F,7.49,2,8.29,16.58,14.98,1.5999999999999979
3330,2022-02-01 12:06:00,P0371,8,Mastercard,5048375461371014,F,5.38,3,6.29,18.87,16.14,2.7300000000000004
3331,2022-02-01 14:54:00,P0629,2,Visa,4041595150947,F,6.4,1,7.79,7.79,6.4,1.3899999999999997
3332,2022-02-01 15:04:00,P0348,5,Americanexpress,374283468198502,F,6.83,7,8.09,56.629999999999995,47.81,8.819999999999993
3333,2022-02-01 16:01:00,P0407,4,Americanexpress,374283876459496,F,12.35,2,13.99,27.98,24.7,3.280000000000001
3334,2022-02-01 16:10:00,P0290,4,Visa,4041599425972,F,18.11,1,19.79,19.79,18.11,1.6799999999999997
3335,2022-02-01 20:03:00,P0427,7,Mastercard,5048371831879208,T,12.94,2,14.59,29.18,25.88,3.3000000000000007
3336,2022-02-01 20:37:00,P0051,8,Americanexpress,374288107572645,F,16.95,1,18.19,18.19,16.95,1.240000000000002
3337,2022-02-02 00:35:00,P0638,4,Americanexpress,374288204434426,F,16.92,1,18.19,18.19,16.92,1.2699999999999996
3338,2022-02-02 01:23:00,P0372,4,Mastercard,5108751927874873,F,5.75,2,6.89,13.78,11.5,2.2799999999999994
3339,2022-02-02 01:50:00,P0422,5,Mastercard,5048375699507462,F,4.3,1,4.99,4.99,4.3,0.6900000000000004
3340,2022-02-02 06:52:00,P0318,5,Americanexpress,374283547018127,F,6.76,1,7.99,7.99,6.76,1.2300000000000004
3341,2022-02-02 15:34:00,P0146,6,Mastercard,5108759302627659,F,14.53,3,15.69,47.07,43.589999999999996,3.480000000000004
3342,2022-02-02 15:58:00,P0099,7,Americanexpress,374288571283356,F,5.98,2,7.29,14.58,11.96,2.619999999999999
3343,2022-02-02 18:20:00,P0707,6,Americanexpress,374283403610439,F,16.18,2,17.89,35.78,32.36,3.4200000000000017
3344,2022-02-02 19:20:00,P0144,9,Americanexpress,374288705517307,F,4.51,3,4.99,14.97,13.53,1.4400000000000013
3345,2022-02-02 19:29:00,P0518,5,Mastercard,5048377218687106,F,16.41,3,17.99,53.97,49.230000000000004,4.739999999999995
3346,2022-02-02 22:43:00,P0571,7,Visa,4041595163713003,F,4.35,1,4.99,4.99,4.35,0.6400000000000006
3347,2022-02-03 01:23:00,P0410,7,Visa,4041592448250687,F,2.95,1,4.09,4.09,2.95,1.1399999999999997
3348,2022-02-03 05:44:00,P0210,7,Visa,4041593576952,F,2.78,1,3.89,3.89,2.78,1.1100000000000003
3349,2022-02-03 06:11:00,P0696,6,Mastercard,5048378775662110,F,3.38,4,4.59,18.36,13.52,4.84
3350,2022-02-03 10:00:00,P0400,10,Visa,4041597141399,F,6.39,3,7.69,23.07,19.169999999999998,3.900000000000002
3351,2022-02-03 11:39:00,P0718,5,Mastercard,5108759603321804,F,9.82,3,11.29,33.87,29.46,4.409999999999997
3352,2022-02-03 13:02:00,P0426,5,Mastercard,5048370888094430,F,16.0,1,17.79,17.79,16.0,1.7899999999999991
3353,2022-02-03 20:57:00,P0098,6,Mastercard,5048372343725939,F,0.74,4,1.59,6.36,2.96,3.4000000000000004
3354,2022-02-03 22:25:00,P0402,9,Americanexpress,374283592215305,F,11.61,1,12.79,12.79,11.61,1.1799999999999997
3355,2022-02-03 22:59:00,P0166,7,Americanexpress,374283703398925,F,10.88,1,11.59,11.59,10.88,0.7099999999999991
3356,2022-02-03 23:19:00,P0169,3,Americanexpress,374288346933293,T,6.79,1,7.99,7.99,6.79,1.2000000000000002
3357,2022-02-04 05:16:00,P0484,8,Mastercard,5048377458694325,F,10.9,3,11.59,34.769999999999996,32.7,2.069999999999993
3358,2022-02-04 05:57:00,P0447,4,Visa,4041597494079,F,13.43,1,14.79,14.79,13.43,1.3599999999999994
3359,2022-02-04 09:24:00,P0534,5,Mastercard,5048370626228472,F,7.63,1,8.29,8.29,7.63,0.6599999999999993
3360,2022-02-04 09:50:00,P0642,6,Visa,4041594256984,F,5.45,4,6.39,25.56,21.8,3.759999999999998
3361,2022-02-04 12:38:00,P0292,7,Americanexpress,374283930828017,F,10.49,7,11.49,80.43,73.43,7.0
3362,2022-02-04 12:56:00,P0709,3,Americanexpress,374283654554468,F,14.56,1,15.69,15.69,14.56,1.129999999999999
3363,2022-02-04 13:11:00,P0336,6,Unknown,5010122263159591,F,8.17,1,8.89,8.89,8.17,0.7200000000000006
3364,2022-02-04 17:07:00,P0227,5,Mastercard,5048374762757229,F,7.59,3,8.29,24.869999999999997,22.77,2.099999999999998
3365,2022-02-04 20:59:00,P0050,5,Mastercard,5048378799451730,T,16.93,4,18.19,72.76,67.72,5.040000000000006
3366,2022-02-04 21:24:00,P0048,6,Mastercard,5108755882763237,F,17.85,4,19.29,77.16,71.4,5.759999999999991
3367,2022-02-05 01:55:00,P0268,6,Mastercard,5048378367622076,T,11.93,3,13.39,40.17,35.79,4.380000000000003
3368,2022-02-05 03:19:00,P0523,7,Mastercard,5108753774961217,F,11.74,4,13.09,52.36,46.96,5.399999999999999
3369,2022-02-05 09:51:00,P0504,7,Mastercard,5108757360830595,F,3.38,3,4.59,13.77,10.14,3.629999999999999
3370,2022-02-05 12:49:00,P0396,4,Mastercard,5108756494987388,F,4.18,4,4.89,19.56,16.72,2.84
3371,2022-02-05 16:05:00,P0223,8,Americanexpress,374288730081485,F,6.71,2,7.99,15.98,13.42,2.5600000000000005
3372,2022-02-05 18:01:00,P0492,9,Americanexpress,374283865333819,F,16.12,1,17.89,17.89,16.12,1.7699999999999996
3373,2022-02-05 20:11:00,P0083,6,Visa,4041591405881,F,3.42,2,4.59,9.18,6.84,2.34
3374,2022-02-05 23:54:00,P0470,7,Visa,4041591232075649,F,18.14,1,19.89,19.89,18.14,1.75
3375,2022-02-06 00:43:00,P0255,6,Mastercard,5048371907555252,F,18.85,1,20.79,20.79,18.85,1.9399999999999977
3376,2022-02-06 01:58:00,P0406,3,Americanexpress,374283084435817,F,7.19,2,8.19,16.38,14.38,1.9999999999999982
3377,2022-02-06 07:09:00,P0246,6,Visa,4041593337037334,F,18.7,2,20.69,41.38,37.4,3.980000000000004
3378,2022-02-06 07:27:00,P0407,3,Mastercard,5048377357905277,F,12.35,1,13.99,13.99,12.35,1.6400000000000006
3379,2022-02-06 08:36:00,P0290,7,Mastercard,5108753642932200,F,18.11,1,19.79,19.79,18.11,1.6799999999999997
3380,2022-02-06 09:21:00,P0180,7,Mastercard,5108751550759185,F,19.25,2,21.19,42.38,38.5,3.8800000000000026
3381,2022-02-06 10:59:00,P0606,8,Americanexpress,374288802944727,F,14.31,4,15.19,60.76,57.24,3.519999999999996
3382,2022-02-06 12:33:00,P0334,11,Americanexpress,374283144213113,F,5.53,2,6.59,13.18,11.06,2.119999999999999
3383,2022-02-06 13:41:00,P0513,6,Americanexpress,374288733851785,T,0.97,2,1.59,3.18,1.94,1.2400000000000002
3384,2022-02-06 14:47:00,P0330,4,Americanexpress,374283817251721,F,11.06,3,11.69,35.07,33.18,1.8900000000000006
3385,2022-02-06 14:47:00,P0499,5,Mastercard,5108756289828466,F,16.3,5,17.99,89.94999999999999,81.5,8.449999999999989
3386,2022-02-06 19:05:00,P0270,2,Americanexpress,374283358466084,F,6.97,2,8.09,16.18,13.94,2.24
3387,2022-02-06 23:53:00,P0286,8,Mastercard,5048373054690577,F,10.87,3,11.59,34.769999999999996,32.61,2.1599999999999966
3388,2022-02-07 00:02:00,P0430,6,Unknown,201701065073926,F,17.67,1,18.99,18.99,17.67,1.3199999999999967
3389,2022-02-07 01:33:00,P0446,8,Mastercard,5108752817264100,F,16.57,2,18.09,36.18,33.14,3.039999999999999
3390,2022-02-07 01:36:00,P0285,6,Visa,4041591496142408,F,2.73,1,3.79,3.79,2.73,1.06
3391,2022-02-07 03:36:00,P0603,7,Mastercard,5048371892535269,F,19.88,2,21.39,42.78,39.76,3.020000000000003
3392,2022-02-07 03:57:00,P0510,6,Mastercard,5108755203928188,T,9.35,1,10.89,10.89,9.35,1.540000000000001
3393,2022-02-07 05:54:00,P0381,4,Americanexpress,374283955402920,F,5.05,3,5.69,17.07,15.149999999999999,1.9200000000000017
3394,2022-02-07 10:09:00,P0464,5,Americanexpress,374283406718866,F,9.81,1,11.29,11.29,9.81,1.4799999999999986
3395,2022-02-07 12:07:00,P0270,5,Visa,4041594605578,T,6.97,3,8.09,24.27,20.91,3.3599999999999994
3396,2022-02-07 12:59:00,P0523,6,Americanexpress,374283695367326,F,11.74,2,13.09,26.18,23.48,2.6999999999999993
3397,2022-02-07 16:44:00,P0474,4,Mastercard,5108756656033906,F,15.66,2,17.49,34.98,31.32,3.6599999999999966
3398,2022-02-07 16:50:00,P0493,1,Visa,4041597825933599,F,18.02,4,19.69,78.76,72.08,6.680000000000007
3399,2022-02-08 00:42:00,P0601,6,Americanexpress,374288859835216,F,4.54,1,4.99,4.99,4.54,0.4500000000000002
3400,2022-02-08 01:55:00,P0278,4,Visa,4041594934323002,F,13.24,1,14.69,14.69,13.24,1.4499999999999993
3401,2022-02-08 04:13:00,P0365,4,Mastercard,5048374588877151,F,14.34,1,15.29,15.29,14.34,0.9499999999999993
3402,2022-02-08 04:52:00,P0395,5,Visa,4041592390027802,F,2.55,2,3.59,7.18,5.1,2.08
3403,2022-02-08 04:52:00,P0065,8,Mastercard,5108750224866509,F,15.39,2,17.19,34.38,30.78,3.6000000000000014
3404,2022-02-08 07:21:00,P0088,4,Visa,4041594395277325,F,15.63,2,17.49,34.98,31.26,3.7199999999999953
3405,2022-02-08 08:00:00,P0281,5,Americanexpress,374288537442070,F,2.39,2,3.29,6.58,4.78,1.7999999999999998
3406,2022-02-08 13:13:00,P0007,3,Mastercard,5108758712661985,F,11.81,3,13.19,39.57,35.43,4.140000000000001
3407,2022-02-08 14:11:00,P0390,6,Mastercard,5048371438884890,F,14.31,6,15.19,91.14,85.86,5.280000000000001
3408,2022-02-08 14:11:00,P0397,6,Americanexpress,374288861454832,F,13.67,3,14.89,44.67,41.01,3.6600000000000037
3409,2022-02-08 15:51:00,P0260,3,Visa,4041593270002,F,15.96,2,17.79,35.58,31.92,3.6599999999999966
3410,2022-02-08 20:10:00,P0164,9,Americanexpress,374283508729928,F,18.98,1,20.99,20.99,18.98,2.009999999999998
3411,2022-02-08 23:38:00,P0522,9,Visa,4041591935835489,F,4.9,3,5.39,16.169999999999998,14.700000000000001,1.469999999999997
3412,2022-02-09 00:11:00,P0090,8,Americanexpress,374283019553288,F,11.11,3,11.79,35.37,33.33,2.039999999999999
3413,2022-02-09 00:59:00,P0625,4,Visa,4041596126400266,F,5.15,1,5.89,5.89,5.15,0.7399999999999993
3414,2022-02-09 01:14:00,P0375,4,Americanexpress,374288170726227,F,15.75,2,17.59,35.18,31.5,3.6799999999999997
3415,2022-02-09 01:23:00,P0295,5,Visa,4041598477171413,F,1.43,1,1.69,1.69,1.43,0.26
3416,2022-02-09 01:54:00,P0585,8,Americanexpress,374288131498296,F,3.81,1,4.79,4.79,3.81,0.98
3417,2022-02-09 02:36:00,P0507,5,Visa,4041598283208,F,8.17,1,8.89,8.89,8.17,0.7200000000000006
3418,2022-02-09 03:41:00,P0099,7,Mastercard,5048379830821659,T,5.98,1,7.29,7.29,5.98,1.3099999999999996
3419,2022-02-09 06:55:00,P0539,6,Americanexpress,374288965153439,F,8.13,1,8.89,8.89,8.13,0.7599999999999998
3420,2022-02-09 08:28:00,P0342,7,Visa,4041599111230045,F,18.73,1,20.69,20.69,18.73,1.9600000000000009
3421,2022-02-09 09:54:00,P0305,6,Mastercard,5108757201669897,F,8.74,3,9.99,29.97,26.22,3.75
3422,2022-02-09 11:06:00,P0592,5,Americanexpress,374283271383424,F,7.44,1,8.29,8.29,7.44,0.8499999999999988
3423,2022-02-09 11:37:00,P0531,10,Americanexpress,374288018830363,F,3.2,5,4.39,21.95,16.0,5.949999999999999
3424,2022-02-09 14:07:00,P0161,6,Americanexpress,374283682887005,F,19.42,4,21.29,85.16,77.68,7.47999999999999
3425,2022-02-09 15:50:00,P0238,7,Mastercard,5048377443489112,F,6.0,2,7.29,14.58,12.0,2.58
3426,2022-02-09 16:19:00,P0393,7,Visa,4041599212964484,F,10.94,1,11.59,11.59,10.94,0.6500000000000004
3427,2022-02-09 17:43:00,P0493,8,Mastercard,5048376871115116,F,18.02,1,19.69,19.69,18.02,1.6700000000000017
3428,2022-02-09 17:55:00,P0537,7,Americanexpress,374283383191343,F,8.62,2,9.79,19.58,17.24,2.34
3429,2022-02-09 18:55:00,P0072,4,Americanexpress,374288414627397,T,13.26,3,14.69,44.07,39.78,4.289999999999999
3430,2022-02-09 19:06:00,P0448,6,Mastercard,5108755389494351,F,7.11,2,8.19,16.38,14.22,2.1599999999999984
3431,2022-02-09 19:21:00,P0021,6,Visa,4041593764764,F,14.13,2,14.89,29.78,28.26,1.5199999999999996
3432,2022-02-09 19:23:00,P0011,9,Mastercard,5108751088960404,F,9.15,2,10.59,21.18,18.3,2.879999999999999
3433,2022-02-09 21:59:00,P0555,7,Visa,4041592394835390,F,19.13,2,21.09,42.18,38.26,3.9200000000000017
3434,2022-02-10 00:11:00,P0108,8,Americanexpress,374283159905082,F,16.62,1,18.09,18.09,16.62,1.4699999999999989
3435,2022-02-10 00:34:00,P0520,7,Visa,4041597026828705,F,18.18,3,19.89,59.67,54.54,5.130000000000003
3436,2022-02-10 04:36:00,P0083,5,Mastercard,5048374644545156,F,3.42,2,4.59,9.18,6.84,2.34
3437,2022-02-10 06:27:00,P0365,7,Visa,4041598230688,F,14.34,3,15.29,45.87,43.019999999999996,2.8500000000000014
3438,2022-02-10 08:54:00,P0572,6,Mastercard,5048373482182684,F,5.45,2,6.39,12.78,10.9,1.879999999999999
3439,2022-02-10 13:51:00,P0692,6,Americanexpress,374288914432850,F,11.98,3,13.49,40.47,35.94,4.530000000000001
3440,2022-02-10 14:53:00,P0245,8,Americanexpress,374288175261501,F,4.19,2,4.89,9.78,8.38,1.3999999999999986
3441,2022-02-10 17:10:00,P0137,5,Americanexpress,374288496256651,F,1.91,1,2.39,2.39,1.91,0.4800000000000002
3442,2022-02-10 18:17:00,P0592,5,Mastercard,5048372754684864,F,7.44,2,8.29,16.58,14.88,1.6999999999999975
3443,2022-02-10 18:22:00,P0680,7,Visa,4041596649873759,F,19.16,4,21.09,84.36,76.64,7.719999999999999
3444,2022-02-10 19:26:00,P0290,6,Mastercard,5048372491727471,F,18.11,2,19.79,39.58,36.22,3.3599999999999994
3445,2022-02-10 19:59:00,P0518,6,Americanexpress,374283899750137,F,16.41,1,17.99,17.99,16.41,1.5799999999999983
3446,2022-02-11 00:09:00,P0350,4,Visa,4041597872648900,F,17.21,2,18.19,36.38,34.42,1.9600000000000009
3447,2022-02-11 01:52:00,P0012,8,Mastercard,5108759104035952,F,11.93,3,13.39,40.17,35.79,4.380000000000003
3448,2022-02-11 04:07:00,P0292,6,Mastercard,5048372030829713,F,10.49,4,11.49,45.96,41.96,4.0
3449,2022-02-11 04:16:00,P0414,4,Visa,4041599917459004,F,10.22,4,11.49,45.96,40.88,5.079999999999998
3450,2022-02-11 06:26:00,P0116,6,Visa,4041590195831626,F,12.24,1,13.89,13.89,12.24,1.6500000000000004
3451,2022-02-11 06:55:00,P0443,7,Mastercard,5048373523962292,F,11.72,3,12.99,38.97,35.160000000000004,3.809999999999995
3452,2022-02-11 07:56:00,P0150,4,Visa,4041595169785484,T,19.07,2,21.09,42.18,38.14,4.039999999999999
3453,2022-02-11 08:09:00,P0739,8,Americanexpress,374288787703353,F,10.65,1,11.59,11.59,10.65,0.9399999999999995
3454,2022-02-11 08:11:00,P0380,6,Americanexpress,374283738419639,F,10.56,3,11.59,34.769999999999996,31.68,3.0899999999999963
3455,2022-02-11 11:03:00,P0162,5,Visa,4041593251414766,F,18.21,1,19.99,19.99,18.21,1.7799999999999976
3456,2022-02-11 12:41:00,P0401,5,Visa,4041597070211014,F,16.69,2,18.09,36.18,33.38,2.799999999999997
3457,2022-02-11 18:55:00,P0518,2,Mastercard,5048370278093273,T,16.41,2,17.99,35.98,32.82,3.1599999999999966
3458,2022-02-11 19:42:00,P0377,8,Visa,4041599047096437,F,0.12,1,1.19,1.19,0.12,1.0699999999999998
3459,2022-02-11 21:39:00,P0492,7,Visa,4041592867461351,F,16.12,1,17.89,17.89,16.12,1.7699999999999996
3460,2022-02-11 23:31:00,P0522,5,Americanexpress,374288217816643,F,4.9,1,5.39,5.39,4.9,0.4899999999999993
3461,2022-02-12 01:42:00,P0263,7,Visa,4041598586893691,F,2.27,2,3.09,6.18,4.54,1.6399999999999997
3462,2022-02-12 05:51:00,P0345,5,Visa,4041597868678,F,7.18,1,8.19,8.19,7.18,1.0099999999999998
3463,2022-02-12 06:29:00,P0073,8,Mastercard,5048375983064774,F,15.31,4,16.99,67.96,61.24,6.719999999999992
3464,2022-02-12 06:46:00,P0420,6,Americanexpress,374288624685268,F,18.06,1,19.69,19.69,18.06,1.6300000000000026
3465,2022-02-12 08:18:00,P0366,8,Visa,4041598274041,F,13.27,4,14.69,58.76,53.08,5.68
3466,2022-02-12 14:15:00,P0475,4,Mastercard,5108756821524508,F,8.08,1,8.79,8.79,8.08,0.7099999999999991
3467,2022-02-12 16:08:00,P0270,8,Mastercard,5108755936558138,F,6.97,1,8.09,8.09,6.97,1.12
3468,2022-02-12 17:07:00,P0482,5,Americanexpress,374283680947660,F,2.75,1,3.89,3.89,2.75,1.1400000000000001
3469,2022-02-12 17:15:00,P0276,7,Americanexpress,374288048340359,F,18.02,4,19.69,78.76,72.08,6.680000000000007
3470,2022-02-12 20:33:00,P0652,6,Visa,4041599546010780,F,0.87,2,1.59,3.18,1.74,1.4400000000000002
3471,2022-02-12 21:07:00,P0304,5,Americanexpress,374283053859484,F,9.19,2,10.69,21.38,18.38,3.0
3472,2022-02-13 00:49:00,P0198,4,Americanexpress,374288619482416,T,17.0,1,18.19,18.19,17.0,1.1900000000000013
3473,2022-02-13 01:07:00,P0493,6,Visa,4041595431003609,F,18.02,1,19.69,19.69,18.02,1.6700000000000017
3474,2022-02-13 02:37:00,P0026,4,Americanexpress,374283871285466,T,13.19,1,14.69,14.69,13.19,1.5
3475,2022-02-13 03:33:00,P0526,9,Mastercard,5108757420267416,F,3.83,3,4.79,14.370000000000001,11.49,2.880000000000001
3476,2022-02-13 06:38:00,P0407,6,Mastercard,5048371456452810,F,12.35,1,13.99,13.99,12.35,1.6400000000000006
3477,2022-02-13 10:19:00,P0597,5,Americanexpress,374288005699987,F,12.19,3,13.79,41.37,36.57,4.799999999999997
3478,2022-02-13 13:03:00,P0417,7,Americanexpress,374288106174351,F,16.73,5,18.09,90.45,83.65,6.799999999999997
3479,2022-02-13 17:23:00,P0259,6,Mastercard,5048373880155654,F,5.21,3,5.99,17.97,15.629999999999999,2.34
3480,2022-02-13 19:09:00,P0089,9,Unknown,6333141012127327,F,12.63,1,14.29,14.29,12.63,1.6599999999999984
3481,2022-02-13 20:22:00,P0351,7,Mastercard,5108751151794805,F,10.04,3,11.39,34.17,30.119999999999997,4.050000000000004
3482,2022-02-13 20:37:00,P0369,9,Visa,4041590336173870,F,8.08,2,8.79,17.58,16.16,1.4199999999999982
3483,2022-02-13 22:22:00,P0423,7,Mastercard,5108750354728149,T,14.04,1,14.89,14.89,14.04,0.8500000000000014
3484,2022-02-13 22:57:00,P0321,7,Mastercard,5048371320798927,T,17.35,3,18.29,54.87,52.050000000000004,2.819999999999993
3485,2022-02-14 01:25:00,P0264,7,Mastercard,5108757192051360,F,4.11,1,4.89,4.89,4.11,0.7799999999999994
3486,2022-02-14 01:28:00,P0486,5,Americanexpress,374288793920223,F,6.52,5,7.89,39.449999999999996,32.599999999999994,6.850000000000001
3487,2022-02-14 01:36:00,P0011,1,Americanexpress,374288437121816,F,9.15,2,10.59,21.18,18.3,2.879999999999999
3488,2022-02-14 02:17:00,P0422,7,Visa,4041599165313,F,4.3,2,4.99,9.98,8.6,1.3800000000000008
3489,2022-02-14 03:56:00,P0360,3,Americanexpress,374288939323100,F,5.54,1,6.59,6.59,5.54,1.0499999999999998
3490,2022-02-14 07:05:00,P0025,8,Americanexpress,374283847927134,F,14.18,2,14.99,29.98,28.36,1.620000000000001
3491,2022-02-14 07:33:00,P0222,7,Americanexpress,374283898028063,F,16.56,1,18.09,18.09,16.56,1.5300000000000011
3492,2022-02-14 10:47:00,P0545,5,Mastercard,5048377472970941,F,6.62,1,7.89,7.89,6.62,1.2699999999999996
3493,2022-02-14 14:28:00,P0400,3,Americanexpress,374283211124953,F,6.39,3,7.69,23.07,19.169999999999998,3.900000000000002
3494,2022-02-14 19:41:00,P0433,7,Americanexpress,374283971000526,F,9.33,2,10.79,21.58,18.66,2.919999999999998
3495,2022-02-14 20:28:00,P0544,6,Unknown,5585708911370849,T,19.72,1,21.39,21.39,19.72,1.6700000000000017
3496,2022-02-14 23:11:00,P0394,6,Visa,4041595014954772,F,8.44,1,9.49,9.49,8.44,1.0500000000000007
3497,2022-02-14 23:14:00,P0348,7,Mastercard,5108755658730212,F,6.83,2,8.09,16.18,13.66,2.5199999999999996
3498,2022-02-15 02:37:00,P0428,7,Americanexpress,374288735785569,F,12.91,3,14.49,43.47,38.730000000000004,4.739999999999995
3499,2022-02-15 07:16:00,P0490,6,Mastercard,5048370928470251,F,5.54,1,6.59,6.59,5.54,1.0499999999999998
3500,2022-02-15 08:04:00,P0293,6,Mastercard,5048375613199230,F,18.19,6,19.89,119.34,109.14000000000001,10.199999999999989
3501,2022-02-15 08:39:00,P0269,7,Visa,4041592702252,F,13.6,1,14.79,14.79,13.6,1.1899999999999995
3502,2022-02-15 12:24:00,P0475,5,Mastercard,5048373623650904,F,8.08,2,8.79,17.58,16.16,1.4199999999999982
3503,2022-02-15 14:50:00,P0316,4,Mastercard,5048373261186401,F,1.81,2,2.19,4.38,3.62,0.7599999999999998
3504,2022-02-15 15:02:00,P0623,8,Mastercard,5108755561137539,F,16.64,1,18.09,18.09,16.64,1.4499999999999993
3505,2022-02-15 15:41:00,P0426,5,Visa,4041594551592426,F,16.0,1,17.79,17.79,16.0,1.7899999999999991
3506,2022-02-15 16:49:00,P0205,5,Americanexpress,374283998509608,F,16.68,3,18.09,54.269999999999996,50.04,4.229999999999997
3507,2022-02-15 19:35:00,P0360,5,Visa,4041595352349965,F,5.54,1,6.59,6.59,5.54,1.0499999999999998
3508,2022-02-15 19:56:00,P0291,3,Visa,4041596192088,F,14.13,2,14.89,29.78,28.26,1.5199999999999996
3509,2022-02-15 22:12:00,P0327,2,Americanexpress,374283596666503,F,7.13,3,8.19,24.57,21.39,3.1799999999999997
3510,2022-02-15 23:33:00,P0384,3,Mastercard,5108753122426889,F,4.83,1,5.19,5.19,4.83,0.3600000000000003
3511,2022-02-16 03:15:00,P0372,4,Visa,4041596989343,F,5.75,1,6.89,6.89,5.75,1.1399999999999997
3512,2022-02-16 03:30:00,P0553,6,Americanexpress,374283696477090,T,6.79,1,7.99,7.99,6.79,1.2000000000000002
3513,2022-02-16 07:23:00,P0410,6,Visa,4041592557011,F,2.95,1,4.09,4.09,2.95,1.1399999999999997
3514,2022-02-16 07:26:00,P0395,6,Unknown,30212201210007,F,2.55,1,3.59,3.59,2.55,1.04
3515,2022-02-16 09:15:00,P0602,7,Unknown,6763994738482650,F,15.81,5,17.59,87.95,79.05,8.900000000000006
3516,2022-02-16 10:18:00,P0217,3,Mastercard,5048373774893659,F,14.96,1,16.49,16.49,14.96,1.5299999999999976
3517,2022-02-16 10:55:00,P0187,9,Americanexpress,374288250553533,T,4.17,2,4.89,9.78,8.34,1.4399999999999995
3518,2022-02-16 11:02:00,P0647,7,Visa,4041593968432739,F,8.91,1,10.29,10.29,8.91,1.379999999999999
3519,2022-02-16 13:15:00,P0227,4,Unknown,3587213119532160,F,7.59,4,8.29,33.16,30.36,2.799999999999997
3520,2022-02-16 13:46:00,P0548,9,Visa,4041593372154,F,12.25,3,13.89,41.67,36.75,4.920000000000002
3521,2022-02-16 14:57:00,P0321,9,Americanexpress,374288162938632,F,17.35,1,18.29,18.29,17.35,0.9399999999999977
3522,2022-02-16 15:24:00,P0534,8,Visa,4041591917695,F,7.63,1,8.29,8.29,7.63,0.6599999999999993
3523,2022-02-16 17:30:00,P0524,5,Mastercard,5108753464842685,F,10.66,2,11.59,23.18,21.32,1.8599999999999994
3524,2022-02-16 17:32:00,P0227,6,Americanexpress,374283581673951,F,7.59,2,8.29,16.58,15.18,1.3999999999999986
3525,2022-02-16 20:56:00,P0481,2,Americanexpress,374288274415669,F,17.2,2,18.19,36.38,34.4,1.980000000000004
3526,2022-02-16 22:35:00,P0354,7,Mastercard,5108754010040568,T,15.35,2,17.09,34.18,30.7,3.4800000000000004
3527,2022-02-17 02:16:00,P0287,5,Visa,4041591492319,F,13.95,5,14.89,74.45,69.75,4.700000000000003
3528,2022-02-17 04:34:00,P0280,5,Visa,4041598816528,F,6.26,4,7.59,30.36,25.04,5.32
3529,2022-02-17 05:19:00,P0152,4,Visa,4041597446485284,F,16.33,3,17.99,53.97,48.989999999999995,4.980000000000004
3530,2022-02-17 05:44:00,P0263,5,Mastercard,5048370732921119,F,2.27,1,3.09,3.09,2.27,0.8199999999999998
3531,2022-02-17 06:06:00,P0379,5,Americanexpress,374283918773292,F,6.12,1,7.49,7.49,6.12,1.37
3532,2022-02-17 07:35:00,P0111,7,Visa,4041595256827,F,11.74,1,13.09,13.09,11.74,1.3499999999999996
3533,2022-02-17 07:37:00,P0095,6,Visa,4041599277829,F,3.42,4,4.59,18.36,13.68,4.68
3534,2022-02-17 08:22:00,P0186,7,Visa,4041592738967,F,11.46,1,12.49,12.49,11.46,1.0299999999999994
3535,2022-02-17 09:18:00,P0647,8,Visa,4041599524097,F,8.91,2,10.29,20.58,17.82,2.759999999999998
3536,2022-02-17 12:10:00,P0139,5,Visa,4041593429371641,T,4.69,6,4.99,29.94,28.14,1.8000000000000007
3537,2022-02-17 14:21:00,P0228,6,Mastercard,5048372644765683,F,0.09,1,1.09,1.09,0.09,1.0
3538,2022-02-17 15:16:00,P0275,9,Visa,4041597916883711,F,9.06,2,10.49,20.98,18.12,2.8599999999999994
3539,2022-02-17 15:31:00,P0205,9,Mastercard,5048378086123307,F,16.68,1,18.09,18.09,16.68,1.4100000000000001
3540,2022-02-17 18:00:00,P0181,7,Americanexpress,374288338511347,F,1.62,2,1.79,3.58,3.24,0.33999999999999986
3541,2022-02-17 18:31:00,P0601,3,Mastercard,5048371986428397,F,4.54,2,4.99,9.98,9.08,0.9000000000000004
3542,2022-02-17 19:10:00,P0410,5,Americanexpress,374283200335172,F,2.95,2,4.09,8.18,5.9,2.2799999999999994
3543,2022-02-17 23:32:00,P0388,8,Americanexpress,374288378756570,F,17.9,1,19.39,19.39,17.9,1.490000000000002
3544,2022-02-17 23:33:00,P0343,8,Mastercard,5048379775520332,F,3.66,2,4.79,9.58,7.32,2.26
3545,2022-02-17 23:36:00,P0237,1,Visa,4041590126717068,F,10.43,2,11.49,22.98,20.86,2.120000000000001
3546,2022-02-18 01:15:00,P0457,7,Americanexpress,374283321585978,T,2.02,2,2.59,5.18,4.04,1.1399999999999997
3547,2022-02-18 02:28:00,P0697,4,Americanexpress,374288589198406,F,19.48,5,21.29,106.44999999999999,97.4,9.049999999999983
3548,2022-02-18 02:51:00,P0195,2,Unknown,3563567968958992,F,17.91,3,19.39,58.17,53.730000000000004,4.439999999999998
3549,2022-02-18 03:44:00,P0667,6,Mastercard,5108756357340832,F,12.7,4,14.39,57.56,50.8,6.760000000000005
3550,2022-02-18 05:47:00,P0100,8,Visa,4041598718931559,F,12.05,3,13.59,40.769999999999996,36.150000000000006,4.61999999999999
3551,2022-02-18 06:57:00,P0406,6,Visa,4041596358434868,F,7.19,2,8.19,16.38,14.38,1.9999999999999982
3552,2022-02-18 10:01:00,P0352,7,Mastercard,5108756804713557,F,2.04,1,2.59,2.59,2.04,0.5499999999999998
3553,2022-02-18 11:14:00,P0332,4,Mastercard,5048374251900025,T,16.62,4,18.09,72.36,66.48,5.8799999999999955
3554,2022-02-18 11:20:00,P0313,6,Americanexpress,374288143292653,F,8.53,2,9.59,19.18,17.06,2.120000000000001
3555,2022-02-18 11:51:00,P0232,5,Americanexpress,374288309331972,F,1.66,1,1.89,1.89,1.66,0.22999999999999998
3556,2022-02-18 11:56:00,P0409,4,Americanexpress,374288535992720,F,18.03,1,19.69,19.69,18.03,1.6600000000000001
3557,2022-02-19 00:31:00,P0089,5,Americanexpress,374288817841215,F,12.63,1,14.29,14.29,12.63,1.6599999999999984
3558,2022-02-19 00:36:00,P0495,8,Visa,4041590151518225,F,4.23,2,4.99,9.98,8.46,1.5199999999999996
3559,2022-02-19 02:11:00,P0505,7,Americanexpress,374283672690872,F,3.97,2,4.89,9.78,7.94,1.839999999999999
3560,2022-02-19 03:23:00,P0616,5,Visa,4041599334830613,F,11.41,3,12.39,37.17,34.230000000000004,2.9399999999999977
3561,2022-02-19 09:53:00,P0228,8,Mastercard,5108756472315024,F,0.09,1,1.09,1.09,0.09,1.0
3562,2022-02-19 13:23:00,P0316,9,Visa,4041599169138199,F,1.81,1,2.19,2.19,1.81,0.3799999999999999
3563,2022-02-19 14:42:00,P0390,10,Mastercard,5048372254713064,F,14.31,1,15.19,15.19,14.31,0.879999999999999
3564,2022-02-19 17:17:00,P0339,7,Visa,4041592329071442,F,19.62,6,21.39,128.34,117.72,10.620000000000005
3565,2022-02-19 17:47:00,P0524,4,Americanexpress,374288313013376,F,10.66,1,11.59,11.59,10.66,0.9299999999999997
3566,2022-02-19 18:09:00,P0506,4,Mastercard,5108756568407610,F,10.54,1,11.59,11.59,10.54,1.0500000000000007
3567,2022-02-19 19:12:00,P0564,6,Americanexpress,374283067608810,F,14.32,3,15.29,45.87,42.96,2.9099999999999966
3568,2022-02-19 20:07:00,P0669,7,Mastercard,5048373761140718,F,14.63,1,15.89,15.89,14.63,1.2599999999999998
3569,2022-02-19 20:14:00,P0370,5,Mastercard,5048370705814721,F,19.51,1,21.29,21.29,19.51,1.7799999999999976
3570,2022-02-19 23:23:00,P0265,4,Mastercard,5048370732752779,F,19.23,2,21.19,42.38,38.46,3.9200000000000017
3571,2022-02-20 00:25:00,P0341,6,Mastercard,5108754983355688,T,10.79,3,11.59,34.769999999999996,32.37,2.3999999999999986
3572,2022-02-20 02:18:00,P0638,7,Mastercard,5108758424914532,F,16.92,3,18.19,54.57000000000001,50.760000000000005,3.8100000000000023
3573,2022-02-20 03:05:00,P0280,5,Americanexpress,374283408470300,F,6.26,3,7.59,22.77,18.78,3.9899999999999984
3574,2022-02-20 06:32:00,P0563,6,Mastercard,5048370367607819,F,9.86,6,11.29,67.74,59.16,8.579999999999998
3575,2022-02-20 08:08:00,P0556,6,Visa,4041593837502696,F,5.5,2,6.49,12.98,11.0,1.9800000000000004
3576,2022-02-20 09:21:00,P0209,3,Americanexpress,374283172573503,T,6.02,1,7.29,7.29,6.02,1.2700000000000005
3577,2022-02-20 11:19:00,P0401,5,Visa,4041597274361284,F,16.69,1,18.09,18.09,16.69,1.3999999999999986
3578,2022-02-20 13:29:00,P0738,6,Mastercard,5048371762921292,F,15.42,3,17.19,51.57000000000001,46.26,5.310000000000009
3579,2022-02-20 20:46:00,P0402,8,Visa,4041594337396,T,11.61,2,12.79,25.58,23.22,2.3599999999999994
3580,2022-02-20 22:38:00,P0332,4,Visa,4041599727863106,F,16.62,1,18.09,18.09,16.62,1.4699999999999989
3581,2022-02-21 01:21:00,P0697,3,Americanexpress,374288705118080,F,19.48,2,21.29,42.58,38.96,3.6199999999999974
3582,2022-02-21 02:18:00,P0697,3,Americanexpress,374288648451739,F,19.48,1,21.29,21.29,19.48,1.8099999999999987
3583,2022-02-21 02:39:00,P0321,1,Americanexpress,374288383428793,T,17.35,1,18.29,18.29,17.35,0.9399999999999977
3584,2022-02-21 02:45:00,P0099,4,Americanexpress,374288830414891,T,5.98,2,7.29,14.58,11.96,2.619999999999999
3585,2022-02-21 20:33:00,P0389,9,Unknown,4905677355261440,T,5.95,1,7.19,7.19,5.95,1.2400000000000002
3586,2022-02-22 00:41:00,P0381,4,Mastercard,5108753719256657,F,5.05,2,5.69,11.38,10.1,1.2800000000000011
3587,2022-02-22 02:47:00,P0727,7,Mastercard,5108753448159669,F,15.63,5,17.49,87.44999999999999,78.15,9.299999999999983
3588,2022-02-22 14:01:00,P0254,6,Americanexpress,374283515209534,F,11.44,3,12.49,37.47,34.32,3.1499999999999986
3589,2022-02-22 16:10:00,P0526,8,Visa,4041591853855774,T,3.83,2,4.79,9.58,7.66,1.92
3590,2022-02-22 18:18:00,P0448,8,Americanexpress,374283778344085,T,7.11,2,8.19,16.38,14.22,2.1599999999999984
3591,2022-02-23 00:33:00,P0400,4,Visa,4041591664470953,T,6.39,1,7.69,7.69,6.39,1.3000000000000007
3592,2022-02-23 00:55:00,P0317,1,Americanexpress,374288678615146,F,16.83,1,18.19,18.19,16.83,1.360000000000003
3593,2022-02-23 01:36:00,P0631,4,Mastercard,5048378697851973,F,17.35,4,18.29,73.16,69.4,3.759999999999991
3594,2022-02-23 01:49:00,P0413,8,Mastercard,5108755047523666,F,7.35,3,8.19,24.57,22.049999999999997,2.520000000000003
3595,2022-02-23 07:39:00,P0616,0,Visa,4041598478032135,F,11.41,1,12.39,12.39,11.41,0.9800000000000004
3596,2022-02-23 08:08:00,P0358,8,Visa,4041594197576734,F,8.86,1,10.19,10.19,8.86,1.33
3597,2022-02-23 13:37:00,P0149,9,Americanexpress,374283236248449,F,2.06,4,2.69,10.76,8.24,2.5199999999999996
3598,2022-02-23 13:56:00,P0431,8,Visa,4041592759310,F,10.67,2,11.59,23.18,21.34,1.8399999999999999
3599,2022-02-23 14:05:00,P0292,5,Americanexpress,374283165041351,F,10.49,1,11.49,11.49,10.49,1.0
3600,2022-02-23 14:53:00,P0452,9,Americanexpress,374288720952570,F,8.33,1,9.29,9.29,8.33,0.9599999999999991
3601,2022-02-23 17:19:00,P0454,5,Americanexpress,374288788179462,F,5.79,2,6.99,13.98,11.58,2.4000000000000004
3602,2022-02-24 00:05:00,P0377,3,Americanexpress,374288357215366,T,0.12,2,1.19,2.38,0.24,2.1399999999999997
3603,2022-02-24 00:18:00,P0560,5,Mastercard,5048376683105164,F,1.4,1,1.69,1.69,1.4,0.29000000000000004
3604,2022-02-24 01:35:00,P0221,8,Mastercard,5108751473735973,F,0.59,1,1.49,1.49,0.59,0.9
3605,2022-02-24 03:43:00,P0417,7,Mastercard,5108753249965793,F,16.73,1,18.09,18.09,16.73,1.3599999999999994
3606,2022-02-24 03:53:00,P0370,5,Visa,4041593564045380,T,19.51,1,21.29,21.29,19.51,1.7799999999999976
3607,2022-02-24 05:04:00,P0415,6,Mastercard,5048377926843421,F,13.96,2,14.89,29.78,27.92,1.8599999999999994
3608,2022-02-24 05:19:00,P0140,7,Visa,4041593142052,F,1.11,4,1.69,6.76,4.44,2.3199999999999994
3609,2022-02-24 05:20:00,P0325,9,Mastercard,5108754750081244,T,5.35,3,6.29,18.87,16.049999999999997,2.820000000000004
3610,2022-02-24 06:52:00,P0666,4,Visa,4041590210617869,F,5.66,1,6.79,6.79,5.66,1.13
3611,2022-02-24 07:10:00,P0366,3,Americanexpress,374288672771168,F,13.27,2,14.69,29.38,26.54,2.84
3612,2022-02-24 10:41:00,P0545,2,Mastercard,5108752049500255,F,6.62,1,7.89,7.89,6.62,1.2699999999999996
3613,2022-02-24 11:03:00,P0618,8,Americanexpress,374288331791417,F,10.03,3,11.39,34.17,30.089999999999996,4.080000000000005
3614,2022-02-24 13:53:00,P0499,7,Americanexpress,374283991268202,F,16.3,2,17.99,35.98,32.6,3.3799999999999955
3615,2022-02-24 16:33:00,P0476,7,Mastercard,5048377483523515,T,13.26,1,14.69,14.69,13.26,1.4299999999999997
3616,2022-02-24 18:27:00,P0548,4,Visa,4041591827449,F,12.25,4,13.89,55.56,49.0,6.560000000000002
3617,2022-02-24 19:00:00,P0396,5,Mastercard,5108755132712810,F,4.18,1,4.89,4.89,4.18,0.71
3618,2022-02-24 21:28:00,P0510,5,Mastercard,5108750546866963,F,9.35,1,10.89,10.89,9.35,1.540000000000001
3619,2022-02-24 21:46:00,P0534,4,Americanexpress,374283048286405,F,7.63,1,8.29,8.29,7.63,0.6599999999999993
3620,2022-02-24 21:56:00,P0165,5,Visa,4041596255166,F,0.94,3,1.59,4.7700000000000005,2.82,1.9500000000000006
3621,2022-02-24 22:30:00,P0231,9,Americanexpress,374288598110756,F,6.94,2,8.09,16.18,13.88,2.299999999999999
3622,2022-02-25 05:45:00,P0192,7,Americanexpress,374288215920462,F,6.58,4,7.89,31.56,26.32,5.239999999999998
3623,2022-02-25 08:19:00,P0458,4,Visa,4041591497524,F,9.0,1,10.39,10.39,9.0,1.3900000000000006
3624,2022-02-25 13:04:00,P0209,4,Visa,4041593888806517,F,6.02,1,7.29,7.29,6.02,1.2700000000000005
3625,2022-02-25 18:51:00,P0305,5,Americanexpress,374288065134560,F,8.74,1,9.99,9.99,8.74,1.25
3626,2022-02-25 19:29:00,P0012,3,Mastercard,5108753943909055,F,11.93,3,13.39,40.17,35.79,4.380000000000003
3627,2022-02-25 20:10:00,P0493,7,Mastercard,5108753409574492,F,18.02,1,19.69,19.69,18.02,1.6700000000000017
3628,2022-02-25 22:51:00,P0611,7,Americanexpress,374288630887627,F,17.9,2,19.39,38.78,35.8,2.980000000000004
3629,2022-02-25 23:40:00,P0658,3,Visa,4041598393056,T,2.92,5,4.09,20.45,14.6,5.85
3630,2022-02-26 03:02:00,P0397,7,Mastercard,5108756628950179,F,13.67,3,14.89,44.67,41.01,3.6600000000000037
3631,2022-02-26 03:45:00,P0344,3,Mastercard,5048373666189414,F,9.86,1,11.29,11.29,9.86,1.4299999999999997
3632,2022-02-26 09:13:00,P0715,4,Unknown,3581814493628643,F,7.6,3,8.29,24.869999999999997,22.799999999999997,2.0700000000000003
3633,2022-02-26 10:14:00,P0286,7,Americanexpress,374288471507268,F,10.87,2,11.59,23.18,21.74,1.4400000000000013
3634,2022-02-26 12:00:00,P0657,6,Americanexpress,374288656920138,F,16.73,1,18.09,18.09,16.73,1.3599999999999994
3635,2022-02-26 14:47:00,P0332,8,Visa,4041590533839612,F,16.62,2,18.09,36.18,33.24,2.9399999999999977
3636,2022-02-27 00:41:00,P0200,5,Americanexpress,374288620582329,F,19.29,1,21.19,21.19,19.29,1.9000000000000021
3637,2022-02-27 04:02:00,P0614,3,Americanexpress,374288428815608,F,13.52,3,14.79,44.37,40.56,3.809999999999995
3638,2022-02-27 05:53:00,P0577,6,Visa,4041598428373,F,7.24,2,8.19,16.38,14.48,1.8999999999999986
3639,2022-02-27 08:35:00,P0414,7,Visa,4041592903753944,F,10.22,3,11.49,34.47,30.660000000000004,3.809999999999995
3640,2022-02-27 12:28:00,P0379,7,Americanexpress,374288274905776,T,6.12,3,7.49,22.47,18.36,4.109999999999999
3641,2022-02-27 16:40:00,P0355,4,Americanexpress,374283614007458,F,6.54,1,7.89,7.89,6.54,1.3499999999999996
3642,2022-02-27 18:51:00,P0669,7,Mastercard,5048373526696939,F,14.63,2,15.89,31.78,29.26,2.5199999999999996
3643,2022-02-27 21:49:00,P0631,8,Americanexpress,374283480285220,T,17.35,2,18.29,36.58,34.7,1.8799999999999955
3644,2022-02-27 23:42:00,P0616,5,Americanexpress,374283193613015,F,11.41,5,12.39,61.95,57.05,4.900000000000006
3645,2022-02-28 00:31:00,P0068,11,Americanexpress,374288144402988,F,7.46,3,8.29,24.869999999999997,22.38,2.4899999999999984
3646,2022-02-28 01:06:00,P0525,4,Visa,4041599055092,F,13.86,1,14.89,14.89,13.86,1.0300000000000011
3647,2022-02-28 08:30:00,P0285,6,Americanexpress,374288723213509,F,2.73,1,3.79,3.79,2.73,1.06
3648,2022-02-28 11:35:00,P0144,4,Americanexpress,374288347019175,F,4.51,3,4.99,14.97,13.53,1.4400000000000013
3649,2022-02-28 12:41:00,P0300,4,Americanexpress,374283808383806,T,7.58,1,8.29,8.29,7.58,0.7099999999999991
3650,2022-02-28 14:11:00,P0270,7,Mastercard,5048374541129427,F,6.97,3,8.09,24.27,20.91,3.3599999999999994
3651,2022-02-28 14:14:00,P0258,6,Visa,4041595536519012,F,16.65,2,18.09,36.18,33.3,2.8800000000000026
3652,2022-02-28 14:23:00,P0570,7,Mastercard,5048370390858199,F,2.32,3,3.19,9.57,6.959999999999999,2.610000000000001
3653,2022-02-28 14:45:00,P0698,8,Americanexpress,374288677428491,F,4.74,4,5.09,20.36,18.96,1.3999999999999986
3654,2022-02-28 20:45:00,P0313,7,Visa,4041597794441129,F,8.53,3,9.59,28.77,25.589999999999996,3.1800000000000033
3655,2022-03-01 04:03:00,P0620,5,Mastercard,5048375832056179,F,18.49,1,20.39,20.39,18.49,1.9000000000000021
3656,2022-03-01 04:03:00,P0652,4,Americanexpress,374283011303948,F,0.87,3,1.59,4.7700000000000005,2.61,2.1600000000000006
3657,2022-03-01 04:04:00,P0261,6,Americanexpress,374288493510092,F,2.43,1,3.39,3.39,2.43,0.96
3658,2022-03-01 04:07:00,P0486,7,Americanexpress,374283022462469,F,6.52,3,7.89,23.669999999999998,19.56,4.109999999999999
3659,2022-03-01 05:20:00,P0151,8,Mastercard,5048373683217974,F,16.15,3,17.89,53.67,48.449999999999996,5.220000000000006
3660,2022-03-01 06:51:00,P0280,6,Mastercard,5108750547202796,F,6.26,1,7.59,7.59,6.26,1.33
3661,2022-03-01 07:14:00,P0282,5,Mastercard,5108753392788299,F,10.86,2,11.59,23.18,21.72,1.4600000000000009
3662,2022-03-01 08:48:00,P0524,10,Americanexpress,374283623682150,T,10.66,2,11.59,23.18,21.32,1.8599999999999994
3663,2022-03-01 10:24:00,P0604,6,Visa,4041594884104758,F,1.36,1,1.69,1.69,1.36,0.32999999999999985
3664,2022-03-01 15:43:00,P0600,4,Visa,4041598848912248,F,7.38,2,8.29,16.58,14.76,1.8199999999999985
3665,2022-03-01 16:50:00,P0476,6,Americanexpress,374283080604663,F,13.26,4,14.69,58.76,53.04,5.719999999999999
3666,2022-03-01 19:27:00,P0341,5,Visa,4041598321945244,F,10.79,1,11.59,11.59,10.79,0.8000000000000007
3667,2022-03-01 20:25:00,P0302,6,Mastercard,5108758355068068,F,5.98,2,7.29,14.58,11.96,2.619999999999999
3668,2022-03-01 20:36:00,P0409,4,Mastercard,5048370779579697,F,18.03,1,19.69,19.69,18.03,1.6600000000000001
3669,2022-03-02 00:26:00,P0444,5,Americanexpress,374288638137736,F,13.93,1,14.89,14.89,13.93,0.9600000000000009
3670,2022-03-02 01:59:00,P0325,5,Visa,4041590042087299,F,5.35,1,6.29,6.29,5.35,0.9400000000000004
3671,2022-03-02 03:09:00,P0340,4,Unknown,5893661798479919,T,19.56,2,21.29,42.58,39.12,3.460000000000001
3672,2022-03-02 03:20:00,P0503,1,Mastercard,5108750839407913,F,12.07,1,13.59,13.59,12.07,1.5199999999999996
3673,2022-03-02 06:21:00,P0065,3,Mastercard,5048379653401753,F,15.39,1,17.19,17.19,15.39,1.8000000000000007
3674,2022-03-02 07:37:00,P0318,4,Americanexpress,374283228187191,F,6.76,2,7.99,15.98,13.52,2.460000000000001
3675,2022-03-02 09:26:00,P0271,6,Mastercard,5108758827413355,F,15.16,3,16.79,50.37,45.480000000000004,4.8899999999999935
3676,2022-03-02 10:41:00,P0379,5,Mastercard,5108751974843565,F,6.12,2,7.49,14.98,12.24,2.74
3677,2022-03-02 14:59:00,P0235,6,Visa,4041593610710,F,11.99,4,13.49,53.96,47.96,6.0
3678,2022-03-02 16:33:00,P0584,10,Mastercard,5108753174386536,T,12.95,3,14.59,43.769999999999996,38.849999999999994,4.920000000000002
3679,2022-03-02 18:43:00,P0329,5,Visa,4041597974088,F,3.45,1,4.59,4.59,3.45,1.1399999999999997
3680,2022-03-02 20:36:00,P0482,6,Mastercard,5048374002582098,F,2.75,3,3.89,11.67,8.25,3.42
3681,2022-03-03 00:33:00,P0445,5,Visa,4041594703681440,F,0.15,1,1.19,1.19,0.15,1.04
3682,2022-03-03 04:25:00,P0607,8,Mastercard,5048375959699348,F,3.38,2,4.59,9.18,6.76,2.42
3683,2022-03-03 06:50:00,P0281,3,Mastercard,5108754467179729,F,2.39,1,3.29,3.29,2.39,0.8999999999999999
3684,2022-03-03 07:32:00,P0110,7,Mastercard,5048377306023784,F,14.28,2,15.19,30.38,28.56,1.8200000000000003
3685,2022-03-03 08:41:00,P0636,8,Mastercard,5048378593571188,F,5.02,3,5.59,16.77,15.059999999999999,1.7100000000000009
3686,2022-03-03 09:51:00,P0347,6,Visa,4041595492562,F,5.37,2,6.29,12.58,10.74,1.8399999999999999
3687,2022-03-03 09:53:00,P0392,5,Americanexpress,374283196646921,T,13.78,1,14.89,14.89,13.78,1.1100000000000012
3688,2022-03-03 10:17:00,P0225,5,Americanexpress,374288261468671,F,7.79,2,8.29,16.58,15.58,0.9999999999999982
3689,2022-03-03 15:04:00,P0220,5,Americanexpress,374288193060018,F,16.0,2,17.79,35.58,32.0,3.5799999999999983
3690,2022-03-03 18:13:00,P0232,7,Visa,4041594549800,F,1.66,2,1.89,3.78,3.32,0.45999999999999996
3691,2022-03-03 20:32:00,P0266,3,Visa,4041591456450296,F,7.49,5,8.29,41.449999999999996,37.45,3.999999999999993
3692,2022-03-03 22:44:00,P0606,5,Mastercard,5048371169343009,F,14.31,1,15.19,15.19,14.31,0.879999999999999
3693,2022-03-03 23:28:00,P0305,8,Americanexpress,374288890543829,F,8.74,3,9.99,29.97,26.22,3.75
3694,2022-03-04 00:31:00,P0502,1,Visa,4041599664042,F,1.37,2,1.69,3.38,2.74,0.6399999999999997
3695,2022-03-04 01:29:00,P0076,6,Mastercard,5108755170402647,F,6.89,2,8.09,16.18,13.78,2.4000000000000004
3696,2022-03-04 04:20:00,P0591,10,Americanexpress,374288363998088,F,19.82,2,21.39,42.78,39.64,3.1400000000000006
3697,2022-03-04 05:39:00,P0412,3,Americanexpress,374288688361012,F,16.11,1,17.89,17.89,16.11,1.7800000000000011
3698,2022-03-04 05:54:00,P0575,6,Visa,4041597218112934,F,2.81,4,3.99,15.96,11.24,4.720000000000001
3699,2022-03-04 06:14:00,P0583,9,Mastercard,5108754403557665,F,12.32,1,13.99,13.99,12.32,1.67
3700,2022-03-04 10:32:00,P0102,4,Visa,4041597102280433,T,16.26,1,17.99,17.99,16.26,1.7299999999999969
3701,2022-03-04 11:36:00,P0454,7,Mastercard,5048375030384522,F,5.79,1,6.99,6.99,5.79,1.2000000000000002
3702,2022-03-04 12:44:00,P0005,8,Visa,4041598961057698,F,6.38,2,7.69,15.38,12.76,2.620000000000001
3703,2022-03-04 15:06:00,P0388,5,Americanexpress,374288461474156,F,17.9,4,19.39,77.56,71.6,5.960000000000008
3704,2022-03-04 16:54:00,P0287,4,Americanexpress,374288332185585,F,13.95,1,14.89,14.89,13.95,0.9400000000000013
3705,2022-03-04 19:28:00,P0339,8,Mastercard,5108759475797487,F,19.62,1,21.39,21.39,19.62,1.7699999999999996
3706,2022-03-04 23:19:00,P0432,5,Americanexpress,374288996918180,F,17.36,1,18.39,18.39,17.36,1.0300000000000011
3707,2022-03-05 02:09:00,P0198,4,Unknown,3579534921544899,F,17.0,4,18.19,72.76,68.0,4.760000000000005
3708,2022-03-05 02:24:00,P0420,7,Americanexpress,374283613469055,T,18.06,1,19.69,19.69,18.06,1.6300000000000026
3709,2022-03-05 02:40:00,P0085,5,Unknown,201827373217028,F,14.86,3,16.29,48.87,44.58,4.289999999999999
3710,2022-03-05 03:06:00,P0485,8,Mastercard,5048377432491400,T,19.85,1,21.39,21.39,19.85,1.5399999999999991
3711,2022-03-05 04:15:00,P0148,5,Mastercard,5048377484666248,F,6.36,2,7.69,15.38,12.72,2.66
3712,2022-03-05 04:21:00,P0361,6,Visa,4041598200483,F,8.85,2,10.19,20.38,17.7,2.6799999999999997
3713,2022-03-05 04:41:00,P0305,3,Americanexpress,374288044108214,F,8.74,1,9.99,9.99,8.74,1.25
3714,2022-03-05 07:11:00,P0639,7,Visa,4041598185320,F,14.14,2,14.89,29.78,28.28,1.5
3715,2022-03-05 09:10:00,P0403,4,Mastercard,5108755238132905,F,18.82,1,20.79,20.79,18.82,1.9699999999999989
3716,2022-03-05 10:45:00,P0582,7,Mastercard,5048377823951863,F,5.55,3,6.59,19.77,16.65,3.120000000000001
3717,2022-03-05 10:56:00,P0233,6,Mastercard,5048377665344185,F,5.72,1,6.89,6.89,5.72,1.17
3718,2022-03-05 11:02:00,P0068,7,Americanexpress,374288479532342,F,7.46,3,8.29,24.869999999999997,22.38,2.4899999999999984
3719,2022-03-05 13:33:00,P0553,5,Americanexpress,374288520323915,F,6.79,5,7.99,39.95,33.95,6.0
3720,2022-03-05 14:18:00,P0295,4,Americanexpress,374283735189896,F,1.43,1,1.69,1.69,1.43,0.26
3721,2022-03-05 14:23:00,P0643,8,Mastercard,5108750598643351,F,17.61,1,18.89,18.89,17.61,1.2800000000000011
3722,2022-03-05 15:43:00,P0053,5,Visa,4041592412522,F,0.33,1,1.29,1.29,0.33,0.96
3723,2022-03-05 17:59:00,P0405,8,Mastercard,5048371328961683,F,18.2,1,19.99,19.99,18.2,1.7899999999999991
3724,2022-03-05 18:39:00,P0523,5,Americanexpress,374283137794806,F,11.74,4,13.09,52.36,46.96,5.399999999999999
3725,2022-03-05 20:17:00,P0478,4,Visa,4041592790729742,F,18.67,5,20.59,102.95,93.35000000000001,9.599999999999994
3726,2022-03-05 21:40:00,P0251,8,Americanexpress,374288734940876,F,2.11,4,2.79,11.16,8.44,2.7200000000000006
3727,2022-03-05 22:51:00,P0423,6,Visa,4041596268158540,F,14.04,6,14.89,89.34,84.24,5.1000000000000085
3728,2022-03-05 23:30:00,P0601,8,Visa,4041592084298552,F,4.54,3,4.99,14.97,13.620000000000001,1.3499999999999996
3729,2022-03-06 03:09:00,P0007,6,Visa,4041591350526001,F,11.81,2,13.19,26.38,23.62,2.759999999999998
3730,2022-03-06 03:44:00,P0453,4,Visa,4041595905126,F,12.82,1,14.49,14.49,12.82,1.67
3731,2022-03-06 04:05:00,P0396,5,Americanexpress,374283499056851,F,4.18,1,4.89,4.89,4.18,0.71
3732,2022-03-06 04:12:00,P0156,8,Americanexpress,374288222641747,F,11.37,1,12.39,12.39,11.37,1.0200000000000014
3733,2022-03-06 07:03:00,P0122,3,Visa,4041598799146,F,11.9,1,13.29,13.29,11.9,1.3899999999999988
3734,2022-03-06 09:35:00,P0668,8,Americanexpress,374288350347141,T,0.46,6,1.39,8.34,2.7600000000000002,5.58
3735,2022-03-06 09:49:00,P0031,6,Visa,4041594249379756,F,3.05,2,4.29,8.58,6.1,2.4800000000000004
3736,2022-03-06 10:54:00,P0193,9,Visa,4041595140772817,F,18.76,5,20.69,103.45,93.80000000000001,9.649999999999991
3737,2022-03-06 14:04:00,P0546,7,Mastercard,5108755875237660,F,3.2,3,4.39,13.169999999999998,9.600000000000001,3.5699999999999967
3738,2022-03-06 14:42:00,P0054,10,Americanexpress,374288909886607,T,12.3,3,13.89,41.67,36.900000000000006,4.769999999999996
3739,2022-03-06 15:20:00,P0325,5,Visa,4041593159932,F,5.35,1,6.29,6.29,5.35,0.9400000000000004
3740,2022-03-06 17:29:00,P0496,4,Americanexpress,374283795916535,F,13.53,1,14.79,14.79,13.53,1.2599999999999998
3741,2022-03-06 19:31:00,P0270,4,Americanexpress,374288810752005,F,6.97,1,8.09,8.09,6.97,1.12
3742,2022-03-07 00:11:00,P0622,5,Mastercard,5048371815013964,F,13.87,1,14.89,14.89,13.87,1.0200000000000014
3743,2022-03-07 00:33:00,P0529,6,Unknown,6377380335640395,F,17.59,2,18.79,37.58,35.18,2.3999999999999986
3744,2022-03-07 01:28:00,P0343,8,Visa,4041597526810062,F,3.66,1,4.79,4.79,3.66,1.13
3745,2022-03-07 01:40:00,P0353,6,Americanexpress,374288836448125,T,15.1,2,16.69,33.38,30.2,3.1800000000000033
3746,2022-03-07 03:30:00,P0597,7,Americanexpress,374283383749157,F,12.19,1,13.79,13.79,12.19,1.5999999999999996
3747,2022-03-07 07:44:00,P0402,5,Mastercard,5048374272795370,F,11.61,5,12.79,63.949999999999996,58.05,5.899999999999999
3748,2022-03-07 08:52:00,P0048,4,Americanexpress,374288633086425,F,17.85,1,19.29,19.29,17.85,1.4399999999999977
3749,2022-03-07 10:02:00,P0469,7,Mastercard,5048373752079941,F,0.92,2,1.59,3.18,1.84,1.34
3750,2022-03-07 11:33:00,P0432,9,Visa,4041590673736958,F,17.36,2,18.39,36.78,34.72,2.0600000000000023
3751,2022-03-07 14:25:00,P0572,4,Mastercard,5108757517886359,F,5.45,1,6.39,6.39,5.45,0.9399999999999995
3752,2022-03-07 15:35:00,P0675,8,Visa,4041592536098,F,12.34,3,13.99,41.97,37.019999999999996,4.950000000000003
3753,2022-03-07 18:05:00,P0485,6,Visa,4041599012505768,F,19.85,3,21.39,64.17,59.550000000000004,4.619999999999997
3754,2022-03-07 19:00:00,P0493,8,Mastercard,5108759795267195,F,18.02,1,19.69,19.69,18.02,1.6700000000000017
3755,2022-03-07 19:20:00,P0213,7,Visa,4041594736746,F,11.19,2,11.99,23.98,22.38,1.6000000000000014
3756,2022-03-07 19:42:00,P0193,6,Americanexpress,374288092501146,F,18.76,1,20.69,20.69,18.76,1.9299999999999997
3757,2022-03-07 19:49:00,P0261,7,Americanexpress,374288338147357,T,2.43,2,3.39,6.78,4.86,1.92
3758,2022-03-07 20:45:00,P0346,7,Visa,4041590543658,F,12.21,7,13.79,96.53,85.47,11.060000000000002
3759,2022-03-07 21:34:00,P0699,9,Americanexpress,374283900469420,F,1.92,3,2.39,7.17,5.76,1.4100000000000001
3760,2022-03-07 21:51:00,P0155,6,Visa,4041590168993,F,7.92,4,8.39,33.56,31.68,1.8800000000000026
3761,2022-03-07 22:35:00,P0513,10,Visa,4041593999500298,F,0.97,4,1.59,6.36,3.88,2.4800000000000004
3762,2022-03-08 01:47:00,P0265,6,Mastercard,5108753843281571,F,19.23,4,21.19,84.76,76.92,7.840000000000003
3763,2022-03-08 03:17:00,P0330,7,Visa,4041598805807688,F,11.06,1,11.69,11.69,11.06,0.629999999999999
3764,2022-03-08 04:37:00,P0358,7,Americanexpress,374283333915015,F,8.86,2,10.19,20.38,17.72,2.66
3765,2022-03-08 05:51:00,P0355,10,Visa,4041593104859845,F,6.54,4,7.89,31.56,26.16,5.399999999999999
3766,2022-03-08 06:23:00,P0394,6,Mastercard,5048373824306967,F,8.44,2,9.49,18.98,16.88,2.1000000000000014
3767,2022-03-08 08:09:00,P0267,4,Mastercard,5108752436383729,T,13.36,2,14.79,29.58,26.72,2.8599999999999994
3768,2022-03-08 09:15:00,P0172,10,Mastercard,5108757738607139,T,19.67,2,21.39,42.78,39.34,3.4399999999999977
3769,2022-03-08 09:36:00,P0651,7,Americanexpress,374283041784182,F,15.2,1,16.89,16.89,15.2,1.6900000000000013
3770,2022-03-08 12:35:00,P0389,4,Visa,4041594386161,F,5.95,1,7.19,7.19,5.95,1.2400000000000002
3771,2022-03-08 12:55:00,P0575,9,Mastercard,5048375667930522,F,2.81,1,3.99,3.99,2.81,1.1800000000000002
3772,2022-03-08 15:08:00,P0493,7,Visa,4041594348906004,F,18.02,6,19.69,118.14000000000001,108.12,10.02000000000001
3773,2022-03-08 15:54:00,P0461,10,Visa,4041599590387,F,15.83,1,17.69,17.69,15.83,1.8600000000000012
3774,2022-03-08 19:26:00,P0639,8,Americanexpress,374283739932143,F,14.14,2,14.89,29.78,28.28,1.5
3775,2022-03-08 21:17:00,P0394,6,Mastercard,5108752960228571,F,8.44,1,9.49,9.49,8.44,1.0500000000000007
3776,2022-03-08 21:35:00,P0410,8,Americanexpress,374283527548705,F,2.95,1,4.09,4.09,2.95,1.1399999999999997
3777,2022-03-08 23:22:00,P0413,6,Mastercard,5048373676023074,F,7.35,1,8.19,8.19,7.35,0.8399999999999999
3778,2022-03-08 23:33:00,P0287,5,Visa,4041592713320264,F,13.95,1,14.89,14.89,13.95,0.9400000000000013
3779,2022-03-09 02:50:00,P0316,5,Americanexpress,374288533839816,F,1.81,1,2.19,2.19,1.81,0.3799999999999999
3780,2022-03-09 06:56:00,P0228,6,Mastercard,5108759546204661,F,0.09,2,1.09,2.18,0.18,2.0
3781,2022-03-09 07:02:00,P0083,7,Americanexpress,374283156644577,F,3.42,1,4.59,4.59,3.42,1.17
3782,2022-03-09 07:22:00,P0276,8,Mastercard,5048374850887698,F,18.02,1,19.69,19.69,18.02,1.6700000000000017
3783,2022-03-09 07:39:00,P0470,7,Mastercard,5108754639755695,F,18.14,1,19.89,19.89,18.14,1.75
3784,2022-03-09 08:26:00,P0483,6,Americanexpress,374288828121334,F,17.52,1,18.69,18.69,17.52,1.1700000000000017
3785,2022-03-09 09:32:00,P0531,4,Americanexpress,374283524373057,F,3.2,1,4.39,4.39,3.2,1.1899999999999995
3786,2022-03-09 13:59:00,P0365,7,Visa,4041598024698777,F,14.34,2,15.29,30.58,28.68,1.8999999999999986
3787,2022-03-09 14:18:00,P0215,8,Mastercard,5048377748555757,F,0.81,3,1.59,4.7700000000000005,2.43,2.3400000000000003
3788,2022-03-09 15:05:00,P0080,11,Mastercard,5108758628884333,T,11.33,2,12.29,24.58,22.66,1.9199999999999982
3789,2022-03-09 15:38:00,P0439,5,Americanexpress,374288760808583,F,18.12,1,19.79,19.79,18.12,1.6699999999999982
3790,2022-03-09 19:48:00,P0245,4,Visa,4041595786150484,F,4.19,4,4.89,19.56,16.76,2.799999999999997
3791,2022-03-09 19:54:00,P0318,1,Americanexpress,374288804116415,F,6.76,1,7.99,7.99,6.76,1.2300000000000004
3792,2022-03-09 22:01:00,P0344,8,Mastercard,5108756312909135,F,9.86,1,11.29,11.29,9.86,1.4299999999999997
3793,2022-03-09 22:24:00,P0314,8,Visa,4041595010661,F,14.84,1,16.29,16.29,14.84,1.4499999999999993
3794,2022-03-10 00:47:00,P0411,6,Americanexpress,374283750827107,F,13.46,5,14.79,73.94999999999999,67.30000000000001,6.649999999999977
3795,2022-03-10 01:46:00,P0669,9,Unknown,5416173669261564,T,14.63,1,15.89,15.89,14.63,1.2599999999999998
3796,2022-03-10 02:43:00,P0567,6,Americanexpress,374288309648581,F,1.46,1,1.69,1.69,1.46,0.22999999999999998
3797,2022-03-10 05:10:00,P0356,7,Visa,4041596795245,T,2.39,1,3.29,3.29,2.39,0.8999999999999999
3798,2022-03-10 05:12:00,P0548,0,Americanexpress,374288148745184,F,12.25,1,13.89,13.89,12.25,1.6400000000000006
3799,2022-03-10 09:23:00,P0431,5,Mastercard,5108756731553027,F,10.67,1,11.59,11.59,10.67,0.9199999999999999
3800,2022-03-10 23:02:00,P0165,5,Mastercard,5048371983965326,F,0.94,3,1.59,4.7700000000000005,2.82,1.9500000000000006
3801,2022-03-10 23:24:00,P0326,6,Unknown,3542228237034596,F,12.66,2,14.29,28.58,25.32,3.259999999999998
3802,2022-03-10 23:38:00,P0649,7,Mastercard,5048378628430095,F,18.36,1,20.19,20.19,18.36,1.8300000000000018
3803,2022-03-11 05:53:00,P0259,6,Mastercard,5048378723277094,F,5.21,2,5.99,11.98,10.42,1.5600000000000005
3804,2022-03-11 08:01:00,P0140,6,Americanexpress,374288823814958,F,1.11,4,1.69,6.76,4.44,2.3199999999999994
3805,2022-03-11 13:13:00,P0163,8,Mastercard,5108753064683364,F,4.21,1,4.99,4.99,4.21,0.7800000000000002
3806,2022-03-11 14:00:00,P0433,8,Americanexpress,374283579280652,F,9.33,1,10.79,10.79,9.33,1.459999999999999
3807,2022-03-11 15:02:00,P0499,6,Mastercard,5108752186222572,F,16.3,1,17.99,17.99,16.3,1.6899999999999977
3808,2022-03-11 15:18:00,P0637,5,Mastercard,5108751788867222,F,15.32,2,17.09,34.18,30.64,3.539999999999999
3809,2022-03-11 15:21:00,P0550,7,Americanexpress,374283008034456,F,15.35,4,17.09,68.36,61.4,6.960000000000001
3810,2022-03-11 18:55:00,P0462,4,Mastercard,5048378706455592,T,14.63,2,15.89,31.78,29.26,2.5199999999999996
3811,2022-03-11 20:18:00,P0670,5,Visa,4041593305774,F,17.15,2,18.19,36.38,34.3,2.0800000000000054
3812,2022-03-11 22:44:00,P0382,4,Visa,4041593028475,F,14.22,2,15.09,30.18,28.44,1.7399999999999984
3813,2022-03-12 03:27:00,P0268,7,Mastercard,5108754733062204,F,11.93,2,13.39,26.78,23.86,2.9200000000000017
3814,2022-03-12 03:41:00,P0405,7,Visa,4041590639043,F,18.2,1,19.99,19.99,18.2,1.7899999999999991
3815,2022-03-12 03:46:00,P0314,5,Visa,4041598223709,F,14.84,4,16.29,65.16,59.36,5.799999999999997
3816,2022-03-12 06:00:00,P0326,9,Visa,4041592641377,F,12.66,2,14.29,28.58,25.32,3.259999999999998
3817,2022-03-12 06:09:00,P0706,10,Visa,4041598139087,T,17.68,2,18.99,37.98,35.36,2.6199999999999974
3818,2022-03-12 06:32:00,P0265,7,Americanexpress,374288009753103,F,19.23,2,21.19,42.38,38.46,3.9200000000000017
3819,2022-03-12 09:52:00,P0398,2,Mastercard,5108750933791568,F,1.75,1,2.09,2.09,1.75,0.33999999999999986
3820,2022-03-12 10:13:00,P0446,6,Mastercard,5108755796567385,F,16.57,3,18.09,54.269999999999996,49.71,4.559999999999995
3821,2022-03-12 14:55:00,P0498,5,Americanexpress,374288765328553,F,11.6,1,12.79,12.79,11.6,1.1899999999999995
3822,2022-03-12 15:34:00,P0579,4,Visa,4041591449862854,F,19.5,4,21.29,85.16,78.0,7.159999999999997
3823,2022-03-13 00:13:00,P0328,6,Mastercard,5108757242542046,F,3.18,5,4.39,21.95,15.9,6.049999999999999
3824,2022-03-13 01:54:00,P0387,9,Visa,4041595482704,F,4.99,3,5.59,16.77,14.97,1.799999999999999
3825,2022-03-13 02:34:00,P0186,6,Visa,4041590241342669,F,11.46,1,12.49,12.49,11.46,1.0299999999999994
3826,2022-03-13 04:22:00,P0585,5,Americanexpress,374288594906041,F,3.81,1,4.79,4.79,3.81,0.98
3827,2022-03-13 04:45:00,P0222,4,Mastercard,5048372347378982,F,16.56,1,18.09,18.09,16.56,1.5300000000000011
3828,2022-03-13 05:06:00,P0298,6,Visa,4041597825751,F,5.0,4,5.59,22.36,20.0,2.3599999999999994
3829,2022-03-13 06:16:00,P0545,5,Mastercard,5108755095107321,F,6.62,2,7.89,15.78,13.24,2.539999999999999
3830,2022-03-13 06:17:00,P0502,6,Mastercard,5108758121512902,T,1.37,2,1.69,3.38,2.74,0.6399999999999997
3831,2022-03-13 07:14:00,P0270,6,Visa,4041592091631,F,6.97,2,8.09,16.18,13.94,2.24
3832,2022-03-13 08:36:00,P0441,1,Americanexpress,374283496085820,F,1.98,1,2.49,2.49,1.98,0.5100000000000002
3833,2022-03-13 11:17:00,P0654,6,Mastercard,5048374321906028,F,8.85,1,10.19,10.19,8.85,1.3399999999999999
3834,2022-03-13 11:25:00,P0480,6,Americanexpress,374288475196373,F,12.02,4,13.49,53.96,48.08,5.880000000000003
3835,2022-03-13 12:52:00,P0493,8,Visa,4041597981317298,F,18.02,1,19.69,19.69,18.02,1.6700000000000017
3836,2022-03-13 13:55:00,P0469,3,Americanexpress,374283436024608,F,0.92,2,1.59,3.18,1.84,1.34
3837,2022-03-13 18:33:00,P0151,4,Visa,4041592309444148,F,16.15,3,17.89,53.67,48.449999999999996,5.220000000000006
3838,2022-03-13 19:00:00,P0662,6,Americanexpress,374283954441085,F,7.58,2,8.29,16.58,15.16,1.4199999999999982
3839,2022-03-13 21:01:00,P0608,5,Mastercard,5048371149834432,F,11.04,1,11.69,11.69,11.04,0.6500000000000004
3840,2022-03-14 04:53:00,P0218,5,Mastercard,5048379241794032,T,8.4,2,9.39,18.78,16.8,1.9800000000000004
3841,2022-03-14 04:55:00,P0521,8,Americanexpress,374283408056554,F,16.37,1,17.99,17.99,16.37,1.6199999999999974
3842,2022-03-14 07:14:00,P0452,8,Mastercard,5108750425129962,T,8.33,3,9.29,27.869999999999997,24.990000000000002,2.8799999999999955
3843,2022-03-14 07:46:00,P0185,4,Mastercard,5108757421502936,F,12.05,1,13.59,13.59,12.05,1.5399999999999991
3844,2022-03-14 08:02:00,P0467,7,Mastercard,5108759249007270,F,4.66,6,4.99,29.94,27.96,1.9800000000000004
3845,2022-03-14 08:10:00,P0364,8,Visa,4041596979138,F,15.78,3,17.59,52.769999999999996,47.339999999999996,5.43
3846,2022-03-14 08:40:00,P0540,7,Mastercard,5108751954402390,F,18.72,1,20.69,20.69,18.72,1.9700000000000024
3847,2022-03-14 10:50:00,P0598,9,Americanexpress,374288305410622,F,11.99,2,13.49,26.98,23.98,3.0
3848,2022-03-14 11:55:00,P0305,7,Americanexpress,374283369107701,F,8.74,2,9.99,19.98,17.48,2.5
3849,2022-03-14 13:03:00,P0549,7,Unknown,3550128186557945,F,16.85,3,18.19,54.57000000000001,50.550000000000004,4.020000000000003
3850,2022-03-14 13:29:00,P0482,6,Americanexpress,374288210464664,T,2.75,1,3.89,3.89,2.75,1.1400000000000001
3851,2022-03-14 14:46:00,P0370,3,Visa,4041591882295,F,19.51,2,21.29,42.58,39.02,3.559999999999995
3852,2022-03-14 18:47:00,P0157,5,Americanexpress,374283267487395,F,2.95,1,4.09,4.09,2.95,1.1399999999999997
3853,2022-03-14 19:47:00,P0608,9,Visa,4041597362784157,F,11.04,2,11.69,23.38,22.08,1.3000000000000007
3854,2022-03-14 21:11:00,P0405,6,Visa,4041594922673764,F,18.2,5,19.99,99.94999999999999,91.0,8.949999999999989
3855,2022-03-14 21:29:00,P0587,6,Mastercard,5048375921876719,F,13.88,1,14.89,14.89,13.88,1.0099999999999998
3856,2022-03-15 05:35:00,P0489,8,Unknown,5602255449172908,F,8.46,1,9.49,9.49,8.46,1.0299999999999994
3857,2022-03-15 05:41:00,P0517,6,Americanexpress,374288990463944,F,5.11,1,5.79,5.79,5.11,0.6799999999999997
3858,2022-03-15 10:50:00,P0461,8,Mastercard,5048375352346851,T,15.83,2,17.69,35.38,31.66,3.7200000000000024
3859,2022-03-15 12:23:00,P0450,7,Visa,4041598863546,F,3.76,1,4.79,4.79,3.76,1.0300000000000002
3860,2022-03-15 17:06:00,P0515,9,Americanexpress,374283214180614,F,8.67,1,9.89,9.89,8.67,1.2200000000000006
3861,2022-03-15 17:35:00,P0471,6,Mastercard,5048379552302375,F,14.12,3,14.89,44.67,42.36,2.3100000000000023
3862,2022-03-15 18:22:00,P0232,8,Visa,4041598156832202,F,1.66,3,1.89,5.67,4.9799999999999995,0.6900000000000004
3863,2022-03-15 22:37:00,P0577,7,Visa,4041592175707,F,7.24,1,8.19,8.19,7.24,0.9499999999999993
3864,2022-03-16 00:40:00,P0265,9,Mastercard,5108750299871368,T,19.23,2,21.19,42.38,38.46,3.9200000000000017
3865,2022-03-16 00:40:00,P0263,7,Mastercard,5108756568219932,F,2.27,3,3.09,9.27,6.8100000000000005,2.459999999999999
3866,2022-03-16 01:49:00,P0339,3,Mastercard,5108754833574413,F,19.62,1,21.39,21.39,19.62,1.7699999999999996
3867,2022-03-16 01:50:00,P0242,8,Visa,4041592348353,F,1.6,2,1.79,3.58,3.2,0.3799999999999999
3868,2022-03-16 06:08:00,P0567,5,Americanexpress,374288207595082,F,1.46,1,1.69,1.69,1.46,0.22999999999999998
3869,2022-03-16 06:19:00,P0493,6,Mastercard,5048374089888889,F,18.02,1,19.69,19.69,18.02,1.6700000000000017
3870,2022-03-16 07:14:00,P0508,8,Americanexpress,374283838527141,F,7.67,1,8.29,8.29,7.67,0.6199999999999992
3871,2022-03-16 08:12:00,P0592,3,Mastercard,5048373514322274,F,7.44,1,8.29,8.29,7.44,0.8499999999999988
3872,2022-03-16 08:33:00,P0452,5,Visa,4041592976142355,F,8.33,1,9.29,9.29,8.33,0.9599999999999991
3873,2022-03-16 10:15:00,P0494,8,Americanexpress,374283236038139,F,17.33,2,18.29,36.58,34.66,1.9200000000000017
3874,2022-03-16 11:52:00,P0127,7,Mastercard,5048371948389547,F,13.91,2,14.89,29.78,27.82,1.9600000000000009
3875,2022-03-16 12:06:00,P0534,6,Mastercard,5108755971978415,F,7.63,2,8.29,16.58,15.26,1.3199999999999985
3876,2022-03-16 13:22:00,P0186,10,Mastercard,5048370194028908,F,11.46,3,12.49,37.47,34.38,3.0899999999999963
3877,2022-03-16 15:54:00,P0603,6,Americanexpress,374288039919757,F,19.88,2,21.39,42.78,39.76,3.020000000000003
3878,2022-03-16 16:14:00,P0016,4,Visa,4041599204816908,F,8.09,3,8.79,26.369999999999997,24.27,2.099999999999998
3879,2022-03-16 17:09:00,P0696,6,Visa,4041597863316038,F,3.38,1,4.59,4.59,3.38,1.21
3880,2022-03-16 20:18:00,P0375,11,Visa,4041599807740,F,15.75,2,17.59,35.18,31.5,3.6799999999999997
3881,2022-03-17 00:37:00,P0184,7,Americanexpress,374283452961857,F,1.21,1,1.69,1.69,1.21,0.48
3882,2022-03-17 10:01:00,P0076,6,Visa,4041597601407941,F,6.89,2,8.09,16.18,13.78,2.4000000000000004
3883,2022-03-17 18:08:00,P0454,6,Mastercard,5108759172033673,F,5.79,1,6.99,6.99,5.79,1.2000000000000002
3884,2022-03-18 03:25:00,P0476,4,Mastercard,5048372141560033,T,13.26,3,14.69,44.07,39.78,4.289999999999999
3885,2022-03-18 03:34:00,P0536,1,Visa,4041595799685,F,16.97,3,18.19,54.57000000000001,50.91,3.660000000000011
3886,2022-03-18 03:46:00,P0341,3,Americanexpress,374283550058812,F,10.79,1,11.59,11.59,10.79,0.8000000000000007
3887,2022-03-18 04:22:00,P0302,2,Visa,4041594568567890,F,5.98,3,7.29,21.87,17.94,3.9299999999999997
3888,2022-03-18 06:33:00,P0265,5,Mastercard,5108759587409393,F,19.23,2,21.19,42.38,38.46,3.9200000000000017
3889,2022-03-18 07:29:00,P0693,4,Visa,4041591062237,T,15.07,3,16.69,50.07000000000001,45.21,4.8600000000000065
3890,2022-03-18 08:57:00,P0387,8,Mastercard,5108750386874721,F,4.99,3,5.59,16.77,14.97,1.799999999999999
3891,2022-03-18 10:18:00,P0455,5,Mastercard,5108757609308981,F,1.63,4,1.79,7.16,6.52,0.6400000000000006
3892,2022-03-18 11:54:00,P0661,9,Visa,4041599006996,F,8.21,1,8.99,8.99,8.21,0.7799999999999994
3893,2022-03-18 17:04:00,P0292,4,Unknown,4175009822749604,F,10.49,7,11.49,80.43,73.43,7.0
3894,2022-03-18 17:38:00,P0459,5,Americanexpress,374283925814113,F,8.82,1,10.09,10.09,8.82,1.2699999999999996
3895,2022-03-18 20:09:00,P0465,5,Mastercard,5108755387431686,F,9.61,6,11.09,66.53999999999999,57.66,8.879999999999995
3896,2022-03-18 20:18:00,P0408,9,Americanexpress,374283919146464,F,8.24,4,9.09,36.36,32.96,3.3999999999999986
3897,2022-03-18 20:57:00,P0296,4,Americanexpress,374288703302975,F,2.96,2,4.09,8.18,5.92,2.26
3898,2022-03-18 22:23:00,P0351,5,Mastercard,5108751280535616,F,10.04,1,11.39,11.39,10.04,1.3500000000000014
3899,2022-03-18 22:57:00,P0496,6,Mastercard,5108757247017085,F,13.53,1,14.79,14.79,13.53,1.2599999999999998
3900,2022-03-19 00:05:00,P0554,4,Visa,4041592707082110,F,1.62,1,1.79,1.79,1.62,0.16999999999999993
3901,2022-03-19 00:34:00,P0490,5,Americanexpress,374288373536811,F,5.54,1,6.59,6.59,5.54,1.0499999999999998
3902,2022-03-19 03:22:00,P0594,4,Americanexpress,374283864852181,F,6.68,2,7.99,15.98,13.36,2.620000000000001
3903,2022-03-19 12:16:00,P0322,8,Visa,4041599474335,F,13.65,1,14.89,14.89,13.65,1.2400000000000002
3904,2022-03-19 16:12:00,P0202,5,Americanexpress,374283092859818,F,7.25,3,8.19,24.57,21.75,2.8200000000000003
3905,2022-03-19 18:54:00,P0448,7,Mastercard,5048370395547573,F,7.11,1,8.19,8.19,7.11,1.0799999999999992
3906,2022-03-19 19:03:00,P0549,3,Visa,4041599562956,F,16.85,2,18.19,36.38,33.7,2.6799999999999997
3907,2022-03-19 20:26:00,P0430,8,Visa,4041591473584655,F,17.67,2,18.99,37.98,35.34,2.6399999999999935
3908,2022-03-19 21:05:00,P0401,6,Visa,4041599864303,F,16.69,6,18.09,108.53999999999999,100.14000000000001,8.399999999999977
3909,2022-03-20 03:15:00,P0514,7,Americanexpress,374283974948267,F,18.98,2,20.99,41.98,37.96,4.019999999999996
3910,2022-03-20 06:13:00,P0674,6,Visa,4041599062163401,T,3.52,7,4.69,32.830000000000005,24.64,8.190000000000005
3911,2022-03-20 08:18:00,P0413,4,Visa,4041592381248,F,7.35,3,8.19,24.57,22.049999999999997,2.520000000000003
3912,2022-03-20 14:35:00,P0228,7,Visa,4041595721754,F,0.09,1,1.09,1.09,0.09,1.0
3913,2022-03-20 16:05:00,P0025,6,Unknown,3568042584139018,F,14.18,4,14.99,59.96,56.72,3.240000000000002
3914,2022-03-20 17:51:00,P0038,6,Mastercard,5108758090081137,F,4.71,1,4.99,4.99,4.71,0.28000000000000025
3915,2022-03-20 18:08:00,P0200,5,Americanexpress,374283275572303,F,19.29,2,21.19,42.38,38.58,3.8000000000000043
3916,2022-03-20 23:53:00,P0548,7,Mastercard,5048374584675823,F,12.25,1,13.89,13.89,12.25,1.6400000000000006
3917,2022-03-21 00:17:00,P0413,4,Americanexpress,374288561500868,F,7.35,1,8.19,8.19,7.35,0.8399999999999999
3918,2022-03-21 03:40:00,P0519,7,Unknown,4917922396114885,F,12.45,1,14.09,14.09,12.45,1.6400000000000006
3919,2022-03-21 03:51:00,P0156,9,Mastercard,5108756262226415,F,11.37,1,12.39,12.39,11.37,1.0200000000000014
3920,2022-03-21 07:42:00,P0389,6,Visa,4041594775637,F,5.95,2,7.19,14.38,11.9,2.4800000000000004
3921,2022-03-21 08:54:00,P0443,6,Mastercard,5108757360880434,F,11.72,2,12.99,25.98,23.44,2.539999999999999
3922,2022-03-21 11:05:00,P0658,6,Visa,4041594207433,F,2.92,1,4.09,4.09,2.92,1.17
3923,2022-03-21 12:41:00,P0213,8,Mastercard,5048377624753138,F,11.19,3,11.99,35.97,33.57,2.3999999999999986
3924,2022-03-21 17:21:00,P0114,9,Americanexpress,374288769644336,F,7.39,3,8.29,24.869999999999997,22.169999999999998,2.6999999999999993
3925,2022-03-21 20:06:00,P0208,8,Visa,4041597963016,T,4.0,1,4.89,4.89,4.0,0.8899999999999997
3926,2022-03-22 01:14:00,P0498,4,Mastercard,5048373118199615,F,11.6,6,12.79,76.74,69.6,7.140000000000001
3927,2022-03-22 05:56:00,P0564,7,Americanexpress,374288194854997,F,14.32,4,15.29,61.16,57.28,3.8799999999999955
3928,2022-03-22 07:20:00,P0587,9,Visa,4041599424597122,F,13.88,4,14.89,59.56,55.52,4.039999999999999
3929,2022-03-22 13:32:00,P0579,5,Visa,4041592520134,F,19.5,2,21.29,42.58,39.0,3.5799999999999983
3930,2022-03-22 14:02:00,P0280,4,Visa,4041598598183,F,6.26,1,7.59,7.59,6.26,1.33
3931,2022-03-22 14:50:00,P0328,6,Unknown,3540969394471509,F,3.18,3,4.39,13.169999999999998,9.540000000000001,3.6299999999999972
3932,2022-03-22 16:33:00,P0438,8,Americanexpress,374283817745268,F,5.21,1,5.99,5.99,5.21,0.7800000000000002
3933,2022-03-22 19:56:00,P0406,3,Unknown,5602238892261899,F,7.19,2,8.19,16.38,14.38,1.9999999999999982
3934,2022-03-22 20:12:00,P0229,4,Mastercard,5048373311278216,F,12.15,2,13.69,27.38,24.3,3.0799999999999983
3935,2022-03-22 20:12:00,P0115,6,Americanexpress,374288743411844,F,5.84,2,7.09,14.18,11.68,2.5
3936,2022-03-22 23:48:00,P0190,1,Americanexpress,374283049471824,F,18.93,6,20.89,125.34,113.58,11.760000000000005
3937,2022-03-23 00:02:00,P0313,5,Visa,4041598178842320,F,8.53,2,9.59,19.18,17.06,2.120000000000001
3938,2022-03-23 01:54:00,P0090,6,Mastercard,5048377845312540,T,11.11,4,11.79,47.16,44.44,2.719999999999999
3939,2022-03-23 04:01:00,P0352,5,Mastercard,5108753865155513,F,2.04,1,2.59,2.59,2.04,0.5499999999999998
3940,2022-03-23 05:02:00,P0483,9,Americanexpress,374283488219148,F,17.52,1,18.69,18.69,17.52,1.1700000000000017
3941,2022-03-23 08:28:00,P0513,4,Americanexpress,374283772821922,F,0.97,1,1.59,1.59,0.97,0.6200000000000001
3942,2022-03-23 09:02:00,P0266,8,Americanexpress,374283490988276,F,7.49,3,8.29,24.869999999999997,22.47,2.3999999999999986
3943,2022-03-23 09:11:00,P0444,5,Americanexpress,374288870452009,F,13.93,1,14.89,14.89,13.93,0.9600000000000009
3944,2022-03-23 09:54:00,P0595,7,Visa,4041598193597,F,17.58,2,18.79,37.58,35.16,2.4200000000000017
3945,2022-03-23 12:40:00,P0313,4,Unknown,5007661908312557,F,8.53,4,9.59,38.36,34.12,4.240000000000002
3946,2022-03-23 12:51:00,P0295,5,Visa,4041595588384141,F,1.43,1,1.69,1.69,1.43,0.26
3947,2022-03-23 13:56:00,P0497,5,Mastercard,5048379179162004,F,19.75,1,21.39,21.39,19.75,1.6400000000000006
3948,2022-03-23 15:21:00,P0045,4,Visa,4041596340767292,F,9.5,1,10.99,10.99,9.5,1.4900000000000002
3949,2022-03-23 15:30:00,P0557,2,Visa,4041592725524671,F,9.79,2,11.29,22.58,19.58,3.0
3950,2022-03-23 17:35:00,P0270,8,Americanexpress,374283414503102,F,6.97,3,8.09,24.27,20.91,3.3599999999999994
3951,2022-03-23 18:34:00,P0398,10,Mastercard,5108752829252283,F,1.75,2,2.09,4.18,3.5,0.6799999999999997
3952,2022-03-24 01:01:00,P0038,3,Americanexpress,374283783197627,F,4.71,2,4.99,9.98,9.42,0.5600000000000005
3953,2022-03-24 02:55:00,P0046,8,Mastercard,5108752665906059,T,18.59,2,20.49,40.98,37.18,3.799999999999997
3954,2022-03-24 03:09:00,P0608,7,Americanexpress,374283592494793,T,11.04,1,11.69,11.69,11.04,0.6500000000000004
3955,2022-03-24 03:28:00,P0345,5,Americanexpress,374283815795950,F,7.18,1,8.19,8.19,7.18,1.0099999999999998
3956,2022-03-24 07:31:00,P0569,6,Mastercard,5108759524107795,F,6.84,1,8.09,8.09,6.84,1.25
3957,2022-03-24 09:23:00,P0347,5,Mastercard,5108759621181834,F,5.37,4,6.29,25.16,21.48,3.6799999999999997
3958,2022-03-24 11:16:00,P0187,9,Visa,4041596260294947,F,4.17,4,4.89,19.56,16.68,2.879999999999999
3959,2022-03-24 13:38:00,P0442,5,Unknown,5602255175935981,F,14.89,3,16.39,49.17,44.67,4.5
3960,2022-03-24 19:20:00,P0311,4,Visa,4041591774864,F,9.99,1,11.39,11.39,9.99,1.4000000000000004
3961,2022-03-24 22:31:00,P0297,4,Mastercard,5108750345692578,F,17.82,1,19.29,19.29,17.82,1.4699999999999989
3962,2022-03-25 00:00:00,P0204,7,Mastercard,5108758140674691,F,9.72,1,11.19,11.19,9.72,1.4699999999999989
3963,2022-03-25 00:44:00,P0287,1,Unknown,3539112996102288,F,13.95,1,14.89,14.89,13.95,0.9400000000000013
3964,2022-03-25 00:46:00,P0250,4,Americanexpress,374288501082803,F,16.08,2,17.89,35.78,32.16,3.6200000000000045
3965,2022-03-25 00:54:00,P0392,4,Mastercard,5108757158608328,F,13.78,2,14.89,29.78,27.56,2.2200000000000024
3966,2022-03-25 03:26:00,P0627,4,Americanexpress,374288987004685,F,13.53,3,14.79,44.37,40.589999999999996,3.780000000000001
3967,2022-03-25 05:21:00,P0685,5,Americanexpress,374283099346280,F,16.26,2,17.99,35.98,32.52,3.4599999999999937
3968,2022-03-25 07:38:00,P0384,6,Visa,4041596992362,F,4.83,2,5.19,10.38,9.66,0.7200000000000006
3969,2022-03-25 07:51:00,P0322,6,Visa,4041595720798,F,13.65,1,14.89,14.89,13.65,1.2400000000000002
3970,2022-03-25 07:54:00,P0523,10,Americanexpress,374283346934409,T,11.74,2,13.09,26.18,23.48,2.6999999999999993
3971,2022-03-25 08:35:00,P0242,1,Visa,4041592874580,F,1.6,2,1.79,3.58,3.2,0.3799999999999999
3972,2022-03-25 10:11:00,P0552,6,Americanexpress,374288488705962,F,11.36,4,12.29,49.16,45.44,3.719999999999999
3973,2022-03-25 12:53:00,P0175,4,Mastercard,5048376112850935,F,10.26,1,11.49,11.49,10.26,1.2300000000000004
3974,2022-03-25 16:25:00,P0576,6,Mastercard,5108753490759945,T,4.25,1,4.99,4.99,4.25,0.7400000000000002
3975,2022-03-25 17:20:00,P0544,5,Americanexpress,374288919921683,F,19.72,1,21.39,21.39,19.72,1.6700000000000017
3976,2022-03-25 18:05:00,P0088,4,Mastercard,5048374192048843,F,15.63,1,17.49,17.49,15.63,1.8599999999999977
3977,2022-03-25 20:55:00,P0336,5,Visa,4041592179030,F,8.17,1,8.89,8.89,8.17,0.7200000000000006
3978,2022-03-25 21:06:00,P0751,7,Visa,4041597503911,F,9.5,4,10.99,43.96,38.0,5.960000000000001
3979,2022-03-26 02:07:00,P0514,6,Mastercard,5108756251949662,F,18.98,1,20.99,20.99,18.98,2.009999999999998
3980,2022-03-26 04:33:00,P0113,9,Mastercard,5108752023695162,T,15.49,2,17.29,34.58,30.98,3.599999999999998
3981,2022-03-26 05:21:00,P0683,4,Americanexpress,374283742503899,T,11.0,3,11.59,34.769999999999996,33.0,1.769999999999996
3982,2022-03-26 05:38:00,P0254,7,Visa,4041597227249677,F,11.44,2,12.49,24.98,22.88,2.1000000000000014
3983,2022-03-26 05:55:00,P0334,7,Visa,4041596606691640,T,5.53,1,6.59,6.59,5.53,1.0599999999999996
3984,2022-03-26 06:43:00,P0205,7,Mastercard,5108754524686112,F,16.68,1,18.09,18.09,16.68,1.4100000000000001
3985,2022-03-26 08:18:00,P0511,9,Mastercard,5108752834385870,F,7.06,4,8.19,32.76,28.24,4.52
3986,2022-03-26 08:50:00,P0448,7,Americanexpress,374283039647110,F,7.11,2,8.19,16.38,14.22,2.1599999999999984
3987,2022-03-26 13:36:00,P0125,7,Americanexpress,374283392069787,T,0.81,4,1.59,6.36,3.24,3.12
3988,2022-03-26 15:22:00,P0441,6,Americanexpress,374288880685846,F,1.98,4,2.49,9.96,7.92,2.040000000000001
3989,2022-03-26 15:47:00,P0578,5,Americanexpress,374283677940132,F,19.78,2,21.39,42.78,39.56,3.219999999999999
3990,2022-03-26 18:39:00,P0345,6,Visa,4041597876218,F,7.18,4,8.19,32.76,28.72,4.039999999999999
3991,2022-03-26 18:56:00,P0245,8,Unknown,3556691469790511,T,4.19,3,4.89,14.669999999999998,12.57,2.099999999999998
3992,2022-03-26 20:01:00,P0071,7,Mastercard,5048371095274724,F,13.09,2,14.69,29.38,26.18,3.1999999999999993
3993,2022-03-26 20:37:00,P0440,9,Americanexpress,374288351306427,F,8.88,2,10.19,20.38,17.76,2.6199999999999974
3994,2022-03-26 20:44:00,P0484,3,Americanexpress,374288625971980,F,10.9,3,11.59,34.769999999999996,32.7,2.069999999999993
3995,2022-03-26 21:06:00,P0626,8,Visa,4041594423876072,F,7.33,3,8.19,24.57,21.990000000000002,2.5799999999999983
3996,2022-03-26 21:59:00,P0447,10,Americanexpress,374288301001243,F,13.43,1,14.79,14.79,13.43,1.3599999999999994
3997,2022-03-26 23:00:00,P0007,5,Americanexpress,374288093337276,T,11.81,1,13.19,13.19,11.81,1.379999999999999
3998,2022-03-26 23:23:00,P0157,9,Americanexpress,374283397118886,F,2.95,1,4.09,4.09,2.95,1.1399999999999997
3999,2022-03-27 07:12:00,P0540,7,Visa,4041598695716,F,18.72,6,20.69,124.14000000000001,112.32,11.820000000000022
4000,2022-03-27 07:57:00,P0178,8,Mastercard,5048373728496658,F,15.78,1,17.59,17.59,15.78,1.8100000000000005
4001,2022-03-27 08:19:00,P0585,7,Americanexpress,374288014361249,F,3.81,3,4.79,14.370000000000001,11.43,2.9400000000000013
4002,2022-03-27 08:26:00,P0458,7,Mastercard,5108751084558590,F,9.0,3,10.39,31.17,27.0,4.170000000000002
4003,2022-03-27 08:44:00,P0508,5,Visa,4041595478702,F,7.67,3,8.29,24.869999999999997,23.009999999999998,1.8599999999999994
4004,2022-03-27 10:00:00,P0585,8,Visa,4041594809378438,F,3.81,1,4.79,4.79,3.81,0.98
4005,2022-03-27 10:50:00,P0437,8,Visa,4041590108506653,F,0.1,6,1.19,7.14,0.6000000000000001,6.539999999999999
4006,2022-03-27 12:27:00,P0225,6,Visa,4041591234836,F,7.79,5,8.29,41.449999999999996,38.95,2.499999999999993
4007,2022-03-27 12:36:00,P0531,11,Americanexpress,374288775310203,F,3.2,3,4.39,13.169999999999998,9.600000000000001,3.5699999999999967
4008,2022-03-27 12:46:00,P0501,6,Unknown,503855083009355616,F,0.66,2,1.49,2.98,1.32,1.66
4009,2022-03-27 13:45:00,P0451,9,Americanexpress,374288671487170,F,2.41,1,3.29,3.29,2.41,0.8799999999999999
4010,2022-03-27 15:31:00,P0423,7,Mastercard,5048374303914156,T,14.04,2,14.89,29.78,28.08,1.7000000000000028
4011,2022-03-27 15:52:00,P0608,8,Americanexpress,374283945039782,F,11.04,4,11.69,46.76,44.16,2.6000000000000014
4012,2022-03-27 16:33:00,P0505,7,Visa,4041593345341,F,3.97,3,4.89,14.669999999999998,11.91,2.759999999999998
4013,2022-03-27 18:52:00,P0305,2,Mastercard,5048375993826832,F,8.74,4,9.99,39.96,34.96,5.0
4014,2022-03-27 21:10:00,P0718,9,Visa,4041599342258021,F,9.82,1,11.29,11.29,9.82,1.4699999999999989
4015,2022-03-27 22:05:00,P0157,3,Visa,4041592985337,F,2.95,3,4.09,12.27,8.850000000000001,3.419999999999998
4016,2022-03-28 01:11:00,P0068,5,Mastercard,5048370050331248,F,7.46,1,8.29,8.29,7.46,0.8299999999999992
4017,2022-03-28 02:33:00,P0092,7,Visa,4041598169944,F,3.11,1,4.29,4.29,3.11,1.1800000000000002
4018,2022-03-28 03:18:00,P0299,8,Visa,4041596681502,F,13.5,1,14.79,14.79,13.5,1.2899999999999991
4019,2022-03-28 05:28:00,P0173,6,Mastercard,5108753669100509,F,0.93,4,1.59,6.36,3.72,2.64
4020,2022-03-28 06:26:00,P0676,8,Mastercard,5048372022524488,F,4.72,5,4.99,24.950000000000003,23.599999999999998,1.350000000000005
4021,2022-03-28 10:07:00,P0095,7,Visa,4041598182004,F,3.42,2,4.59,9.18,6.84,2.34
4022,2022-03-28 11:17:00,P0516,3,Visa,4041597874724048,F,6.12,3,7.49,22.47,18.36,4.109999999999999
4023,2022-03-28 16:18:00,P0329,7,Mastercard,5048377958379823,F,3.45,1,4.59,4.59,3.45,1.1399999999999997
4024,2022-03-28 17:27:00,P0364,7,Unknown,3553808988499506,F,15.78,1,17.59,17.59,15.78,1.8100000000000005
4025,2022-03-28 19:10:00,P0641,7,Mastercard,5108758994920885,F,13.58,1,14.79,14.79,13.58,1.209999999999999
4026,2022-03-28 23:33:00,P0556,7,Visa,4041594169781,F,5.5,2,6.49,12.98,11.0,1.9800000000000004
4027,2022-03-29 01:22:00,P0452,5,Mastercard,5048377155694834,F,8.33,4,9.29,37.16,33.32,3.8399999999999963
4028,2022-03-29 03:21:00,P0507,5,Visa,4041596955457171,F,8.17,2,8.89,17.78,16.34,1.4400000000000013
4029,2022-03-29 05:47:00,P0473,7,Americanexpress,374288185511614,F,4.79,1,5.19,5.19,4.79,0.40000000000000036
4030,2022-03-29 05:50:00,P0706,3,Visa,4041591476551,F,17.68,2,18.99,37.98,35.36,2.6199999999999974
4031,2022-03-29 06:57:00,P0539,7,Visa,4041596955748041,F,8.13,4,8.89,35.56,32.52,3.039999999999999
4032,2022-03-29 07:43:00,P0610,3,Mastercard,5108756396216613,F,5.58,1,6.69,6.69,5.58,1.1100000000000003
4033,2022-03-29 08:11:00,P0526,5,Visa,4041596719973554,F,3.83,4,4.79,19.16,15.32,3.84
4034,2022-03-29 08:17:00,P0464,7,Visa,4041593764780,F,9.81,3,11.29,33.87,29.43,4.439999999999998
4035,2022-03-29 12:15:00,P0294,1,Visa,4041598115095,F,12.38,3,13.99,41.97,37.14,4.829999999999998
4036,2022-03-29 15:51:00,P0256,2,Visa,4041598151256,F,2.08,2,2.69,5.38,4.16,1.2199999999999998
4037,2022-03-29 20:04:00,P0117,7,Visa,4041594833310985,F,8.82,3,10.09,30.27,26.46,3.8099999999999987
4038,2022-03-29 21:39:00,P0466,4,Americanexpress,374283275056497,F,14.01,3,14.89,44.67,42.03,2.6400000000000006
4039,2022-03-29 22:00:00,P0667,6,Visa,4041595949470,F,12.7,2,14.39,28.78,25.4,3.3800000000000026
4040,2022-03-29 23:07:00,P0452,6,Unknown,3542199226020435,T,8.33,1,9.29,9.29,8.33,0.9599999999999991
4041,2022-03-30 02:40:00,P0369,6,Visa,4041590512372,F,8.08,1,8.79,8.79,8.08,0.7099999999999991
4042,2022-03-30 04:17:00,P0360,10,Americanexpress,374288070003339,F,5.54,5,6.59,32.95,27.7,5.2500000000000036
4043,2022-03-30 05:36:00,P0708,6,Visa,4041590505639883,F,17.79,1,19.19,19.19,17.79,1.4000000000000021
4044,2022-03-30 06:02:00,P0613,8,Americanexpress,374283733570964,T,9.94,6,11.39,68.34,59.64,8.700000000000003
4045,2022-03-30 07:21:00,P0578,5,Visa,4041595483629,F,19.78,2,21.39,42.78,39.56,3.219999999999999
4046,2022-03-30 07:26:00,P0336,4,Mastercard,5048373707634410,F,8.17,3,8.89,26.67,24.509999999999998,2.1600000000000037
4047,2022-03-30 09:51:00,P0053,4,Visa,4041596667963417,F,0.33,4,1.29,5.16,1.32,3.84
4048,2022-03-30 09:56:00,P0362,7,Visa,4041597862473004,F,3.73,2,4.79,9.58,7.46,2.12
4049,2022-03-30 13:15:00,P0329,4,Mastercard,5048378943984404,F,3.45,3,4.59,13.77,10.350000000000001,3.419999999999998
4050,2022-03-30 15:24:00,P0571,5,Visa,4041594048266,F,4.35,2,4.99,9.98,8.7,1.2800000000000011
4051,2022-03-30 16:04:00,P0438,6,Visa,4041595376880,F,5.21,1,5.99,5.99,5.21,0.7800000000000002
4052,2022-03-30 18:07:00,P0555,9,Mastercard,5108751535671059,F,19.13,1,21.09,21.09,19.13,1.9600000000000009
4053,2022-03-30 18:07:00,P0468,3,Visa,4041599891347076,F,13.48,1,14.79,14.79,13.48,1.3099999999999987
4054,2022-03-30 19:12:00,P0588,3,Mastercard,5108758799270288,F,12.31,2,13.89,27.78,24.62,3.16
4055,2022-03-31 01:31:00,P0253,6,Americanexpress,374283023305287,F,3.09,1,4.29,4.29,3.09,1.2000000000000002
4056,2022-03-31 01:40:00,P0292,8,Mastercard,5048377110141319,F,10.49,1,11.49,11.49,10.49,1.0
4057,2022-03-31 03:34:00,P0051,6,Mastercard,5108754441454610,F,16.95,4,18.19,72.76,67.8,4.960000000000008
4058,2022-03-31 05:43:00,P0524,4,Americanexpress,374283892370222,F,10.66,2,11.59,23.18,21.32,1.8599999999999994
4059,2022-03-31 05:52:00,P0507,9,Visa,4041593497917259,F,8.17,2,8.89,17.78,16.34,1.4400000000000013
4060,2022-03-31 06:17:00,P0393,6,Visa,4041595836404,T,10.94,2,11.59,23.18,21.88,1.3000000000000007
4061,2022-03-31 08:31:00,P0257,3,Visa,4041597464931755,T,14.78,4,16.19,64.76,59.12,5.640000000000008
4062,2022-03-31 09:22:00,P0145,8,Visa,4041591146782,F,4.03,3,4.89,14.669999999999998,12.09,2.5799999999999983
4063,2022-03-31 12:05:00,P0331,4,Unknown,3547091554830953,T,15.79,2,17.59,35.18,31.58,3.6000000000000014
4064,2022-03-31 16:45:00,P0159,5,Americanexpress,374288414681071,F,12.16,3,13.69,41.07,36.480000000000004,4.589999999999996
4065,2022-03-31 16:56:00,P0314,6,Visa,4041593287063959,T,14.84,2,16.29,32.58,29.68,2.8999999999999986
4066,2022-03-31 17:00:00,P0371,10,Visa,4041596159517,F,5.38,2,6.29,12.58,10.76,1.8200000000000003
4067,2022-03-31 18:17:00,P0055,5,Visa,4041596397866070,F,4.06,1,4.89,4.89,4.06,0.8300000000000001
4068,2022-03-31 21:24:00,P0276,3,Mastercard,5108754138230489,F,18.02,1,19.69,19.69,18.02,1.6700000000000017
4069,2022-04-01 00:23:00,P0430,6,Mastercard,5108754192498642,F,17.67,3,18.99,56.97,53.010000000000005,3.9599999999999937
4070,2022-04-01 00:31:00,P0737,6,Mastercard,5108758775681060,T,3.09,2,4.29,8.58,6.18,2.4000000000000004
4071,2022-04-01 02:26:00,P0415,8,Visa,4041592346246977,T,13.96,1,14.89,14.89,13.96,0.9299999999999997
4072,2022-04-01 02:51:00,P0235,7,Mastercard,5108758818759097,F,11.99,3,13.49,40.47,35.97,4.5
4073,2022-04-01 02:58:00,P0176,6,Mastercard,5048373985013956,F,14.46,2,15.59,31.18,28.92,2.259999999999998
4074,2022-04-01 05:19:00,P0294,7,Mastercard,5048378850089221,F,12.38,2,13.99,27.98,24.76,3.219999999999999
4075,2022-04-01 05:27:00,P0526,10,Visa,4041594340097687,T,3.83,2,4.79,9.58,7.66,1.92
4076,2022-04-01 09:45:00,P0366,4,Americanexpress,374288776090002,F,13.27,1,14.69,14.69,13.27,1.42
4077,2022-04-01 12:38:00,P0263,5,Visa,4041594455131,F,2.27,1,3.09,3.09,2.27,0.8199999999999998
4078,2022-04-01 13:08:00,P0181,7,Unknown,36907858193976,F,1.62,2,1.79,3.58,3.24,0.33999999999999986
4079,2022-04-01 13:30:00,P0122,7,Mastercard,5048378535002094,F,11.9,2,13.29,26.58,23.8,2.7799999999999976
4080,2022-04-01 18:18:00,P0654,7,Unknown,5602231618386611,F,8.85,2,10.19,20.38,17.7,2.6799999999999997
4081,2022-04-01 19:02:00,P0429,8,Visa,4041599349495,F,0.78,3,1.59,4.7700000000000005,2.34,2.4300000000000006
4082,2022-04-01 19:22:00,P0672,9,Americanexpress,374288970301338,F,19.89,2,21.39,42.78,39.78,3.0
4083,2022-04-01 20:33:00,P0705,5,Visa,4041592108323345,F,16.57,6,18.09,108.53999999999999,99.42,9.11999999999999
4084,2022-04-02 09:12:00,P0395,12,Visa,4041596545047888,F,2.55,3,3.59,10.77,7.6499999999999995,3.12
4085,2022-04-02 13:22:00,P0348,6,Americanexpress,374288609424071,F,6.83,1,8.09,8.09,6.83,1.2599999999999998
4086,2022-04-02 14:40:00,P0447,4,Mastercard,5108752670000831,T,13.43,2,14.79,29.58,26.86,2.719999999999999
4087,2022-04-02 17:29:00,P0202,7,Mastercard,5048378742510111,F,7.25,3,8.19,24.57,21.75,2.8200000000000003
4088,2022-04-02 22:10:00,P0316,10,Americanexpress,374288861859436,F,1.81,2,2.19,4.38,3.62,0.7599999999999998
4089,2022-04-03 00:07:00,P0615,5,Americanexpress,374288735973645,F,19.95,1,21.39,21.39,19.95,1.4400000000000013
4090,2022-04-03 01:06:00,P0265,6,Visa,4041596010124,F,19.23,5,21.19,105.95,96.15,9.799999999999997
4091,2022-04-03 01:24:00,P0425,8,Mastercard,5108757014721505,F,10.49,1,11.49,11.49,10.49,1.0
4092,2022-04-03 05:00:00,P0390,5,Mastercard,5048376964722158,F,14.31,1,15.19,15.19,14.31,0.879999999999999
4093,2022-04-03 09:24:00,P0674,4,Visa,4041593711781,F,3.52,3,4.69,14.07,10.56,3.51
4094,2022-04-03 11:10:00,P0017,4,Americanexpress,374283053330957,F,17.54,1,18.69,18.69,17.54,1.1500000000000021
4095,2022-04-03 13:36:00,P0305,5,Mastercard,5108754679067274,F,8.74,2,9.99,19.98,17.48,2.5
4096,2022-04-03 14:47:00,P0344,7,Mastercard,5108752300107311,T,9.86,3,11.29,33.87,29.58,4.289999999999999
4097,2022-04-03 17:38:00,P0091,5,Unknown,30045032587544,F,12.29,1,13.89,13.89,12.29,1.6000000000000014
4098,2022-04-03 20:15:00,P0414,7,Mastercard,5108757252775411,F,10.22,2,11.49,22.98,20.44,2.539999999999999
4099,2022-04-03 22:25:00,P0431,4,Americanexpress,374288336489215,F,10.67,2,11.59,23.18,21.34,1.8399999999999999
4100,2022-04-03 23:45:00,P0202,8,Visa,4041591464370643,F,7.25,3,8.19,24.57,21.75,2.8200000000000003
4101,2022-04-04 00:21:00,P0419,10,Mastercard,5108753230570826,F,16.66,2,18.09,36.18,33.32,2.8599999999999994
4102,2022-04-04 02:54:00,P0476,4,Visa,4041594469038322,F,13.26,2,14.69,29.38,26.52,2.8599999999999994
4103,2022-04-04 05:01:00,P0368,7,Visa,4041591360987,F,9.52,2,10.99,21.98,19.04,2.9400000000000013
4104,2022-04-04 05:50:00,P0100,7,Mastercard,5108758018482706,F,12.05,2,13.59,27.18,24.1,3.0799999999999983
4105,2022-04-04 05:55:00,P0258,8,Mastercard,5048375354012337,F,16.65,5,18.09,90.45,83.25,7.200000000000003
4106,2022-04-04 07:38:00,P0444,8,Unknown,3551941355117997,F,13.93,1,14.89,14.89,13.93,0.9600000000000009
4107,2022-04-04 11:46:00,P0710,5,Mastercard,5108759318178127,F,4.36,1,4.99,4.99,4.36,0.6299999999999999
4108,2022-04-04 13:04:00,P0285,5,Americanexpress,374283284657897,F,2.73,5,3.79,18.95,13.65,5.299999999999999
4109,2022-04-04 16:03:00,P0169,7,Visa,4041591563235903,T,6.79,4,7.99,31.96,27.16,4.800000000000001
4110,2022-04-04 16:56:00,P0239,6,Visa,4041596342572641,F,0.32,3,1.29,3.87,0.96,2.91
4111,2022-04-04 17:50:00,P0577,2,Mastercard,5108751444636102,F,7.24,2,8.19,16.38,14.48,1.8999999999999986
4112,2022-04-04 23:11:00,P0169,6,Americanexpress,374288245382246,F,6.79,1,7.99,7.99,6.79,1.2000000000000002
4113,2022-04-05 00:23:00,P0390,3,Mastercard,5108753354663993,F,14.31,4,15.19,60.76,57.24,3.519999999999996
4114,2022-04-05 01:21:00,P0189,2,Mastercard,5048379157587602,F,13.1,2,14.69,29.38,26.2,3.1799999999999997
4115,2022-04-05 07:18:00,P0473,6,Mastercard,5048378848828706,F,4.79,2,5.19,10.38,9.58,0.8000000000000007
4116,2022-04-05 07:45:00,P0745,9,Americanexpress,374288700040883,F,9.85,3,11.29,33.87,29.549999999999997,4.32
4117,2022-04-05 10:25:00,P0403,9,Mastercard,5048376421264778,F,18.82,1,20.79,20.79,18.82,1.9699999999999989
4118,2022-04-05 11:22:00,P0561,3,Visa,4041598257690137,F,18.52,1,20.39,20.39,18.52,1.870000000000001
4119,2022-04-05 15:00:00,P0053,5,Mastercard,5108757858467033,F,0.33,4,1.29,5.16,1.32,3.84
4120,2022-04-05 17:46:00,P0376,9,Visa,4041593555857,F,10.3,5,11.49,57.45,51.5,5.950000000000003
4121,2022-04-05 19:51:00,P0392,5,Mastercard,5048379122307714,F,13.78,2,14.89,29.78,27.56,2.2200000000000024
4122,2022-04-05 20:23:00,P0297,6,Americanexpress,374283442465829,F,17.82,1,19.29,19.29,17.82,1.4699999999999989
4123,2022-04-05 21:10:00,P0151,9,Americanexpress,374288006128192,F,16.15,2,17.89,35.78,32.3,3.480000000000004
4124,2022-04-06 02:04:00,P0165,5,Visa,4041594066961,F,0.94,4,1.59,6.36,3.76,2.6000000000000005
4125,2022-04-06 04:58:00,P0048,4,Mastercard,5048372350201022,F,17.85,2,19.29,38.58,35.7,2.8799999999999955
4126,2022-04-06 05:18:00,P0087,6,Americanexpress,374283717515787,F,4.59,1,4.99,4.99,4.59,0.40000000000000036
4127,2022-04-06 06:38:00,P0667,5,Americanexpress,374288681008859,F,12.7,1,14.39,14.39,12.7,1.6900000000000013
4128,2022-04-06 07:22:00,P0243,1,Visa,4041597946601646,F,18.18,1,19.89,19.89,18.18,1.7100000000000009
4129,2022-04-06 15:18:00,P0264,8,Mastercard,5048377270934420,F,4.11,1,4.89,4.89,4.11,0.7799999999999994
4130,2022-04-06 16:25:00,P0167,6,Visa,4041593620611266,F,13.32,1,14.79,14.79,13.32,1.4699999999999989
4131,2022-04-06 17:37:00,P0073,3,Mastercard,5048375442889381,F,15.31,2,16.99,33.98,30.62,3.359999999999996
4132,2022-04-06 19:59:00,P0272,6,Americanexpress,374288062529242,F,5.35,1,6.29,6.29,5.35,0.9400000000000004
4133,2022-04-06 20:36:00,P0393,5,Mastercard,5048370664704087,F,10.94,1,11.59,11.59,10.94,0.6500000000000004
4134,2022-04-06 20:40:00,P0020,6,Americanexpress,374288633288468,F,19.41,2,21.29,42.58,38.82,3.759999999999998
4135,2022-04-06 21:03:00,P0321,9,Americanexpress,374283682315312,F,17.35,1,18.29,18.29,17.35,0.9399999999999977
4136,2022-04-07 01:17:00,P0379,4,Visa,4041592605959575,F,6.12,1,7.49,7.49,6.12,1.37
4137,2022-04-07 03:58:00,P0077,5,Americanexpress,374288664790713,F,6.54,1,7.89,7.89,6.54,1.3499999999999996
4138,2022-04-07 04:09:00,P0247,4,Mastercard,5108758411208518,T,13.58,1,14.79,14.79,13.58,1.209999999999999
4139,2022-04-07 04:23:00,P0411,6,Americanexpress,374283764125746,F,13.46,3,14.79,44.37,40.38,3.989999999999995
4140,2022-04-07 04:46:00,P0303,3,Visa,4041594388266,F,19.07,2,21.09,42.18,38.14,4.039999999999999
4141,2022-04-07 06:03:00,P0299,8,Americanexpress,374283799077607,F,13.5,4,14.79,59.16,54.0,5.159999999999997
4142,2022-04-07 06:18:00,P0503,5,Mastercard,5048377847188047,T,12.07,3,13.59,40.769999999999996,36.21,4.559999999999995
4143,2022-04-07 07:21:00,P0285,8,Mastercard,5048378368693266,F,2.73,4,3.79,15.16,10.92,4.24
4144,2022-04-07 08:01:00,P0492,10,Americanexpress,374288421734095,F,16.12,2,17.89,35.78,32.24,3.539999999999999
4145,2022-04-07 10:30:00,P0689,10,Americanexpress,374283750015349,T,15.35,3,17.09,51.269999999999996,46.05,5.219999999999999
4146,2022-04-07 14:46:00,P0028,7,Americanexpress,374288195459952,F,1.64,5,1.79,8.95,8.2,0.75
4147,2022-04-07 19:18:00,P0492,6,Visa,4041592314212837,F,16.12,1,17.89,17.89,16.12,1.7699999999999996
4148,2022-04-07 21:10:00,P0332,5,Visa,4041595428085908,F,16.62,5,18.09,90.45,83.10000000000001,7.349999999999994
4149,2022-04-07 21:49:00,P0528,7,Americanexpress,374283210046165,F,0.62,4,1.49,5.96,2.48,3.48
4150,2022-04-07 22:23:00,P0147,8,Visa,4041598988590937,F,18.0,2,19.59,39.18,36.0,3.1799999999999997
4151,2022-04-08 03:43:00,P0158,4,Visa,4041598194009,F,3.02,1,4.19,4.19,3.02,1.1700000000000004
4152,2022-04-08 04:31:00,P0446,5,Mastercard,5048374850476385,F,16.57,3,18.09,54.269999999999996,49.71,4.559999999999995
4153,2022-04-08 05:46:00,P0420,8,Visa,4041594661100,F,18.06,2,19.69,39.38,36.12,3.260000000000005
4154,2022-04-08 06:27:00,P0610,8,Mastercard,5108755684850653,F,5.58,3,6.69,20.07,16.740000000000002,3.3299999999999983
4155,2022-04-08 08:03:00,P0371,7,Mastercard,5108753962976795,F,5.38,1,6.29,6.29,5.38,0.9100000000000001
4156,2022-04-08 08:10:00,P0218,8,Mastercard,5108759910335455,F,8.4,1,9.39,9.39,8.4,0.9900000000000002
4157,2022-04-08 11:45:00,P0500,2,Americanexpress,374288572177052,F,7.53,3,8.29,24.869999999999997,22.59,2.2799999999999976
4158,2022-04-08 12:09:00,P0595,7,Visa,4041593505894,T,17.58,3,18.79,56.37,52.739999999999995,3.6300000000000026
4159,2022-04-08 14:32:00,P0459,7,Americanexpress,374283394766018,F,8.82,1,10.09,10.09,8.82,1.2699999999999996
4160,2022-04-08 15:58:00,P0330,3,Visa,4041594696031,F,11.06,1,11.69,11.69,11.06,0.629999999999999
4161,2022-04-08 16:54:00,P0298,8,Americanexpress,374283445478381,F,5.0,1,5.59,5.59,5.0,0.5899999999999999
4162,2022-04-08 17:32:00,P0143,7,Visa,4041597530461621,F,1.68,1,1.89,1.89,1.68,0.20999999999999996
4163,2022-04-08 18:51:00,P0618,10,Mastercard,5108751860583689,F,10.03,2,11.39,22.78,20.06,2.7200000000000024
4164,2022-04-08 21:29:00,P0291,8,Visa,4041590516074534,F,14.13,1,14.89,14.89,14.13,0.7599999999999998
4165,2022-04-08 23:16:00,P0511,6,Unknown,372301327695476,F,7.06,1,8.19,8.19,7.06,1.13
4166,2022-04-09 01:18:00,P0013,5,Visa,4041590690665,F,8.36,3,9.29,27.869999999999997,25.08,2.789999999999999
4167,2022-04-09 12:13:00,P0200,6,Mastercard,5048372893990651,F,19.29,1,21.19,21.19,19.29,1.9000000000000021
4168,2022-04-09 13:20:00,P0237,10,Visa,4041597748353677,F,10.43,1,11.49,11.49,10.43,1.0600000000000005
4169,2022-04-09 21:57:00,P0391,5,Visa,4041593746007605,F,1.6,2,1.79,3.58,3.2,0.3799999999999999
4170,2022-04-10 00:00:00,P0265,11,Mastercard,5108750770537181,F,19.23,2,21.19,42.38,38.46,3.9200000000000017
4171,2022-04-10 06:09:00,P0346,8,Americanexpress,374283473695682,F,12.21,3,13.79,41.37,36.63,4.739999999999995
4172,2022-04-10 06:12:00,P0267,6,Visa,4041597587195,F,13.36,1,14.79,14.79,13.36,1.4299999999999997
4173,2022-04-10 06:50:00,P0695,7,Visa,4041598350760878,F,3.74,3,4.79,14.370000000000001,11.22,3.1500000000000004
4174,2022-04-10 07:58:00,P0528,11,Mastercard,5048373161194927,F,0.62,2,1.49,2.98,1.24,1.74
4175,2022-04-10 09:11:00,P0380,3,Mastercard,5048372521629283,F,10.56,3,11.59,34.769999999999996,31.68,3.0899999999999963
4176,2022-04-10 12:36:00,P0411,5,Americanexpress,374288232301951,F,13.46,2,14.79,29.58,26.92,2.6599999999999966
4177,2022-04-10 13:13:00,P0374,2,Mastercard,5048375896173209,F,6.65,2,7.99,15.98,13.3,2.6799999999999997
4178,2022-04-10 14:18:00,P0366,11,Mastercard,5108757272798724,F,13.27,1,14.69,14.69,13.27,1.42
4179,2022-04-10 19:45:00,P0492,7,Americanexpress,374288583337935,F,16.12,1,17.89,17.89,16.12,1.7699999999999996
4180,2022-04-10 21:09:00,P0621,6,Americanexpress,374283791440654,F,17.47,1,18.59,18.59,17.47,1.120000000000001
4181,2022-04-11 00:20:00,P0456,5,Mastercard,5108759098456354,F,18.35,1,20.19,20.19,18.35,1.8399999999999999
4182,2022-04-11 01:44:00,P0144,7,Visa,4041597952759486,F,4.51,1,4.99,4.99,4.51,0.4800000000000004
4183,2022-04-11 02:22:00,P0646,5,Mastercard,5108756895252341,F,17.92,1,19.49,19.49,17.92,1.5699999999999967
4184,2022-04-11 04:57:00,P0546,5,Americanexpress,374283626609978,F,3.2,2,4.39,8.78,6.4,2.379999999999999
4185,2022-04-11 08:50:00,P0410,7,Mastercard,5108757058476156,F,2.95,3,4.09,12.27,8.850000000000001,3.419999999999998
4186,2022-04-11 12:29:00,P0626,8,Visa,4041593543617622,F,7.33,1,8.19,8.19,7.33,0.8599999999999994
4187,2022-04-11 15:13:00,P0428,7,Americanexpress,374288631579066,F,12.91,1,14.49,14.49,12.91,1.58
4188,2022-04-11 15:14:00,P0531,6,Visa,4041596740406962,F,3.2,3,4.39,13.169999999999998,9.600000000000001,3.5699999999999967
4189,2022-04-11 19:42:00,P0243,6,Americanexpress,374288456205839,F,18.18,3,19.89,59.67,54.54,5.130000000000003
4190,2022-04-11 20:44:00,P0409,5,Visa,4041593364508,F,18.03,4,19.69,78.76,72.12,6.640000000000001
4191,2022-04-11 21:01:00,P0195,7,Mastercard,5048376552658822,F,17.91,3,19.39,58.17,53.730000000000004,4.439999999999998
4192,2022-04-11 21:08:00,P0478,4,Mastercard,5048372677943306,F,18.67,2,20.59,41.18,37.34,3.8399999999999963
4193,2022-04-11 23:12:00,P0621,7,Mastercard,5108756856087207,F,17.47,1,18.59,18.59,17.47,1.120000000000001
4194,2022-04-12 02:11:00,P0646,4,Visa,4041596713610,F,17.92,1,19.49,19.49,17.92,1.5699999999999967
4195,2022-04-12 05:17:00,P0473,4,Visa,4041597550607,F,4.79,1,5.19,5.19,4.79,0.40000000000000036
4196,2022-04-12 05:22:00,P0408,4,Visa,4041595464975459,T,8.24,2,9.09,18.18,16.48,1.6999999999999993
4197,2022-04-12 10:39:00,P0603,7,Americanexpress,374283763233897,F,19.88,1,21.39,21.39,19.88,1.5100000000000016
4198,2022-04-12 12:26:00,P0171,9,Visa,4041595648766733,F,5.57,3,6.69,20.07,16.71,3.3599999999999994
4199,2022-04-12 13:12:00,P0369,4,Mastercard,5108750894054345,T,8.08,3,8.79,26.369999999999997,24.240000000000002,2.1299999999999955
4200,2022-04-12 14:01:00,P0683,5,Visa,4041592341747,F,11.0,2,11.59,23.18,22.0,1.1799999999999997
4201,2022-04-12 15:29:00,P0354,5,Mastercard,5048376505318607,F,15.35,2,17.09,34.18,30.7,3.4800000000000004
4202,2022-04-12 16:05:00,P0148,8,Americanexpress,374283230606410,F,6.36,3,7.69,23.07,19.080000000000002,3.9899999999999984
4203,2022-04-12 19:53:00,P0326,7,Americanexpress,374283463076372,F,12.66,1,14.29,14.29,12.66,1.629999999999999
4204,2022-04-12 21:06:00,P0267,4,Mastercard,5048371123197228,F,13.36,1,14.79,14.79,13.36,1.4299999999999997
4205,2022-04-12 23:47:00,P0355,7,Unknown,6759986888309317,F,6.54,1,7.89,7.89,6.54,1.3499999999999996
4206,2022-04-13 00:41:00,P0418,6,Visa,4041596397554,F,13.24,3,14.69,44.07,39.72,4.350000000000001
4207,2022-04-13 02:53:00,P0483,5,Visa,4041597801943182,F,17.52,1,18.69,18.69,17.52,1.1700000000000017
4208,2022-04-13 03:50:00,P0062,8,Americanexpress,374283792924722,F,14.01,3,14.89,44.67,42.03,2.6400000000000006
4209,2022-04-13 04:40:00,P0237,7,Unknown,633418302994603672,F,10.43,1,11.49,11.49,10.43,1.0600000000000005
4210,2022-04-13 05:47:00,P0419,3,Unknown,3554113151685364,T,16.66,4,18.09,72.36,66.64,5.719999999999999
4211,2022-04-13 07:00:00,P0456,4,Visa,4041599649110909,T,18.35,1,20.19,20.19,18.35,1.8399999999999999
4212,2022-04-13 09:15:00,P0579,5,Mastercard,5108757939327420,F,19.5,3,21.29,63.87,58.5,5.369999999999997
4213,2022-04-13 10:10:00,P0464,6,Visa,4041594947780,F,9.81,3,11.29,33.87,29.43,4.439999999999998
4214,2022-04-13 10:20:00,P0643,3,Mastercard,5108751245766694,F,17.61,1,18.89,18.89,17.61,1.2800000000000011
4215,2022-04-13 11:31:00,P0711,4,Mastercard,5108750437074586,F,9.87,3,11.29,33.87,29.61,4.259999999999998
4216,2022-04-13 15:10:00,P0367,6,Visa,4041591001656,F,11.63,2,12.89,25.78,23.26,2.5199999999999996
4217,2022-04-13 16:43:00,P0095,3,Americanexpress,374283382766319,F,3.42,1,4.59,4.59,3.42,1.17
4218,2022-04-13 16:46:00,P0390,6,Visa,4041594323739909,F,14.31,2,15.19,30.38,28.62,1.759999999999998
4219,2022-04-13 17:47:00,P0421,7,Americanexpress,374283547176164,F,13.89,2,14.89,29.78,27.78,2.0
4220,2022-04-13 21:54:00,P0290,6,Mastercard,5048371768728840,T,18.11,3,19.79,59.37,54.33,5.039999999999999
4221,2022-04-13 23:59:00,P0501,5,Americanexpress,374288719497975,F,0.66,8,1.49,11.92,5.28,6.64
4222,2022-04-14 00:58:00,P0379,5,Visa,4041597009853399,T,6.12,2,7.49,14.98,12.24,2.74
4223,2022-04-14 01:13:00,P0603,7,Mastercard,5048377463224605,F,19.88,2,21.39,42.78,39.76,3.020000000000003
4224,2022-04-14 06:00:00,P0678,3,Americanexpress,374288124444463,F,7.6,2,8.29,16.58,15.2,1.379999999999999
4225,2022-04-14 06:26:00,P0706,8,Americanexpress,374288800557448,F,17.68,1,18.99,18.99,17.68,1.3099999999999987
4226,2022-04-14 07:30:00,P0370,5,Visa,4041596639823145,F,19.51,2,21.29,42.58,39.02,3.559999999999995
4227,2022-04-14 07:42:00,P0566,7,Mastercard,5048374767583224,F,1.77,1,2.09,2.09,1.77,0.31999999999999984
4228,2022-04-14 08:07:00,P0667,7,Visa,4041597755727,F,12.7,1,14.39,14.39,12.7,1.6900000000000013
4229,2022-04-14 10:00:00,P0547,7,Visa,4041597679194561,F,20.0,4,21.49,85.96,80.0,5.959999999999994
4230,2022-04-14 12:15:00,P0412,6,Americanexpress,374288996031828,F,16.11,1,17.89,17.89,16.11,1.7800000000000011
4231,2022-04-14 13:21:00,P0553,6,Mastercard,5048375306349324,F,6.79,1,7.99,7.99,6.79,1.2000000000000002
4232,2022-04-14 15:21:00,P0714,3,Visa,4041595910787,F,0.66,1,1.49,1.49,0.66,0.83
4233,2022-04-14 15:25:00,P0437,6,Unknown,201805968953942,F,0.1,5,1.19,5.949999999999999,0.5,5.449999999999999
4234,2022-04-14 15:58:00,P0603,8,Visa,4041595026718553,F,19.88,2,21.39,42.78,39.76,3.020000000000003
4235,2022-04-14 16:08:00,P0465,3,Visa,4041596064681554,F,9.61,1,11.09,11.09,9.61,1.4800000000000004
4236,2022-04-14 17:19:00,P0131,7,Visa,4041595838095612,F,11.71,1,12.99,12.99,11.71,1.2799999999999994
4237,2022-04-14 18:44:00,P0226,7,Americanexpress,374288870053047,F,8.06,2,8.69,17.38,16.12,1.259999999999998
4238,2022-04-14 20:08:00,P0196,6,Visa,4041597632215990,F,13.84,3,14.89,44.67,41.519999999999996,3.1500000000000057
4239,2022-04-15 01:39:00,P0410,6,Visa,4041598827628542,F,2.95,2,4.09,8.18,5.9,2.2799999999999994
4240,2022-04-15 02:23:00,P0471,5,Mastercard,5108750150581239,F,14.12,1,14.89,14.89,14.12,0.7700000000000014
4241,2022-04-15 03:37:00,P0437,3,Mastercard,5048370825651557,F,0.1,1,1.19,1.19,0.1,1.0899999999999999
4242,2022-04-15 04:11:00,P0714,9,Mastercard,5048370604079087,F,0.66,3,1.49,4.47,1.98,2.4899999999999998
4243,2022-04-15 08:41:00,P0610,4,Visa,4041598016272185,F,5.58,1,6.69,6.69,5.58,1.1100000000000003
4244,2022-04-15 09:51:00,P0150,5,Mastercard,5108751337877573,F,19.07,1,21.09,21.09,19.07,2.0199999999999996
4245,2022-04-15 11:30:00,P0433,7,Americanexpress,374288120358469,T,9.33,1,10.79,10.79,9.33,1.459999999999999
4246,2022-04-15 12:31:00,P0228,6,Visa,4041594742627024,F,0.09,3,1.09,3.2700000000000005,0.27,3.0000000000000004
4247,2022-04-15 12:49:00,P0719,6,Americanexpress,374283032130601,T,5.75,2,6.89,13.78,11.5,2.2799999999999994
4248,2022-04-15 14:24:00,P0250,4,Americanexpress,374288306426965,F,16.08,1,17.89,17.89,16.08,1.8100000000000023
4249,2022-04-15 17:35:00,P0222,5,Visa,4041598983062,F,16.56,1,18.09,18.09,16.56,1.5300000000000011
4250,2022-04-15 19:30:00,P0370,9,Mastercard,5108756776916147,F,19.51,5,21.29,106.44999999999999,97.55000000000001,8.899999999999977
4251,2022-04-15 22:06:00,P0614,4,Mastercard,5048379863682457,T,13.52,5,14.79,73.94999999999999,67.6,6.349999999999994
4252,2022-04-15 23:51:00,P0514,4,Americanexpress,374283298730953,F,18.98,1,20.99,20.99,18.98,2.009999999999998
4253,2022-04-16 01:13:00,P0571,6,Visa,4041591555842369,T,4.35,1,4.99,4.99,4.35,0.6400000000000006
4254,2022-04-16 02:15:00,P0210,5,Unknown,4508019655913928,F,2.78,3,3.89,11.67,8.34,3.33
4255,2022-04-16 03:14:00,P0083,4,Visa,4041591090460552,F,3.42,1,4.59,4.59,3.42,1.17
4256,2022-04-16 04:44:00,P0675,6,Mastercard,5108750008675829,F,12.34,4,13.99,55.96,49.36,6.600000000000001
4257,2022-04-16 04:55:00,P0354,6,Visa,4041591502364,T,15.35,5,17.09,85.45,76.75,8.700000000000003
4258,2022-04-16 06:48:00,P0496,6,Mastercard,5108752971425349,F,13.53,3,14.79,44.37,40.589999999999996,3.780000000000001
4259,2022-04-16 07:39:00,P0411,8,Mastercard,5048374931706578,F,13.46,2,14.79,29.58,26.92,2.6599999999999966
4260,2022-04-16 09:13:00,P0517,7,Visa,4041590721411,F,5.11,2,5.79,11.58,10.22,1.3599999999999994
4261,2022-04-16 09:45:00,P0403,4,Unknown,3555001289610363,F,18.82,3,20.79,62.37,56.46,5.909999999999997
4262,2022-04-16 13:47:00,P0264,5,Visa,4041599550217,F,4.11,1,4.89,4.89,4.11,0.7799999999999994
4263,2022-04-16 18:31:00,P0174,5,Mastercard,5108759898799417,T,2.25,1,2.99,2.99,2.25,0.7400000000000002
4264,2022-04-17 02:02:00,P0637,2,Visa,4041595419029,F,15.32,1,17.09,17.09,15.32,1.7699999999999996
4265,2022-04-17 02:57:00,P0099,5,Mastercard,5048374139405999,F,5.98,4,7.29,29.16,23.92,5.239999999999998
4266,2022-04-17 03:46:00,P0314,1,Mastercard,5108757930452631,F,14.84,1,16.29,16.29,14.84,1.4499999999999993
4267,2022-04-17 05:10:00,P0389,6,Americanexpress,374283635245228,T,5.95,1,7.19,7.19,5.95,1.2400000000000002
4268,2022-04-17 08:03:00,P0529,7,Visa,4041590686184,F,17.59,4,18.79,75.16,70.36,4.799999999999997
4269,2022-04-17 11:11:00,P0567,6,Mastercard,5048379300956639,F,1.46,3,1.69,5.07,4.38,0.6900000000000004
4270,2022-04-17 11:37:00,P0218,5,Unknown,3554137013115724,F,8.4,1,9.39,9.39,8.4,0.9900000000000002
4271,2022-04-17 13:34:00,P0658,5,Mastercard,5108754110841964,F,2.92,4,4.09,16.36,11.68,4.68
4272,2022-04-17 14:25:00,P0408,5,Visa,4041597919350890,F,8.24,2,9.09,18.18,16.48,1.6999999999999993
4273,2022-04-17 16:30:00,P0075,8,Unknown,3536566166952454,F,3.87,1,4.89,4.89,3.87,1.0199999999999996
4274,2022-04-17 16:50:00,P0031,7,Visa,4041591867403,F,3.05,1,4.29,4.29,3.05,1.2400000000000002
4275,2022-04-17 19:27:00,P0688,4,Mastercard,5108756946024863,F,0.81,3,1.59,4.7700000000000005,2.43,2.3400000000000003
4276,2022-04-17 19:42:00,P0013,8,Visa,4041598198596,F,8.36,4,9.29,37.16,33.44,3.719999999999999
4277,2022-04-17 22:51:00,P0347,9,Unknown,670660090426796050,F,5.37,1,6.29,6.29,5.37,0.9199999999999999
4278,2022-04-17 23:07:00,P0555,9,Americanexpress,374283829985241,F,19.13,2,21.09,42.18,38.26,3.9200000000000017
4279,2022-04-18 03:20:00,P0414,9,Visa,4041597224069243,F,10.22,2,11.49,22.98,20.44,2.539999999999999
4280,2022-04-18 04:04:00,P0286,9,Americanexpress,374288638327675,F,10.87,4,11.59,46.36,43.48,2.8800000000000026
4281,2022-04-18 04:17:00,P0412,4,Visa,4041593786570850,F,16.11,4,17.89,71.56,64.44,7.1200000000000045
4282,2022-04-18 06:57:00,P0065,3,Visa,4041598023604,F,15.39,2,17.19,34.38,30.78,3.6000000000000014
4283,2022-04-18 08:19:00,P0355,5,Americanexpress,374288259430758,F,6.54,1,7.89,7.89,6.54,1.3499999999999996
4284,2022-04-18 08:37:00,P0300,8,Visa,4041598944638259,F,7.58,2,8.29,16.58,15.16,1.4199999999999982
4285,2022-04-18 13:56:00,P0447,6,Mastercard,5108751244147508,F,13.43,1,14.79,14.79,13.43,1.3599999999999994
4286,2022-04-18 17:51:00,P0358,5,Americanexpress,374283222657280,T,8.86,1,10.19,10.19,8.86,1.33
4287,2022-04-18 18:05:00,P0546,6,Mastercard,5048379265265042,F,3.2,1,4.39,4.39,3.2,1.1899999999999995
4288,2022-04-18 18:38:00,P0203,5,Visa,4041593837671533,F,4.78,3,5.09,15.27,14.34,0.9299999999999997
4289,2022-04-18 19:37:00,P0671,7,Americanexpress,374288217016830,F,19.14,4,21.09,84.36,76.56,7.799999999999997
4290,2022-04-18 21:58:00,P0218,4,Americanexpress,374283342578846,F,8.4,2,9.39,18.78,16.8,1.9800000000000004
4291,2022-04-18 22:57:00,P0576,5,Visa,4041593779917225,F,4.25,1,4.99,4.99,4.25,0.7400000000000002
4292,2022-04-18 23:29:00,P0520,6,Mastercard,5048373023483153,F,18.18,1,19.89,19.89,18.18,1.7100000000000009
4293,2022-04-19 04:21:00,P0381,11,Americanexpress,374283755492014,F,5.05,2,5.69,11.38,10.1,1.2800000000000011
4294,2022-04-19 04:50:00,P0259,5,Mastercard,5048378442039668,F,5.21,2,5.99,11.98,10.42,1.5600000000000005
4295,2022-04-19 05:58:00,P0352,5,Americanexpress,374283929839660,F,2.04,1,2.59,2.59,2.04,0.5499999999999998
4296,2022-04-19 06:29:00,P0287,6,Mastercard,5108759632781457,F,13.95,3,14.89,44.67,41.849999999999994,2.8200000000000074
4297,2022-04-19 11:20:00,P0525,3,Mastercard,5048374555437930,F,13.86,3,14.89,44.67,41.58,3.0900000000000034
4298,2022-04-19 13:47:00,P0267,4,Visa,4041598076520093,F,13.36,1,14.79,14.79,13.36,1.4299999999999997
4299,2022-04-19 15:26:00,P0421,5,Visa,4041599799799790,F,13.89,1,14.89,14.89,13.89,1.0
4300,2022-04-19 20:27:00,P0186,3,Americanexpress,374283719667479,F,11.46,1,12.49,12.49,11.46,1.0299999999999994
4301,2022-04-19 21:36:00,P0477,6,Visa,4041592005102,F,2.19,3,2.89,8.67,6.57,2.0999999999999996
4302,2022-04-19 22:16:00,P0006,5,Mastercard,5048378030393964,F,13.55,2,14.79,29.58,27.1,2.479999999999997
4303,2022-04-20 00:26:00,P0395,6,Mastercard,5108750531661536,F,2.55,3,3.59,10.77,7.6499999999999995,3.12
4304,2022-04-20 03:10:00,P0383,7,Mastercard,5048372766272989,F,12.53,1,14.19,14.19,12.53,1.6600000000000001
4305,2022-04-20 08:11:00,P0137,4,Americanexpress,374288092157444,F,1.91,2,2.39,4.78,3.82,0.9600000000000004
4306,2022-04-20 09:21:00,P0317,7,Mastercard,5048375194318498,F,16.83,1,18.19,18.19,16.83,1.360000000000003
4307,2022-04-20 12:46:00,P0641,8,Mastercard,5108751934524206,F,13.58,1,14.79,14.79,13.58,1.209999999999999
4308,2022-04-20 13:31:00,P0016,4,Americanexpress,374288915201189,T,8.09,1,8.79,8.79,8.09,0.6999999999999993
4309,2022-04-20 16:39:00,P0057,7,Americanexpress,374288100411148,F,17.28,3,18.19,54.57000000000001,51.84,2.730000000000004
4310,2022-04-20 17:39:00,P0084,4,Americanexpress,374283163564644,F,9.69,2,11.19,22.38,19.38,3.0
4311,2022-04-20 21:37:00,P0423,6,Mastercard,5048376562778768,F,14.04,2,14.89,29.78,28.08,1.7000000000000028
4312,2022-04-20 22:46:00,P0604,6,Mastercard,5108759336169629,T,1.36,1,1.69,1.69,1.36,0.32999999999999985
4313,2022-04-21 20:54:00,P0704,3,Mastercard,5048374182171282,F,13.67,3,14.89,44.67,41.01,3.6600000000000037
4314,2022-04-21 22:17:00,P0270,5,Mastercard,5108758377146470,F,6.97,2,8.09,16.18,13.94,2.24
4315,2022-04-21 22:31:00,P0334,2,Americanexpress,374288129016217,F,5.53,2,6.59,13.18,11.06,2.119999999999999
4316,2022-04-22 01:05:00,P0467,7,Mastercard,5108753643594470,F,4.66,3,4.99,14.97,13.98,0.9900000000000002
4317,2022-04-22 01:44:00,P0411,8,Americanexpress,374283500083670,F,13.46,1,14.79,14.79,13.46,1.3299999999999983
4318,2022-04-22 05:17:00,P0294,8,Visa,4041598118240338,F,12.38,2,13.99,27.98,24.76,3.219999999999999
4319,2022-04-22 06:54:00,P0203,8,Mastercard,5108751107785758,F,4.78,5,5.09,25.45,23.900000000000002,1.5499999999999972
4320,2022-04-22 07:25:00,P0410,4,Mastercard,5048371993351673,F,2.95,2,4.09,8.18,5.9,2.2799999999999994
4321,2022-04-22 07:40:00,P0264,6,Mastercard,5048378530148058,F,4.11,3,4.89,14.669999999999998,12.330000000000002,2.3399999999999963
4322,2022-04-22 09:44:00,P0190,0,Visa,4041593916281,F,18.93,2,20.89,41.78,37.86,3.9200000000000017
4323,2022-04-22 11:29:00,P0523,7,Visa,4041591008677,F,11.74,1,13.09,13.09,11.74,1.3499999999999996
4324,2022-04-22 19:22:00,P0185,5,Mastercard,5108751386712317,T,12.05,2,13.59,27.18,24.1,3.0799999999999983
4325,2022-04-22 22:36:00,P0470,7,Mastercard,5048377235418931,F,18.14,3,19.89,59.67,54.42,5.25
4326,2022-04-22 23:50:00,P0388,8,Mastercard,5108759189911440,T,17.9,1,19.39,19.39,17.9,1.490000000000002
4327,2022-04-23 00:53:00,P0253,7,Americanexpress,374283885375113,T,3.09,3,4.29,12.870000000000001,9.27,3.6000000000000014
4328,2022-04-23 00:57:00,P0574,3,Mastercard,5108759059469917,F,9.21,3,10.69,32.07,27.630000000000003,4.439999999999998
4329,2022-04-23 01:42:00,P0317,9,Mastercard,5108755758432016,F,16.83,2,18.19,36.38,33.66,2.720000000000006
4330,2022-04-23 05:13:00,P0548,6,Visa,4041598074957271,F,12.25,1,13.89,13.89,12.25,1.6400000000000006
4331,2022-04-23 06:00:00,P0289,5,Americanexpress,374283743364424,F,12.12,1,13.69,13.69,12.12,1.5700000000000003
4332,2022-04-23 09:39:00,P0739,4,Americanexpress,374288881262454,F,10.65,4,11.59,46.36,42.6,3.759999999999998
4333,2022-04-23 10:21:00,P0344,10,Americanexpress,374288897183116,F,9.86,3,11.29,33.87,29.58,4.289999999999999
4334,2022-04-23 12:33:00,P0335,8,Visa,4041599746120,F,17.17,1,18.19,18.19,17.17,1.0199999999999996
4335,2022-04-23 13:46:00,P0346,3,Americanexpress,374288076740538,F,12.21,1,13.79,13.79,12.21,1.5799999999999983
4336,2022-04-23 17:17:00,P0560,4,Americanexpress,374288068440592,F,1.4,2,1.69,3.38,2.8,0.5800000000000001
4337,2022-04-23 17:21:00,P0453,4,Americanexpress,374283565161155,T,12.82,1,14.49,14.49,12.82,1.67
4338,2022-04-23 17:29:00,P0181,6,Visa,4041590323358,F,1.62,3,1.79,5.37,4.86,0.5099999999999998
4339,2022-04-23 23:56:00,P0387,6,Americanexpress,374283260732466,F,4.99,2,5.59,11.18,9.98,1.1999999999999993
4340,2022-04-24 04:11:00,P0284,7,Visa,4041596415240,F,1.03,2,1.59,3.18,2.06,1.12
4341,2022-04-24 07:06:00,P0549,9,Americanexpress,374288560520982,F,16.85,1,18.19,18.19,16.85,1.3399999999999999
4342,2022-04-24 07:31:00,P0595,3,Americanexpress,374288810597020,F,17.58,1,18.79,18.79,17.58,1.2100000000000009
4343,2022-04-24 09:15:00,P0469,3,Americanexpress,374283125905166,F,0.92,3,1.59,4.7700000000000005,2.7600000000000002,2.0100000000000002
4344,2022-04-24 11:54:00,P0132,8,Americanexpress,374288625387484,F,14.45,1,15.49,15.49,14.45,1.040000000000001
4345,2022-04-24 17:40:00,P0295,7,Americanexpress,374283593652787,F,1.43,1,1.69,1.69,1.43,0.26
4346,2022-04-24 19:04:00,P0482,8,Americanexpress,374288263091497,F,2.75,4,3.89,15.56,11.0,4.5600000000000005
4347,2022-04-24 20:44:00,P0407,6,Mastercard,5108752076731583,F,12.35,3,13.99,41.97,37.05,4.920000000000002
4348,2022-04-24 20:55:00,P0374,9,Americanexpress,374283008674368,F,6.65,3,7.99,23.97,19.950000000000003,4.019999999999996
4349,2022-04-25 00:00:00,P0215,10,Americanexpress,374283700614357,F,0.81,4,1.59,6.36,3.24,3.12
4350,2022-04-25 02:00:00,P0382,7,Visa,4041591536909,F,14.22,1,15.09,15.09,14.22,0.8699999999999992
4351,2022-04-25 03:18:00,P0333,5,Mastercard,5108750513020693,F,16.61,4,18.09,72.36,66.44,5.920000000000002
4352,2022-04-25 06:32:00,P0417,9,Visa,4041592086453031,T,16.73,4,18.09,72.36,66.92,5.439999999999998
4353,2022-04-25 12:53:00,P0335,6,Americanexpress,374283897472155,F,17.17,4,18.19,72.76,68.68,4.079999999999998
4354,2022-04-25 13:26:00,P0658,9,Americanexpress,374283965022593,F,2.92,1,4.09,4.09,2.92,1.17
4355,2022-04-25 13:36:00,P0467,4,Americanexpress,374283508994779,F,4.66,1,4.99,4.99,4.66,0.33000000000000007
4356,2022-04-25 13:59:00,P0633,7,Americanexpress,374288625511125,F,10.04,2,11.39,22.78,20.08,2.700000000000003
4357,2022-04-25 20:28:00,P0347,6,Visa,4041594280422,F,5.37,1,6.29,6.29,5.37,0.9199999999999999
4358,2022-04-25 20:48:00,P0388,6,Mastercard,5108755440950714,F,17.9,1,19.39,19.39,17.9,1.490000000000002
4359,2022-04-25 21:54:00,P0216,8,Visa,4041598895951,T,13.96,2,14.89,29.78,27.92,1.8599999999999994
4360,2022-04-25 22:05:00,P0316,5,Americanexpress,374283218375111,F,1.81,2,2.19,4.38,3.62,0.7599999999999998
4361,2022-04-25 22:09:00,P0585,7,Visa,4041592920811014,F,3.81,1,4.79,4.79,3.81,0.98
4362,2022-04-25 22:47:00,P0531,4,Unknown,3575742544973999,F,3.2,1,4.39,4.39,3.2,1.1899999999999995
4363,2022-04-25 23:01:00,P0512,6,Visa,4041596460105,F,15.55,1,17.39,17.39,15.55,1.8399999999999999
4364,2022-04-25 23:28:00,P0211,8,Visa,4041590445895736,F,17.54,1,18.69,18.69,17.54,1.1500000000000021
4365,2022-04-26 02:51:00,P0647,9,Visa,4041594611662763,F,8.91,2,10.29,20.58,17.82,2.759999999999998
4366,2022-04-26 06:37:00,P0548,7,Visa,4041593499742,F,12.25,5,13.89,69.45,61.25,8.200000000000003
4367,2022-04-26 14:39:00,P0158,7,Americanexpress,374288331968320,F,3.02,3,4.19,12.57,9.06,3.51
4368,2022-04-26 17:46:00,P0518,7,Mastercard,5108752269650236,F,16.41,1,17.99,17.99,16.41,1.5799999999999983
4369,2022-04-26 18:07:00,P0147,8,Visa,4041590389501324,F,18.0,1,19.59,19.59,18.0,1.5899999999999999
4370,2022-04-26 19:00:00,P0477,9,Visa,4041596408096,F,2.19,1,2.89,2.89,2.19,0.7000000000000002
4371,2022-04-27 03:16:00,P0574,3,Mastercard,5108754160177244,F,9.21,1,10.69,10.69,9.21,1.4799999999999986
4372,2022-04-27 05:15:00,P0094,9,Mastercard,5048379534842183,F,13.35,2,14.79,29.58,26.7,2.879999999999999
4373,2022-04-27 10:09:00,P0421,5,Mastercard,5048372030520221,F,13.89,2,14.89,29.78,27.78,2.0
4374,2022-04-27 12:06:00,P0344,7,Visa,4041593225329,F,9.86,2,11.29,22.58,19.72,2.8599999999999994
4375,2022-04-27 13:08:00,P0046,5,Visa,4041595847435,F,18.59,2,20.49,40.98,37.18,3.799999999999997
4376,2022-04-27 16:24:00,P0337,7,Americanexpress,374288397481259,F,19.24,4,21.19,84.76,76.96,7.800000000000011
4377,2022-04-27 19:52:00,P0489,5,Mastercard,5108757433684342,F,8.46,2,9.49,18.98,16.92,2.0599999999999987
4378,2022-04-27 23:19:00,P0420,5,Mastercard,5048371870955026,F,18.06,3,19.69,59.07000000000001,54.17999999999999,4.890000000000015
4379,2022-04-28 01:24:00,P0647,6,Americanexpress,374288390178886,F,8.91,1,10.29,10.29,8.91,1.379999999999999
4380,2022-04-28 01:27:00,P0400,6,Visa,4041592721633724,F,6.39,3,7.69,23.07,19.169999999999998,3.900000000000002
4381,2022-04-28 02:13:00,P0481,7,Visa,4041598300523,F,17.2,1,18.19,18.19,17.2,0.990000000000002
4382,2022-04-28 07:29:00,P0405,2,Americanexpress,374283974454290,T,18.2,2,19.99,39.98,36.4,3.5799999999999983
4383,2022-04-28 07:58:00,P0075,6,Visa,4041594035718258,F,3.87,2,4.89,9.78,7.74,2.039999999999999
4384,2022-04-28 08:56:00,P0164,9,Mastercard,5048379017268302,F,18.98,1,20.99,20.99,18.98,2.009999999999998
4385,2022-04-28 09:09:00,P0278,6,Americanexpress,374288680741310,F,13.24,1,14.69,14.69,13.24,1.4499999999999993
4386,2022-04-28 09:13:00,P0242,2,Americanexpress,374283228189528,T,1.6,2,1.79,3.58,3.2,0.3799999999999999
4387,2022-04-28 09:26:00,P0462,8,Visa,4041597433085,F,14.63,3,15.89,47.67,43.89,3.780000000000001
4388,2022-04-28 10:40:00,P0321,4,Visa,4041592149355,F,17.35,1,18.29,18.29,17.35,0.9399999999999977
4389,2022-04-28 13:10:00,P0233,7,Mastercard,5108755075670959,F,5.72,1,6.89,6.89,5.72,1.17
4390,2022-04-28 13:48:00,P0561,7,Visa,4041599686819636,F,18.52,1,20.39,20.39,18.52,1.870000000000001
4391,2022-04-28 15:50:00,P0327,6,Visa,4041594996508656,F,7.13,5,8.19,40.949999999999996,35.65,5.299999999999997
4392,2022-04-28 17:01:00,P0104,7,Mastercard,5048372310138645,F,14.48,1,15.59,15.59,14.48,1.1099999999999994
4393,2022-04-28 21:33:00,P0394,5,Americanexpress,374288800892217,F,8.44,1,9.49,9.49,8.44,1.0500000000000007
4394,2022-04-29 01:25:00,P0663,5,Americanexpress,374288561653667,F,11.12,1,11.79,11.79,11.12,0.6699999999999999
4395,2022-04-29 03:52:00,P0310,7,Mastercard,5108753997565456,F,14.48,3,15.59,46.769999999999996,43.44,3.3299999999999983
4396,2022-04-29 06:11:00,P0481,4,Mastercard,5108750466153533,F,17.2,3,18.19,54.57000000000001,51.599999999999994,2.970000000000013
4397,2022-04-29 07:54:00,P0482,8,Americanexpress,374288802044288,F,2.75,3,3.89,11.67,8.25,3.42
4398,2022-04-29 09:49:00,P0169,6,Mastercard,5108751359416458,F,6.79,1,7.99,7.99,6.79,1.2000000000000002
4399,2022-04-29 19:09:00,P0324,5,Visa,4041596999797,F,4.58,5,4.99,24.950000000000003,22.9,2.0500000000000043
4400,2022-04-29 21:32:00,P0291,6,Mastercard,5048376498144010,F,14.13,2,14.89,29.78,28.26,1.5199999999999996
4401,2022-04-30 02:57:00,P0440,5,Mastercard,5108759368627833,F,8.88,4,10.19,40.76,35.52,5.239999999999995
4402,2022-04-30 07:09:00,P0457,7,Mastercard,5048372511545069,T,2.02,3,2.59,7.77,6.0600000000000005,1.709999999999999
4403,2022-04-30 07:41:00,P0634,6,Mastercard,5108754038629715,F,16.47,1,18.09,18.09,16.47,1.620000000000001
4404,2022-04-30 10:07:00,P0058,6,Americanexpress,374283545685596,F,11.38,3,12.39,37.17,34.14,3.030000000000001
4405,2022-04-30 10:41:00,P0258,7,Mastercard,5048379195342085,F,16.65,2,18.09,36.18,33.3,2.8800000000000026
4406,2022-04-30 10:51:00,P0177,7,Mastercard,5048372418802613,T,7.63,4,8.29,33.16,30.52,2.639999999999997
4407,2022-04-30 11:53:00,P0652,7,Americanexpress,374283445863012,F,0.87,3,1.59,4.7700000000000005,2.61,2.1600000000000006
4408,2022-04-30 13:47:00,P0450,5,Mastercard,5108756920609333,F,3.76,1,4.79,4.79,3.76,1.0300000000000002
4409,2022-04-30 17:31:00,P0029,8,Americanexpress,374283672575719,T,5.05,1,5.69,5.69,5.05,0.6400000000000006
4410,2022-04-30 22:31:00,P0438,3,Visa,4041594534471730,F,5.21,2,5.99,11.98,10.42,1.5600000000000005
